date,DXY Return (%),US10Y Percent Change,DXY Ret. Chg. ,US10Y Ret. Chg. ,Return 
04/01/2000,0.77,0.85,0,0,0
11/01/2000,1.05,1.98,0.36,1.33,0.85
18/01/2000,0.15,1.63,-0.86,-0.18,-0.52
25/01/2000,2.87,0.63,18.13,-0.61,8.76
01/02/2000,-0.47,-1.10,-1.16,-2.73,-1.95
08/02/2000,0.08,-1.44,-1.17,0.31,-0.43
15/02/2000,-0.13,0.40,-2.63,-1.27,-1.95
22/02/2000,0.66,-1.49,-6.08,-4.77,-5.43
29/02/2000,0.85,-1.65,0.29,0.11,0.20
07/03/2000,-0.62,0.13,-1.73,-1.08,-1.40
14/03/2000,-0.33,-0.63,-0.47,-5.99,-3.23
21/03/2000,0.29,-2.30,-1.88,2.67,0.40
28/03/2000,0.09,-0.87,-0.69,-0.62,-0.66
04/04/2000,0.13,-2.01,0.44,1.32,0.88
11/04/2000,0.43,-2.62,2.31,0.30,1.30
18/04/2000,1.08,1.50,1.51,-1.57,-0.03
25/04/2000,2.19,1.11,1.03,-0.26,0.38
02/05/2000,1.66,3.52,-0.24,2.18,0.97
09/05/2000,-0.8,4.04,-1.48,0.15,-0.67
16/05/2000,0.45,-0.49,-1.56,-1.12,-1.34
23/05/2000,-1.75,0.40,-4.89,-1.82,-3.35
30/05/2000,-1.52,-1.47,-0.13,-4.66,-2.39
06/06/2000,-0.46,-3.32,-0.70,1.26,0.28
13/06/2000,-0.6,-1.00,0.30,-0.70,-0.20
20/06/2000,1.67,-1.50,-3.78,0.50,-1.64
27/06/2000,-0.97,1.66,-1.58,-2.10,-1.84
04/07/2000,-0.05,-1.32,-0.95,-1.80,-1.37
11/07/2000,1.58,-0.25,-32.60,-0.81,-16.71
18/07/2000,-0.01,1.26,-1.01,-6.08,-3.54
25/07/2000,0.81,-0.88,-82.00,-1.70,-41.85
01/08/2000,1.12,-0.40,0.38,-0.55,-0.08
08/08/2000,0.25,-1.33,-0.78,2.35,0.78
15/08/2000,0.34,-2.66,0.36,1.00,0.68
22/08/2000,0,0.14,-1.00,-1.05,-1.03
29/08/2000,-0.04,-0.72,0.00,-6.24,-3.12
05/09/2000,3.55,-0.50,-89.75,-0.32,-45.03
12/09/2000,0.55,0.43,-0.85,-1.86,-1.35
19/09/2000,-1.67,1.22,-4.04,1.84,-1.10
26/09/2000,-0.24,0.62,-0.86,-0.49,-0.67
03/10/2000,0.9,-0.48,-4.75,-1.77,-3.26
10/10/2000,1.38,0.30,0.53,-1.63,-0.55
17/10/2000,0.99,-2.01,-0.28,-7.69,-3.99
24/10/2000,-0.25,-1.64,-1.25,-0.18,-0.72
31/10/2000,-1.33,1.45,4.32,-1.89,1.22
07/11/2000,0.01,1.61,-1.01,0.11,-0.45
14/11/2000,1.43,-0.03,142.00,-1.02,70.49
21/11/2000,-0.21,-2.00,-1.15,57.03,27.94
28/11/2000,-2.89,-1.26,12.76,-0.37,6.20
05/12/2000,0.51,-2.10,-1.18,0.66,-0.26
12/12/2000,-1.07,-2.87,-3.10,0.37,-1.37
19/12/2000,-1.99,-2.40,0.86,-0.17,0.35
26/12/2000,-1.14,-3.33,-0.43,0.39,-0.02
02/01/2001,-0.64,0.55,-0.44,-1.16,-0.80
09/01/2001,1.02,-1.30,-2.59,-3.39,-2.99
16/01/2001,0.25,3.57,-0.75,-3.74,-2.25
23/01/2001,1.39,0.53,4.56,-0.85,1.85
30/01/2001,-1.68,1.61,-2.21,2.04,-0.09
06/02/2001,1.18,-2.30,-1.70,-2.43,-2.07
13/02/2001,0.66,-1.97,-0.44,-0.14,-0.29
20/02/2001,0.76,1.28,0.15,-1.65,-0.75
27/02/2001,-1.09,-1.07,-2.43,-1.84,-2.13
06/03/2001,0.42,-2.72,-1.39,1.54,0.08
13/03/2001,2.85,-0.32,5.79,-0.88,2.45
20/03/2001,0.01,-2.44,-1.00,6.52,2.76
27/03/2001,1.85,0.50,184.00,-1.20,91.40
03/04/2001,-1.82,2.69,-1.98,4.39,1.20
10/04/2001,0.84,0.12,-1.46,-0.96,-1.21
17/04/2001,-1.21,4.61,-2.44,37.12,17.34
24/04/2001,0.94,0.56,-1.78,-0.88,-1.33
01/05/2001,-0.46,1.34,-1.49,1.40,-0.04
08/05/2001,1.58,-1.06,-4.43,-1.79,-3.11
15/05/2001,-0.53,3.02,-1.34,-3.85,-2.59
22/05/2001,1.42,0.74,-3.68,-0.75,-2.22
29/05/2001,0.85,1.13,-0.40,0.53,0.06
05/06/2001,0.72,-1.77,-0.15,-2.57,-1.36
12/06/2001,-1.41,-1.59,-2.96,-0.10,-1.53
19/06/2001,-0.03,-0.87,-0.98,-0.46,-0.72
26/06/2001,1.14,-1.29,-39.00,0.49,-19.25
03/07/2001,0.18,3.12,-0.84,-3.41,-2.13
10/07/2001,-0.49,0.43,-3.72,-0.86,-2.29
17/07/2001,-1.22,-2.40,1.49,-6.58,-2.55
24/07/2001,-0.55,-2.36,-0.55,-0.02,-0.28
31/07/2001,-0.67,0.16,0.22,-1.07,-0.42
07/08/2001,-1.21,0.66,0.81,3.24,2.02
14/08/2001,-1.4,-3.52,0.16,-6.32,-3.08
21/08/2001,-0.01,-1.56,-0.99,-0.56,-0.77
28/08/2001,0.25,-0.20,-26.00,-0.87,-13.43
04/09/2001,0.79,-1.05,2.16,4.16,3.16
11/09/2001,-2.23,0.31,-3.82,-1.29,-2.56
18/09/2001,0.74,-4.67,-1.33,-16.12,-8.73
25/09/2001,0.14,1.68,-0.81,-1.36,-1.09
02/10/2001,-0.36,-2.88,-3.57,-2.71,-3.14
09/10/2001,1.09,-0.86,-4.03,-0.70,-2.36
16/10/2001,1.7,2.10,0.56,-3.44,-1.44
23/10/2001,-1.13,-0.43,-1.66,-1.21,-1.43
30/10/2001,0.09,-1.95,-1.08,3.52,1.22
06/11/2001,0.7,-4.95,6.78,1.54,4.16
13/11/2001,1.38,0.43,0.97,-1.09,-0.06
20/11/2001,0.15,10.68,-0.89,23.84,11.47
27/11/2001,-0.98,4.78,-7.53,-0.55,-4.04
04/12/2001,0.26,-4.24,-1.27,-1.89,-1.58
11/12/2001,-1.14,6.08,-5.38,-2.43,-3.91
18/12/2001,2.62,1.37,-3.30,-0.77,-2.04
25/12/2001,-1.01,-0.91,-1.39,-1.66,-1.52
01/01/2002,-0.36,0.54,-0.64,-1.59,-1.12
08/01/2002,0.27,0.07,-1.75,-0.87,-1.31
15/01/2002,0.87,-3.58,2.22,-53.54,-25.66
22/01/2002,2.02,-0.44,1.32,-0.88,0.22
29/01/2002,-0.95,2.67,-1.47,-7.03,-4.25
05/02/2002,-0.39,-1.54,-0.59,-1.58,-1.08
12/02/2002,0.27,-1.36,-1.69,-0.11,-0.90
19/02/2002,0.31,-0.02,0.15,-0.99,-0.42
26/02/2002,-0.27,-0.95,-1.87,46.01,22.07
05/03/2002,-0.91,1.44,2.37,-2.50,-0.07
12/03/2002,-0.2,6.14,-0.78,3.28,1.25
19/03/2002,0.51,1.60,-3.55,-0.74,-2.14
26/03/2002,-0.28,1.01,-1.55,-0.37,-0.96
02/04/2002,0.37,0.05,-2.32,-0.95,-1.64
09/04/2002,-0.47,-2.57,-2.27,-56.38,-29.32
16/04/2002,-1.03,-1.07,1.19,-0.59,0.30
23/04/2002,-1.32,0.23,0.28,-1.22,-0.47
30/04/2002,-1.07,-2.00,-0.19,-9.65,-4.92
07/05/2002,0.43,-0.20,-1.40,-0.90,-1.15
14/05/2002,-1.17,2.59,-3.72,-14.23,-8.97
21/05/2002,0.16,0.00,-1.14,-1.00,-1.07
28/05/2002,-1.5,-1.44,-10.38,0.00,-5.19
04/06/2002,-0.18,-1.60,-0.88,0.11,-0.39
11/06/2002,-0.23,-0.16,0.28,-0.90,-0.31
18/06/2002,-2.38,-3.12,9.35,18.78,14.06
25/06/2002,-1.57,-1.51,-0.34,-0.52,-0.43
02/07/2002,-0.2,-0.33,-0.87,-0.78,-0.83
09/07/2002,-1.53,0.23,6.65,-1.69,2.48
16/07/2002,0.08,-3.17,-1.05,-14.88,-7.96
23/07/2002,2.24,-1.71,27.00,-0.46,13.27
30/07/2002,0.16,-1.48,-0.93,-0.14,-0.53
06/08/2002,0.13,-2.65,-0.19,0.79,0.30
13/08/2002,0.1,-3.00,-0.23,0.13,-0.05
20/08/2002,0.32,-1.64,2.20,-0.45,0.87
27/08/2002,-0.82,1.19,-3.56,-1.73,-2.64
03/09/2002,0.11,-2.99,-1.13,-3.51,-2.32
10/09/2002,1.06,-3.18,8.64,0.06,4.35
17/09/2002,-0.35,-1.15,-1.33,-0.64,-0.98
24/09/2002,-0.92,-4.61,1.63,3.00,2.32
01/10/2002,0.64,-1.22,-1.70,-0.74,-1.22
08/10/2002,-0.37,-1.13,-1.58,-0.08,-0.83
15/10/2002,1.01,3.25,-3.73,-3.88,-3.80
22/10/2002,-0.99,9.91,-1.98,2.05,0.04
29/10/2002,-0.97,-1.25,-0.02,-1.13,-0.57
05/11/2002,-1.46,-2.47,0.51,0.99,0.75
12/11/2002,0.6,-2.61,-1.41,0.06,-0.68
19/11/2002,1.27,1.81,1.12,-1.69,-0.29
26/11/2002,-0.18,3.71,-1.14,1.05,-0.05
03/12/2002,-1.04,2.44,4.78,-0.34,2.22
10/12/2002,-1.12,-3.09,0.08,-2.27,-1.09
17/12/2002,-0.4,-0.73,-0.64,-0.76,-0.70
24/12/2002,-1.57,-2.21,2.93,2.02,2.47
31/12/2002,-0.04,-3.30,-0.97,0.49,-0.24
07/01/2003,-0.49,5.45,11.25,-2.65,4.30
14/01/2003,-0.91,1.42,0.86,-0.74,0.06
21/01/2003,-1.28,-1.33,0.41,-1.94,-0.77
28/01/2003,0.64,-2.34,-1.50,0.75,-0.37
04/02/2003,0.37,0.91,-0.42,-1.39,-0.90
11/02/2003,-0.23,-0.55,-1.62,-1.61,-1.61
18/02/2003,-0.38,-1.42,0.65,1.58,1.12
25/02/2003,-0.56,-1.72,0.47,0.21,0.34
04/03/2003,-1.26,-3.73,1.25,1.17,1.21
11/03/2003,2.95,-2.48,-3.34,-0.34,-1.84
18/03/2003,0.24,3.70,-0.92,-2.49,-1.71
25/03/2003,-1.9,6.71,-8.92,0.81,-4.05
01/04/2003,2,-2.74,-2.05,-1.41,-1.73
08/04/2003,-1.07,1.59,-1.54,-1.58,-1.56
15/04/2003,-0.37,0.45,-0.65,-0.71,-0.68
22/04/2003,-0.92,0.19,1.49,-0.59,0.45
29/04/2003,-2.33,-0.99,1.53,-6.26,-2.36
06/05/2003,-1.89,-1.37,-0.19,0.38,0.10
13/05/2003,-0.81,-5.60,-0.57,3.09,1.26
20/05/2003,-0.78,-5.55,-0.04,-0.01,-0.02
27/05/2003,0.31,-2.94,-1.40,-0.47,-0.93
03/06/2003,-0.04,0.42,-1.13,-1.14,-1.14
10/06/2003,-0.96,-2.48,23.00,-6.98,8.01
17/06/2003,1.82,-3.21,-2.90,0.29,-1.30
24/06/2003,0.69,4.76,-0.62,-2.48,-1.55
01/07/2003,0.82,5.26,0.19,0.11,0.15
08/07/2003,0.59,4.49,-0.28,-0.15,-0.21
15/07/2003,0.04,2.01,-0.93,-0.55,-0.74
22/07/2003,-1.09,8.20,-28.25,3.08,-12.58
29/07/2003,1.18,4.73,-2.08,-0.42,-1.25
05/08/2003,-0.32,3.86,-1.27,-0.18,-0.73
12/08/2003,1.54,-2.04,-5.81,-1.53,-3.67
19/08/2003,1.52,4.21,-0.01,-3.06,-1.54
26/08/2003,-0.84,-0.27,-1.55,-1.06,-1.31
02/09/2003,-0.86,0.16,0.02,-1.58,-0.78
09/09/2003,-1.21,-1.22,0.41,-8.85,-4.22
16/09/2003,-2.22,-3.51,0.83,1.87,1.35
23/09/2003,-0.82,-1.91,-0.63,-0.46,-0.54
30/09/2003,-0.72,-3.28,-0.12,0.72,0.30
07/10/2003,-0.56,1.33,-0.22,-1.40,-0.81
14/10/2003,0.59,4.47,-2.05,2.37,0.16
21/10/2003,-0.89,2.49,-2.51,-0.44,-1.48
28/10/2003,2.24,-3.17,-3.52,-2.27,-2.89
04/11/2003,-0.65,1.54,-1.29,-1.49,-1.39
11/11/2003,-1.63,2.39,1.51,0.55,1.03
18/11/2003,0.07,-4.22,-1.04,-2.77,-1.90
25/11/2003,-1.35,-1.60,-20.29,-0.62,-10.45
02/12/2003,-1.77,3.54,0.31,-3.22,-1.45
09/12/2003,-0.33,-0.38,-0.81,-1.11,-0.96
16/12/2003,-0.53,-1.29,0.61,2.41,1.51
23/12/2003,-0.73,-1.83,0.38,0.41,0.39
30/12/2003,-1.47,0.79,1.01,-1.43,-0.21
06/01/2004,-0.6,2.66,-0.59,2.38,0.90
13/01/2004,2.47,-4.05,-5.12,-2.52,-3.82
20/01/2004,-0.47,-3.17,-1.19,-0.22,-0.70
27/01/2004,0.32,1.24,-1.68,-1.39,-1.54
03/02/2004,-1.75,2.50,-6.47,1.02,-2.73
10/02/2004,-0.62,-1.05,-0.65,-1.42,-1.03
17/02/2004,1.84,-1.82,-3.97,0.73,-1.62
24/02/2004,0.55,-0.11,-0.70,-0.94,-0.82
02/03/2004,0.55,-0.89,0.00,7.01,3.50
09/03/2004,0.92,-3.18,0.67,2.59,1.63
16/03/2004,-1.13,-3.75,-2.23,0.18,-1.03
23/03/2004,0.93,0.00,-1.82,-1.00,-1.41
30/03/2004,0.67,2.19,-0.28,0.00,-0.14
06/04/2004,-0.3,6.27,-1.45,1.86,0.21
13/04/2004,0.96,4.42,-4.20,-0.29,-2.25
20/04/2004,0.91,3.58,-0.05,-0.19,-0.12
27/04/2004,0.15,0.95,-0.84,-0.73,-0.78
04/05/2004,0.88,2.03,4.87,1.12,2.99
11/05/2004,-0.61,4.23,-1.69,1.09,-0.30
18/05/2004,-0.57,1.18,-0.07,-0.72,-0.39
25/05/2004,-1.69,-0.67,1.96,-1.56,0.20
01/06/2004,-0.79,-1.89,-0.53,1.83,0.65
08/06/2004,1.92,2.10,-3.43,-2.11,-2.77
15/06/2004,-0.72,0.94,-1.38,-0.56,-0.97
22/06/2004,-0.64,-1.76,-0.11,-2.88,-1.50
29/06/2004,-0.55,-0.42,-0.14,-0.76,-0.45
06/07/2004,-0.95,-3.36,0.73,6.93,3.83
13/07/2004,-0.24,-1.15,-0.75,-0.66,-0.70
20/07/2004,2.12,-0.94,-9.83,-0.18,-5.01
27/07/2004,0.81,1.39,-0.62,-2.49,-1.55
03/08/2004,-1.52,0.44,-2.88,-0.68,-1.78
10/08/2004,-0.49,-4.06,-0.68,-10.16,-5.42
17/08/2004,1.25,-2.12,-3.55,-0.48,-2.01
24/08/2004,0.71,-0.05,-0.43,-0.98,-0.70
31/08/2004,-0.18,-1.04,-1.25,21.01,9.88
07/09/2004,-1.09,0.39,5.06,-1.38,1.84
14/09/2004,0.5,-1.01,-1.46,-3.57,-2.51
21/09/2004,-0.79,-1.82,-2.58,0.81,-0.89
28/09/2004,0.1,-2.10,-1.13,0.15,-0.49
05/10/2004,-0.95,3.63,-10.50,-2.73,-6.62
12/10/2004,-0.59,0.62,-0.38,-0.83,-0.60
19/10/2004,-2.36,-2.96,3.00,-5.74,-1.37
26/10/2004,0.27,-1.52,-1.11,-0.48,-0.80
02/11/2004,-1.3,2.20,-5.81,-2.44,-4.13
09/11/2004,-0.11,1.86,-0.92,-0.15,-0.54
16/11/2004,-0.96,1.13,7.73,-0.39,3.67
23/11/2004,-1.51,-1.16,0.57,-2.03,-0.73
30/11/2004,-0.79,2.86,-0.48,-3.46,-1.97
07/12/2004,1.01,0.44,-2.28,-0.84,-1.56
14/12/2004,-0.52,-3.39,-1.51,-8.65,-5.08
21/12/2004,-1.16,0.43,1.23,-1.13,0.05
28/12/2004,0.72,2.07,-1.62,3.78,1.08
04/01/2005,2.45,0.22,2.40,-0.89,0.76
11/01/2005,-0.28,0.28,-1.11,0.26,-0.43
18/01/2005,0.22,-1.44,-1.79,-6.11,-3.95
25/01/2005,0.43,-1.15,0.95,-0.20,0.38
01/02/2005,1.72,0.05,3.00,-1.04,0.98
08/02/2005,-1.27,-1.63,-1.74,-34.98,-18.36
15/02/2005,-0.49,-0.93,-0.61,-0.43,-0.52
22/02/2005,-1.24,3.87,1.53,-5.18,-1.83
01/03/2005,0.34,2.05,-1.27,-0.47,-0.87
08/03/2005,-0.99,0.97,-3.91,-0.52,-2.22
15/03/2005,1.11,3.86,-2.12,2.96,0.42
22/03/2005,2.1,0.18,0.89,-0.95,-0.03
29/03/2005,0.19,1.78,-0.91,9.05,4.07
05/04/2005,-0.73,-2.57,-4.84,-2.45,-3.64
12/04/2005,-0.19,-0.93,-0.74,-0.64,-0.69
19/04/2005,-0.21,-3.41,0.11,2.65,1.38
26/04/2005,0.8,-0.74,-4.81,-0.78,-2.80
03/05/2005,0.18,-1.27,-0.78,0.70,-0.04
10/05/2005,1.75,0.57,8.72,-1.45,3.64
17/05/2005,0.33,-2.03,-0.81,-4.56,-2.69
24/05/2005,0.02,-1.64,-0.94,-0.19,-0.57
31/05/2005,1.37,-0.59,67.50,-0.64,33.43
07/06/2005,1.54,-3.15,0.12,4.36,2.24
14/06/2005,-0.52,2.75,-1.34,-1.87,-1.60
21/06/2005,-0.05,1.34,-0.90,-0.51,-0.71
28/06/2005,2.24,-3.76,-45.80,-3.81,-24.81
05/07/2005,-1.07,2.16,-1.48,-1.57,-1.53
12/07/2005,0.2,1.86,-1.19,-0.14,-0.66
19/07/2005,-0.04,2.24,-1.20,0.20,-0.50
26/07/2005,-0.89,1.00,21.25,-0.55,10.35
02/08/2005,-0.99,1.13,0.11,0.13,0.12
09/08/2005,-0.68,2.06,-0.31,0.81,0.25
16/08/2005,0.94,-1.78,-2.38,-1.87,-2.13
23/08/2005,0.12,-1.58,-0.87,-0.11,-0.49
30/08/2005,-2.21,-0.90,-19.42,-0.43,-9.92
06/09/2005,1.63,-3.49,-1.74,2.88,0.57
13/09/2005,0.83,2.77,-0.49,-1.79,-1.14
20/09/2005,0.76,1.93,-0.08,-0.30,-0.19
27/09/2005,1.14,0.33,0.50,-0.83,-0.16
04/10/2005,-0.74,2.03,-1.65,5.12,1.74
11/10/2005,0.38,0.82,-1.51,-0.60,-1.05
18/10/2005,0.35,2.58,-0.08,2.14,1.03
25/10/2005,-0.04,-0.40,-1.11,-1.16,-1.14
01/11/2005,1.35,2.64,-34.75,-7.58,-21.17
08/11/2005,0.92,1.05,-0.32,-0.60,-0.46
15/11/2005,-0.11,-0.82,-1.12,-1.78,-1.45
22/11/2005,-1.14,-2.66,9.36,2.24,5.80
29/11/2005,0.55,-0.46,-1.48,-0.83,-1.15
06/12/2005,-1.24,1.59,-3.25,-4.45,-3.85
13/12/2005,-0.53,0.18,-0.57,-0.89,-0.73
20/12/2005,1.08,-1.50,-3.04,-9.48,-6.26
27/12/2005,0.36,-1.02,-0.67,-0.32,-0.49
03/01/2006,-2.11,-0.79,-6.86,-0.22,-3.54
10/01/2006,-0.4,0.10,-0.81,-1.13,-0.97
17/01/2006,-1.06,0.30,1.65,1.89,1.77
24/01/2006,1.67,-0.57,-2.58,-2.92,-2.75
31/01/2006,0.97,3.48,-0.42,-7.11,-3.77
07/02/2006,0.28,0.84,-0.71,-0.76,-0.73
14/02/2006,0.11,0.39,-0.61,-0.53,-0.57
21/02/2006,-0.01,-0.01,-1.09,-1.03,-1.06
28/02/2006,-0.82,-0.34,81.00,30.01,55.50
07/03/2006,0.72,2.54,-1.88,-8.51,-5.19
14/03/2006,-1.56,1.37,-3.17,-0.46,-1.81
21/03/2006,1.05,-1.18,-1.67,-1.86,-1.77
28/03/2006,-0.49,0.68,-1.47,-1.58,-1.52
04/04/2006,0.1,2.92,-1.20,3.28,1.04
11/04/2006,-1.2,1.36,-13.00,-0.54,-6.77
18/04/2006,-1.34,1.74,0.12,0.28,0.20
25/04/2006,-1.69,0.45,0.26,-0.74,-0.24
02/05/2006,-0.86,1.55,-0.49,2.45,0.98
09/05/2006,-0.81,0.55,-0.06,-0.65,-0.35
16/05/2006,-0.22,0.12,-0.73,-0.79,-0.76
23/05/2006,1.08,-1.21,-5.91,-11.32,-8.62
30/05/2006,-1.31,-0.34,-2.21,-0.71,-1.46
06/06/2006,2.03,-0.21,-2.55,-0.40,-1.47
13/06/2006,0.54,-1.19,-0.73,4.73,2.00
20/06/2006,0.21,2.44,-0.61,-3.06,-1.83
27/06/2006,-1.51,1.88,-8.19,-0.23,-4.21
04/07/2006,0.38,-0.34,-1.25,-1.18,-1.22
11/07/2006,1.71,-0.66,3.50,0.98,2.24
18/07/2006,-0.71,-1.32,-1.42,0.98,-0.22
25/07/2006,-1.2,-0.75,0.69,-0.43,0.13
01/08/2006,-0.64,-0.67,-0.47,-0.10,-0.28
08/08/2006,1.05,-1.59,-2.64,1.37,-0.64
15/08/2006,-1.18,0.24,-2.12,-1.15,-1.64
22/08/2006,0.71,-2.14,-1.60,-9.81,-5.71
29/08/2006,-0.34,-0.87,-1.48,-0.60,-1.04
05/09/2006,1.15,-1.03,-4.38,0.19,-2.10
12/09/2006,-0.13,0.83,-1.11,-1.81,-1.46
19/09/2006,-0.61,-0.21,3.69,-1.25,1.22
26/09/2006,0.35,-3.26,-1.57,14.63,6.53
03/10/2006,1.09,-0.09,2.11,-0.97,0.57
10/10/2006,0.55,0.77,-0.50,-9.88,-5.19
17/10/2006,-0.33,2.84,-1.60,2.70,0.55
24/10/2006,-1.29,0.25,2.91,-0.91,1.00
31/10/2006,0.19,-2.21,-1.15,-9.81,-5.48
07/11/2006,-0.45,-0.94,-3.37,-0.58,-1.97
14/11/2006,0.07,-0.99,-1.16,0.06,-0.55
21/11/2006,-2.24,0.13,-33.00,-1.13,-17.07
28/11/2006,-1.22,-1.51,-0.46,-12.57,-6.51
05/12/2006,0.76,-1.86,-1.62,0.23,-0.69
12/12/2006,1.03,1.12,0.36,-1.60,-0.62
19/12/2006,-0.05,1.95,-1.05,0.74,-0.15
26/12/2006,-0.26,0.03,4.20,-0.98,1.61
02/01/2007,1.05,1.96,-5.04,58.98,26.97
09/01/2007,0.51,-0.76,-0.51,-1.39,-0.95
16/01/2007,-0.01,1.84,-1.02,-3.43,-2.22
23/01/2007,0.09,0.85,-10.00,-0.53,-5.27
30/01/2007,-0.02,1.88,-1.22,1.20,-0.01
06/02/2007,0.08,-1.07,-5.00,-1.57,-3.28
13/02/2007,-1.24,-0.83,-16.50,-0.22,-8.36
20/02/2007,-0.19,-1.54,-0.85,0.85,0.00
27/02/2007,0.26,-1.20,-2.37,-0.22,-1.29
06/03/2007,-0.34,-2.37,-2.31,0.97,-0.67
13/03/2007,-0.56,-0.09,0.65,-0.96,-0.16
20/03/2007,-0.37,0.44,-0.34,-6.00,-3.17
27/03/2007,-0.25,0.92,-0.32,1.09,0.38
03/04/2007,0.28,1.13,-2.12,0.23,-0.95
10/04/2007,-1.24,1.51,-5.43,0.33,-2.55
17/04/2007,-0.4,0.38,-0.68,-0.75,-0.71
24/04/2007,-0.35,-1.52,-0.13,-4.98,-2.55
01/05/2007,0.28,0.09,-1.80,-1.06,-1.43
08/05/2007,0.48,-0.34,0.71,-5.00,-2.14
15/05/2007,0.35,0.60,-0.27,-2.76,-1.51
22/05/2007,-0.04,2.18,-1.11,2.62,0.75
29/05/2007,-0.33,1.78,7.25,-0.18,3.53
05/06/2007,0.79,1.29,-3.39,-0.27,-1.83
12/06/2007,0,3.90,-1.00,2.01,0.50
19/06/2007,-0.47,0.90,0.00,-0.77,-0.38
26/06/2007,-1.13,-0.77,1.40,-1.86,-0.23
03/07/2007,0.05,-1.33,-1.04,0.71,-0.17
10/07/2007,-1.12,1.52,-23.40,-2.15,-12.77
17/07/2007,-0.21,-0.84,-0.81,-1.55,-1.18
24/07/2007,0.62,-2.08,-3.95,1.49,-1.23
31/07/2007,-0.74,-3.29,-2.19,0.58,-0.81
07/08/2007,1,-1.58,-2.35,-0.52,-1.44
14/08/2007,0.43,0.93,-0.57,-1.59,-1.08
21/08/2007,-0.81,-3.09,-2.88,-4.33,-3.61
28/08/2007,0.06,-0.86,-1.07,-0.72,-0.90
04/09/2007,-1.2,-1.24,-21.00,0.44,-10.28
11/09/2007,-0.13,-2.84,-0.89,1.29,0.20
18/09/2007,-1.49,1.22,10.46,-1.43,4.52
25/09/2007,-0.8,3.45,-0.46,1.82,0.68
02/10/2007,0.99,-0.95,-2.24,-1.28,-1.76
09/10/2007,-0.74,0.49,-1.75,-1.52,-1.63
16/10/2007,-0.04,1.51,-0.95,2.07,0.56
23/10/2007,-1.56,-4.41,38.00,-3.92,17.04
30/10/2007,-0.53,-1.79,-0.66,-0.59,-0.63
06/11/2007,-0.69,-0.23,0.30,-0.87,-0.29
13/11/2007,-0.16,-2.25,-0.77,8.87,4.05
20/11/2007,-1.21,-3.07,6.56,0.37,3.46
27/11/2007,1.43,-4.79,-2.18,0.56,-0.81
04/12/2007,0.17,-0.09,-0.88,-0.98,-0.93
11/12/2007,1.76,2.38,9.35,-27.88,-9.26
18/12/2007,0.22,3.07,-0.88,0.29,-0.29
25/12/2007,-1.12,-0.83,-6.09,-1.27,-3.68
01/01/2008,-0.69,0.91,-0.38,-2.10,-1.24
08/01/2008,-0.74,-6.75,0.07,-8.43,-4.18
15/01/2008,1.67,-1.75,-3.26,-0.74,-2.00
22/01/2008,-1.68,-4.48,-2.01,1.56,-0.22
29/01/2008,-0.28,-0.69,-0.83,-0.85,-0.84
05/02/2008,1.61,1.44,-6.75,-3.09,-4.92
12/02/2008,-0.63,-0.49,-1.39,-1.34,-1.37
19/02/2008,-0.75,4.00,0.19,-9.15,-4.48
26/02/2008,-2.42,1.47,2.23,-0.63,0.80
04/03/2008,-0.96,-5.29,-0.60,-4.59,-2.60
11/03/2008,-2.1,-1.75,1.19,-0.67,0.26
18/03/2008,2.09,-3.51,-2.00,1.00,-0.50
25/03/2008,-1.58,-0.42,-1.76,-0.88,-1.32
01/04/2008,0.56,1.87,-1.35,-5.47,-3.41
08/04/2008,-0.44,1.71,-1.79,-0.09,-0.94
15/04/2008,-0.32,-1.12,-0.27,-1.66,-0.96
22/04/2008,1.59,6.06,-5.97,-6.41,-6.19
29/04/2008,0.55,2.83,-0.65,-0.53,-0.59
06/05/2008,-0.33,-0.05,-1.60,-1.02,-1.31
13/05/2008,0.12,-0.73,-1.36,13.01,5.82
20/05/2008,-1.57,0.52,-14.08,-1.72,-7.90
27/05/2008,1.45,0.92,-1.92,0.77,-0.58
03/06/2008,-0.11,3.52,-1.08,2.81,0.87
10/06/2008,1.04,0.20,-10.45,-0.94,-5.70
17/06/2008,-0.24,4.82,-1.23,23.20,10.99
24/06/2008,-1.32,-1.19,4.50,-1.25,1.63
01/07/2008,0.29,-3.12,-1.22,1.63,0.21
08/07/2008,-1.03,-1.88,-4.55,-0.40,-2.47
15/07/2008,0.1,-1.97,-1.10,0.05,-0.53
22/07/2008,0.92,5.00,8.20,-3.54,2.33
29/07/2008,1.11,0.44,0.21,-0.91,-0.35
05/08/2008,3.63,-2.05,2.27,-5.65,-1.69
12/08/2008,1.3,-1.15,-0.64,-0.44,-0.54
19/08/2008,-0.43,-2.52,-1.33,1.20,-0.07
26/08/2008,1.11,-1.24,-3.58,-0.51,-2.04
02/09/2008,2.51,-0.88,1.26,-0.29,0.48
09/09/2008,-0.85,-3.29,-1.34,2.75,0.71
16/09/2008,-3.5,-1.69,3.12,-0.49,1.32
23/09/2008,1.73,2.39,-1.49,-2.41,-1.95
30/09/2008,5.43,3.15,2.14,0.32,1.23
07/10/2008,0.24,-5.00,-0.96,-2.59,-1.77
14/10/2008,1.49,7.61,5.21,-2.52,1.34
21/10/2008,4.61,1.38,2.09,-0.82,0.64
28/10/2008,-0.67,-4.88,-1.15,-4.54,-2.84
04/11/2008,-0.51,5.29,-0.24,-2.08,-1.16
11/11/2008,1.05,-4.05,-3.06,-1.77,-2.41
18/11/2008,-0.84,-2.08,-1.80,-0.49,-1.14
25/11/2008,0.74,-12.85,-1.88,5.19,1.66
02/12/2008,-1.34,-12.33,-2.81,-0.04,-1.43
09/12/2008,-3.85,-5.80,1.87,-0.53,0.67
16/12/2008,-1.43,-3.75,-0.63,-0.35,-0.49
23/12/2008,-0.51,-16.21,-0.64,3.32,1.34
30/12/2008,2.43,0.00,-5.76,-1.00,-3.38
06/01/2009,0.46,12.91,-0.81,0.00,-0.41
13/01/2009,2.05,-0.39,3.46,-1.03,1.21
20/01/2009,0.01,-4.57,-1.00,10.68,4.84
27/01/2009,1.58,13.72,157.00,-4.00,76.50
03/02/2009,-1.49,7.47,-1.94,-0.46,-1.20
10/02/2009,2.21,5.82,-2.48,-0.22,-1.35
17/02/2009,0.67,-7.34,-0.70,-2.26,-1.48
24/02/2009,1.95,0.90,1.91,-1.12,0.39
03/03/2009,0.08,6.02,-0.96,5.66,2.35
10/03/2009,-2.31,-1.62,-29.88,-1.27,-15.57
17/03/2009,-4.05,1.17,0.75,-1.72,-0.48
24/03/2009,2.92,-10.80,-1.72,-10.24,-5.98
31/03/2009,-1.51,5.03,-1.52,-1.47,-1.49
07/04/2009,0.08,3.26,-1.05,-0.35,-0.70
14/04/2009,2.36,0.95,28.50,-0.71,13.90
21/04/2009,-1.08,0.73,-1.46,-0.23,-0.84
28/04/2009,-2.02,3.38,0.87,3.63,2.25
05/05/2009,-1.54,6.08,-0.24,0.80,0.28
12/05/2009,-0.01,1.39,-0.99,-0.77,-0.88
19/05/2009,-3.28,-1.74,327.00,-2.26,162.37
26/05/2009,-0.99,6.59,-0.70,-4.79,-2.74
02/06/2009,2.2,7.99,-3.22,0.21,-1.50
09/06/2009,0.28,3.73,-0.87,-0.53,-0.70
16/06/2009,-0.44,1.11,-2.57,-0.70,-1.64
23/06/2009,-1.16,-2.09,1.64,-2.88,-0.62
30/06/2009,0.76,-4.65,-1.66,1.22,-0.22
07/07/2009,-0.4,-1.50,-1.53,-0.68,-1.10
14/07/2009,-1.52,-3.37,2.80,1.25,2.02
21/07/2009,-0.35,6.07,-0.77,-2.80,-1.78
28/07/2009,-1.26,2.61,2.60,-0.57,1.02
04/08/2009,2.09,-1.25,-2.66,-1.48,-2.07
11/08/2009,0.04,4.11,-0.98,-4.30,-2.64
18/08/2009,-1.29,-6.00,-33.25,-2.46,-17.85
25/08/2009,-0.13,-2.75,-0.90,-0.54,-0.72
01/09/2009,-0.19,-1.21,0.46,-0.56,-0.05
08/09/2009,-1.69,-1.31,7.89,0.08,3.99
15/09/2009,0.1,0.86,-1.06,-1.65,-1.36
22/09/2009,0.35,1.58,2.50,0.85,1.67
29/09/2009,-0.53,-3.11,-2.51,-2.97,-2.74
06/10/2009,-0.67,-3.15,0.26,0.01,0.14
13/10/2009,-0.81,1.57,0.21,-1.50,-0.64
20/10/2009,0.73,3.66,-1.90,1.34,-0.28
27/10/2009,0.3,1.87,-0.59,-0.49,-0.54
03/11/2009,-1.65,-0.69,-6.50,-1.37,-3.93
10/11/2009,-0.16,2.14,-0.90,-4.10,-2.50
17/11/2009,0.24,-4.38,-2.50,-3.05,-2.78
24/11/2009,-0.28,-0.97,-2.17,-0.78,-1.47
01/12/2009,1.19,-3.19,-5.25,2.27,-1.49
08/12/2009,0.77,4.96,-0.35,-2.55,-1.45
15/12/2009,2.21,3.64,1.87,-0.27,0.80
22/12/2009,-0.53,2.61,-1.24,-0.28,-0.76
29/12/2009,-0.13,5.33,-0.75,1.04,0.14
05/01/2010,-0.68,0.07,4.23,-0.99,1.62
12/01/2010,0.42,0.17,-1.62,1.60,-0.01
19/01/2010,1.13,-2.00,1.69,-12.75,-5.53
26/01/2010,1.34,-2.71,0.19,0.35,0.27
02/02/2010,1.34,0.49,0.00,-1.18,-0.59
09/02/2010,0.02,-0.49,-0.99,-2.00,-1.49
16/02/2010,0.24,1.48,11.00,-4.01,3.49
23/02/2010,0.19,1.62,-0.21,0.09,-0.06
02/03/2010,-0.29,-3.30,-2.53,-3.03,-2.78
09/03/2010,-0.22,0.99,-0.24,-1.30,-0.77
16/03/2010,0.5,0.98,-3.27,-0.01,-1.64
23/03/2010,0.88,-0.81,0.76,-1.83,-0.53
30/03/2010,-0.33,5.33,-1.38,-7.59,-4.48
06/04/2010,-0.65,1.60,0.97,-0.70,0.14
13/04/2010,0.55,-1.37,-1.85,-1.86,-1.85
20/04/2010,0.59,-1.18,0.07,-0.14,-0.03
27/04/2010,0.97,-1.20,0.64,0.01,0.33
04/05/2010,2.3,-1.85,1.37,0.54,0.96
11/05/2010,2.44,-5.54,0.06,2.00,1.03
18/05/2010,0,-0.97,-1.00,-0.83,-0.91
25/05/2010,0.44,-6.78,0.00,6.01,3.00
01/06/2010,2.09,1.34,3.75,-1.20,1.28
08/06/2010,-2.14,-0.90,-2.02,-1.67,-1.85
15/06/2010,-0.67,0.49,-0.69,-1.55,-1.12
22/06/2010,-0.33,-1.28,-0.51,-3.61,-2.06
29/06/2010,-1.21,-4.64,2.67,2.62,2.64
06/07/2010,-0.48,-3.63,-0.60,-0.22,-0.41
13/07/2010,-2.01,3.30,3.19,-1.91,0.64
20/07/2010,-0.51,-2.22,-0.75,-1.67,-1.21
27/07/2010,-1.4,-0.07,1.75,-0.97,0.39
03/08/2010,-0.28,-0.40,-0.80,5.00,2.10
10/08/2010,2.25,-3.35,-9.04,7.37,-0.83
17/08/2010,0.71,-7.42,-0.68,1.21,0.26
24/08/2010,0.05,-3.14,-0.93,-0.58,-0.75
31/08/2010,-1.35,-1.78,-28.00,-0.43,-14.22
07/09/2010,-0.16,3.66,-0.88,-3.06,-1.97
14/09/2010,-0.7,3.68,3.38,0.01,1.69
21/09/2010,-2.46,-0.51,2.51,-1.14,0.69
28/09/2010,-1.12,-6.11,-0.54,10.92,5.19
05/10/2010,-1.29,-1.33,0.15,-0.78,-0.32
12/10/2010,-0.66,-3.99,-0.49,2.00,0.75
19/10/2010,0.22,4.16,-1.33,-2.04,-1.69
26/10/2010,0.26,2.70,0.18,-0.35,-0.08
02/11/2010,-0.35,3.33,-2.35,0.23,-1.06
09/11/2010,1.93,-1.95,-6.51,-1.59,-4.05
16/11/2010,0.2,6.68,-0.90,-4.43,-2.66
23/11/2010,2.75,1.90,12.75,-0.72,6.02
30/11/2010,-1.57,0.51,-1.57,-0.73,-1.15
07/12/2010,-0.36,5.57,-0.77,9.94,4.59
14/12/2010,1.7,9.79,-5.72,0.76,-2.48
21/12/2010,-0.32,2.71,-1.19,-0.72,-0.96
28/12/2010,-1.54,-0.01,3.81,-1.01,1.40
04/01/2011,2.21,-1.69,-2.44,114.03,55.80
11/01/2011,-1.9,1.31,-1.86,-1.78,-1.82
18/01/2011,-1.63,-0.71,-0.14,-1.54,-0.84
25/01/2011,-0.4,1.25,-0.75,-2.76,-1.76
01/02/2011,0.37,0.41,-1.93,-0.67,-1.30
08/02/2011,0.74,6.30,1.00,14.37,7.68
15/02/2011,-1.17,0.05,-2.58,-0.99,-1.79
22/02/2011,-1.03,-2.24,-0.12,-41.73,-20.93
01/03/2011,-0.51,-3.44,-0.50,0.54,0.02
08/03/2011,-0.2,2.33,-0.61,-1.68,-1.14
15/03/2011,-1.24,-3.75,5.20,-2.61,1.29
22/03/2011,0.97,-3.01,-1.78,-0.20,-0.99
29/03/2011,-0.29,4.75,-1.30,-2.58,-1.94
05/04/2011,-1.12,0.81,2.86,-0.83,1.02
12/04/2011,0.59,2.82,-1.53,2.47,0.47
19/04/2011,-2,-3.48,-4.39,-2.23,-3.31
26/04/2011,-1.41,-1.42,-0.30,-0.59,-0.44
03/05/2011,2.45,-1.97,-2.74,0.39,-1.18
10/05/2011,0.98,-3.73,-0.60,0.89,0.14
17/05/2011,0.83,-1.00,-0.15,-0.73,-0.44
24/05/2011,-1.5,-0.69,-2.81,-0.31,-1.56
31/05/2011,-1.35,-2.22,-0.10,2.20,1.05
07/06/2011,0.76,-2.53,-1.56,0.14,-0.71
14/06/2011,0.7,0.53,-0.08,-1.21,-0.64
21/06/2011,0.48,-1.86,-0.31,-4.48,-2.40
28/06/2011,-1.47,0.07,-4.06,-1.04,-2.55
05/07/2011,2.3,7.12,-2.56,104.43,50.93
12/07/2011,-0.67,-4.38,-1.29,-1.61,-1.45
19/07/2011,-1.88,-3.23,1.81,-0.26,0.77
26/07/2011,0.27,2.11,-1.14,-1.65,-1.40
02/08/2011,0.71,-5.07,1.63,-3.40,-0.89
09/08/2011,-1.27,-13.69,-2.79,1.70,-0.54
16/08/2011,0.31,-8.30,-1.24,-0.39,-0.82
23/08/2011,-0.47,-6.21,-2.52,-0.25,-1.38
30/08/2011,1.99,5.77,-5.23,-1.93,-3.58
06/09/2011,3.17,-6.31,0.59,-2.09,-0.75
13/09/2011,-0.23,-5.30,-1.07,-0.16,-0.62
20/09/2011,1.25,2.02,-6.43,-1.38,-3.91
27/09/2011,1.39,-7.61,0.11,-4.77,-2.33
04/10/2011,-2.33,2.14,-2.68,-1.28,-1.98
11/10/2011,-0.59,7.46,-0.75,2.49,0.87
18/10/2011,-1.45,7.77,1.46,0.04,0.75
25/10/2011,0.2,-0.54,-1.14,-1.07,-1.10
01/11/2011,1.04,1.55,4.20,-3.85,0.18
08/11/2011,0.78,-7.61,-0.25,-5.92,-3.09
15/11/2011,0.95,-1.41,0.22,-0.82,-0.30
22/11/2011,1.26,-2.80,0.33,0.99,0.66
29/11/2011,-0.86,-1.04,-1.68,-0.63,-1.16
06/12/2011,1.22,5.85,-2.42,-6.64,-4.53
13/12/2011,0.85,-2.80,-0.30,-1.48,-0.89
20/12/2011,-0.3,-6.06,-1.35,1.16,-0.09
27/12/2011,0.2,5.71,-1.67,-1.94,-1.80
03/01/2012,1.1,-3.75,4.50,-1.66,1.42
10/01/2012,0.47,3.69,-0.57,-1.98,-1.28
17/01/2012,-2.14,-4.43,-5.55,-2.20,-3.88
24/01/2012,-0.67,6.42,-0.69,-2.45,-1.57
31/01/2012,-0.09,-5.42,-0.87,-1.84,-1.35
07/02/2012,-0.19,0.31,1.11,-1.06,0.03
14/02/2012,0.49,3.01,-3.58,8.64,2.53
21/02/2012,-0.97,0.55,-2.98,-0.82,-1.90
28/02/2012,0.97,-1.35,-2.00,-3.44,-2.72
06/03/2012,0.69,1.22,-0.29,-1.90,-1.09
13/03/2012,-0.53,2.71,-1.77,1.22,-0.27
20/03/2012,-0.65,13.98,0.23,4.16,2.19
27/03/2012,-0.14,-3.00,-0.78,-1.21,-1.00
03/04/2012,1.15,-1.50,-9.21,-0.50,-4.86
10/04/2012,-0.23,-5.03,-1.20,2.34,0.57
17/04/2012,-0.16,-3.78,-0.30,-0.25,-0.28
24/04/2012,-0.79,-2.46,3.94,-0.35,1.79
01/05/2012,1.03,-0.50,-2.30,-0.79,-1.55
08/05/2012,1.26,-2.53,0.22,4.03,2.12
15/05/2012,0.6,-5.09,-0.52,1.01,0.24
22/05/2012,1.63,-4.70,1.72,-0.08,0.82
29/05/2012,0.18,0.32,-0.89,-1.07,-0.98
05/06/2012,-0.05,-10.84,-1.28,-35.35,-18.31
12/06/2012,-0.69,5.78,12.80,-1.53,5.63
19/06/2012,0.63,-1.94,-1.91,-1.34,-1.62
26/06/2012,-0.72,2.23,-2.14,-2.15,-2.15
03/07/2012,1.58,-0.97,-3.19,-1.43,-2.31
10/07/2012,-0.08,-4.49,-1.05,3.64,1.29
17/07/2012,0.75,-2.85,-10.38,-0.37,-5.37
24/07/2012,-1.1,-1.71,-2.47,-0.40,-1.43
31/07/2012,-0.63,0.54,-0.43,-1.31,-0.87
07/08/2012,0.21,5.60,-1.33,9.44,4.06
14/08/2012,0.02,6.06,-0.90,0.08,-0.41
21/08/2012,-0.97,7.86,-49.50,0.30,-24.60
28/08/2012,-0.5,-7.73,-0.48,-1.98,-1.23
04/09/2012,-1.1,-3.56,1.20,-0.54,0.33
11/09/2012,-1.68,3.32,0.53,-1.93,-0.70
18/09/2012,0.65,8.88,-1.39,1.68,0.15
25/09/2012,0.38,-2.98,-0.42,-1.34,-0.88
02/10/2012,-0.35,-6.48,-1.92,1.18,-0.37
09/10/2012,0.25,3.74,-1.71,-1.58,-1.65
16/10/2012,-0.11,0.26,-1.44,-0.93,-1.18
23/10/2012,0.53,6.31,-5.82,22.94,8.56
30/10/2012,0.85,-1.37,0.60,-1.22,-0.31
06/11/2012,0.36,-2.84,-0.58,1.07,0.25
13/11/2012,-0.21,-6.82,-1.58,1.40,-0.09
20/11/2012,-0.77,-1.29,2.67,-0.81,0.93
27/11/2012,-0.46,4.27,-0.40,-4.30,-2.35
04/12/2012,0.56,-2.90,-2.22,-1.68,-1.95
11/12/2012,-0.95,0.00,-2.70,-1.00,-1.85
18/12/2012,0.09,8.37,-1.09,0.00,-0.55
25/12/2012,0.16,2.13,0.78,-0.75,0.02
01/01/2013,0.61,-2.36,2.81,-2.11,0.35
08/01/2013,-0.96,8.49,-2.57,-4.59,-3.58
15/01/2013,0.7,-0.95,-1.73,-1.11,-1.42
22/01/2013,-0.34,-1.11,-1.49,0.18,-0.65
29/01/2013,-0.29,4.56,-0.15,-5.09,-2.62
05/02/2013,0.96,3.90,-4.31,-0.14,-2.23
12/02/2013,0.34,-1.38,-0.65,-1.35,-1.00
19/02/2013,1.35,1.23,2.97,-1.89,0.54
26/02/2013,0.67,-3.68,-0.50,-4.00,-2.25
05/03/2013,0.43,-3.08,-0.36,-0.16,-0.26
12/03/2013,0.15,7.10,-0.65,-3.30,-1.98
19/03/2013,0.22,-1.38,0.47,-1.20,-0.36
26/03/2013,-0.17,-2.81,-1.77,1.03,-0.37
02/04/2013,0.02,-3.51,-1.12,0.25,-0.43
09/04/2013,-0.4,-5.13,-21.00,0.46,-10.27
16/04/2013,0.32,0.11,-1.80,-1.02,-1.41
23/04/2013,-0.64,-2.70,-3.00,-24.97,-13.99
30/04/2013,0.21,-0.81,-1.33,-0.70,-1.01
07/05/2013,1.14,1.75,4.43,-3.16,0.63
14/05/2013,0.66,7.80,-0.42,3.46,1.52
21/05/2013,-0.13,2.87,-1.20,-0.63,-0.91
28/05/2013,-1.22,6.13,8.38,1.13,4.76
04/06/2013,-1.25,4.17,0.02,-0.32,-0.15
11/06/2013,-1.32,0.75,0.06,-0.82,-0.38
18/06/2013,2.31,1.86,-2.75,1.48,-0.63
25/06/2013,0.67,13.31,-0.71,6.17,2.73
02/07/2013,1.47,0.88,1.19,-0.93,0.13
09/07/2013,-1.38,5.16,-1.94,4.83,1.45
16/07/2013,-0.99,-1.19,-0.28,-1.23,-0.76
23/07/2013,-0.68,-3.22,-0.31,1.70,0.69
30/07/2013,0.27,3.41,-1.40,-2.06,-1.73
06/08/2013,-0.67,2.07,-3.48,-0.39,-1.94
13/08/2013,-0.12,-1.73,-0.82,-1.83,-1.33
20/08/2013,0.17,7.19,-2.42,-5.16,-3.79
27/08/2013,0.88,0.57,4.18,-0.92,1.63
03/09/2013,-0.37,-0.98,-1.42,-2.71,-2.06
10/09/2013,-0.66,5.14,0.78,-6.27,-2.74
17/09/2013,-0.98,-1.29,0.48,-1.25,-0.38
24/09/2013,-0.29,-6.21,-0.70,3.80,1.55
01/10/2013,-0.35,-2.65,0.21,-0.57,-0.18
08/10/2013,0.4,-0.08,-2.14,-0.97,-1.56
15/10/2013,-0.72,2.50,-2.80,-34.02,-18.41
22/10/2013,-0.54,-3.54,-0.25,-2.42,-1.33
29/10/2013,1.64,-3.29,-4.04,-0.07,-2.05
05/11/2013,0.67,3.56,-0.59,-2.08,-1.34
12/11/2013,-0.32,3.80,-1.48,0.07,-0.71
19/11/2013,0.11,-0.42,-1.34,-1.11,-1.23
26/11/2013,-0.01,1.92,-1.09,-5.54,-3.32
03/12/2013,-0.96,0.53,95.00,-0.73,47.14
10/12/2013,-0.07,2.94,-0.93,4.59,1.83
17/12/2013,0.47,0.70,-7.71,-0.76,-4.24
24/12/2013,-0.56,1.95,-2.19,1.78,-0.21
31/12/2013,0.81,2.82,-2.45,0.45,-1.00
07/01/2014,-0.17,-0.83,-1.21,-1.29,-1.25
14/01/2014,0.93,-2.39,-6.47,1.88,-2.29
21/01/2014,-0.94,-1.83,-2.01,-0.23,-1.12
28/01/2014,0.63,-2.46,-1.67,0.34,-0.66
04/02/2014,-0.42,-4.51,-1.67,0.83,-0.42
11/02/2014,-0.67,1.95,0.60,-1.43,-0.42
18/02/2014,0.1,1.09,-1.15,-0.44,-0.80
25/02/2014,-0.17,-0.49,-2.70,-1.45,-2.08
04/03/2014,-0.4,-2.85,1.35,4.81,3.08
11/03/2014,-0.45,3.92,0.13,-2.37,-1.12
18/03/2014,0.68,-2.75,-2.51,-1.70,-2.11
25/03/2014,0.21,2.91,-0.69,-2.06,-1.37
01/04/2014,0.15,-1.30,-0.29,-1.45,-0.87
08/04/2014,-0.61,0.95,-5.07,-1.73,-3.40
15/04/2014,0.28,-3.49,-1.46,-4.66,-3.06
22/04/2014,-0.34,2.03,-2.21,-1.58,-1.90
29/04/2014,-0.24,-0.44,-0.29,-1.22,-0.76
06/05/2014,0.52,-2.59,-3.17,4.86,0.85
13/05/2014,0.11,-0.15,-0.79,-0.94,-0.86
20/05/2014,0.5,-3.81,3.55,24.04,13.79
27/05/2014,0.31,0.63,-0.38,-1.17,-0.77
03/06/2014,0.01,-1.50,-0.97,-3.36,-2.16
10/06/2014,-0.22,4.40,-23.00,-3.94,-13.47
17/06/2014,-0.26,0.31,0.18,-0.93,-0.37
24/06/2014,-0.6,0.00,1.31,-1.00,0.15
01/07/2014,0.55,-2.67,-1.92,0.00,-0.96
08/07/2014,-0.04,2.94,-1.07,-2.10,-1.59
15/07/2014,0.46,-2.78,-12.50,-1.95,-7.22
22/07/2014,0.58,-2.12,0.26,-0.24,0.01
29/07/2014,0.37,-0.32,-0.36,-0.85,-0.61
05/08/2014,0.17,1.77,-0.54,-6.52,-3.53
12/08/2014,0.14,-3.24,-0.18,-2.83,-1.50
19/08/2014,1.19,-2.45,7.50,-0.24,3.63
26/08/2014,0.24,0.50,-0.80,-1.21,-1.00
02/09/2014,1.79,-1.41,6.46,-3.82,1.32
09/09/2014,0.04,3.80,-0.98,-3.69,-2.33
16/09/2014,0.49,4.88,11.25,0.28,5.77
23/09/2014,1.09,0.39,1.22,-0.92,0.15
30/09/2014,0.14,-2.32,-0.87,-6.98,-3.92
07/10/2014,-0.33,-4.35,-3.36,0.88,-1.24
14/10/2014,-0.56,-4.86,0.70,0.12,0.41
21/10/2014,0.65,-4.71,-2.16,-0.03,-1.10
28/10/2014,2.12,3.92,2.26,-1.83,0.21
04/11/2014,0.57,2.81,-0.73,-0.28,-0.51
11/11/2014,0.14,0.79,-0.75,-0.72,-0.74
18/11/2014,0.25,-0.95,0.79,-2.21,-0.71
25/11/2014,-0.23,-1.03,-1.92,0.08,-0.92
02/12/2014,1.24,-3.71,-6.39,2.62,-1.89
09/12/2014,-0.65,1.61,-1.52,-1.43,-1.48
16/12/2014,1.48,-5.91,-3.28,-4.66,-3.97
23/12/2014,0.47,2.81,-0.68,-1.48,-1.08
30/12/2014,1.32,1.96,1.81,-0.30,0.75
06/01/2015,0.66,-7.16,-0.50,-4.65,-2.57
13/01/2015,0.59,-5.54,-0.11,-0.23,-0.17
20/01/2015,2.46,-7.14,3.17,0.29,1.73
27/01/2015,-0.32,1.54,-1.13,-1.22,-1.17
03/02/2015,-0.05,-6.39,-0.84,-5.15,-3.00
10/02/2015,-0.12,10.52,1.40,-2.65,-0.62
17/02/2015,0.24,6.56,-3.00,-0.38,-1.69
24/02/2015,0.94,1.69,2.92,-0.74,1.09
03/03/2015,2.23,-1.64,1.37,-1.97,-0.30
10/03/2015,2.06,6.08,-0.08,-4.71,-2.39
17/03/2015,-2.58,-2.87,-2.25,-1.47,-1.86
24/03/2015,0.98,-8.19,-1.38,1.86,0.24
31/03/2015,-0.89,1.56,-1.91,-1.19,-1.55
07/04/2015,2.45,-3.47,-3.75,-3.23,-3.49
14/04/2015,-1.56,2.54,-1.64,-1.73,-1.68
21/04/2015,-1.19,-1.96,-0.24,-1.77,-1.00
28/04/2015,-1.33,3.37,0.12,-2.72,-1.30
05/05/2015,-0.49,7.74,-0.63,1.30,0.33
12/05/2015,-0.86,5.39,0.76,-0.30,0.23
19/05/2015,2.35,-0.09,-3.73,-1.02,-2.37
26/05/2015,1.03,-1.26,-0.56,13.01,6.23
02/06/2015,-2.15,-1.36,-3.09,0.09,-1.50
09/06/2015,-0.51,9.77,-0.76,-8.16,-4.46
16/06/2015,-0.51,0.42,0.00,-0.96,-0.48
23/06/2015,0.49,-2.01,-1.96,-5.78,-3.87
30/06/2015,1.59,1.96,2.24,-1.98,0.13
07/07/2015,0.58,-1.67,-0.64,-1.85,-1.24
14/07/2015,1.21,0.51,1.09,-1.31,-0.11
21/07/2015,-1.56,-0.17,-2.29,-1.33,-1.81
28/07/2015,1.03,-3.56,-1.66,20.04,9.19
04/08/2015,-0.34,-1.85,-1.33,-0.48,-0.91
11/08/2015,-0.35,-0.72,0.03,-0.61,-0.29
18/08/2015,-3.63,-1.71,9.37,1.39,5.38
25/08/2015,2.83,-4.59,-1.78,1.68,-0.05
01/09/2015,0.2,5.20,-0.93,-2.13,-1.53
08/09/2015,-0.93,-0.39,-5.65,-1.07,-3.36
15/09/2015,0.67,1.95,-1.72,-6.02,-3.87
22/09/2015,0.15,-1.08,-0.78,-1.55,-1.17
29/09/2015,0.08,-3.37,-0.47,2.12,0.83
06/10/2015,-1.32,-3.68,-17.50,0.09,-8.70
13/10/2015,0.13,2.50,-1.10,-1.68,-1.39
20/10/2015,2,-2.72,14.38,-2.09,6.15
27/10/2015,0.07,0.98,-0.97,-1.36,-1.16
03/11/2015,2.11,5.73,29.14,4.84,16.99
10/11/2015,0.46,5.97,-0.78,0.04,-0.37
17/11/2015,0.36,-1.13,-0.22,-1.19,-0.70
24/11/2015,0.37,-1.23,0.03,0.09,0.06
01/12/2015,-1.51,-2.20,-5.08,0.79,-2.15
08/12/2015,-1.07,2.25,-0.29,-2.02,-1.16
15/12/2015,0.88,-1.42,-1.82,-1.63,-1.73
22/12/2015,-0.55,0.63,-1.63,-1.44,-1.53
29/12/2015,0.97,1.61,-2.76,1.56,-0.60
05/01/2016,-0.14,-0.11,-1.14,-1.07,-1.11
12/01/2016,0.4,-5.09,-3.86,45.25,20.70
19/01/2016,0.24,-3.93,-0.40,-0.23,-0.31
26/01/2016,-0.36,-1.91,-2.50,-0.51,-1.51
02/02/2016,-2.45,-3.35,5.81,0.76,3.28
09/02/2016,-0.61,-7.14,-0.75,1.13,0.19
16/02/2016,1.46,-5.77,-3.39,-0.19,-1.79
23/02/2016,0.85,2.97,-0.42,-1.52,-0.97
01/03/2016,-1.16,-0.45,-2.36,-1.15,-1.76
08/03/2016,-0.46,5.69,-0.60,-13.56,-7.08
15/03/2016,-1.38,4.95,2.00,-0.13,0.94
22/03/2016,0.68,-1.64,-1.49,-1.33,-1.41
29/03/2016,-1.49,-2.37,-3.19,0.45,-1.37
05/04/2016,-0.59,-4.83,-0.60,1.04,0.22
12/04/2016,0.57,-2.36,-1.97,-0.51,-1.24
19/04/2016,0.37,2.30,-0.35,-1.98,-1.16
26/04/2016,-2.33,6.40,-7.30,1.79,-2.76
03/05/2016,1.64,-2.53,-1.70,-1.40,-1.55
10/05/2016,0.45,-3.79,-0.73,0.50,-0.11
17/05/2016,0.7,-2.03,0.56,-0.47,0.05
24/05/2016,0.3,6.55,-0.57,-4.23,-2.40
31/05/2016,-1.7,-0.35,-6.67,-1.05,-3.86
07/06/2016,0.5,-4.52,-1.29,11.89,5.30
14/06/2016,-0.81,-6.24,-2.62,0.38,-1.12
21/06/2016,3.13,-1.21,-4.86,-0.81,-2.84
28/06/2016,-1.13,-3.06,-1.36,1.53,0.08
05/07/2016,1.17,-8.14,-2.04,1.66,-0.19
12/07/2016,-0.01,-2.27,-1.01,-0.72,-0.87
19/07/2016,0.76,9.14,-77.00,-5.03,-41.02
26/07/2016,-1.62,1.55,-3.13,-0.83,-1.98
02/08/2016,0.72,-4.06,-1.44,-3.63,-2.54
09/08/2016,-0.8,3.04,-2.11,-1.75,-1.93
16/08/2016,-1.16,-1.16,0.45,-1.38,-0.46
23/08/2016,1.12,0.91,-1.97,-1.79,-1.88
30/08/2016,0.21,1.67,-0.81,0.84,0.01
06/09/2016,-0.71,-0.32,-4.38,-1.19,-2.79
13/09/2016,0.78,4.51,-2.10,-15.24,-8.67
20/09/2016,-0.55,3.28,-1.71,-0.27,-0.99
27/09/2016,0.46,-5.18,-1.84,-2.58,-2.21
04/10/2016,1.22,-0.12,1.65,-0.98,0.34
11/10/2016,1,8.23,-0.18,-67.33,-33.76
18/10/2016,0.8,1.69,-0.20,-0.79,-0.50
25/10/2016,-0.22,-0.68,-1.28,-1.40,-1.34
01/11/2016,-0.68,4.20,2.09,-7.21,-2.56
08/11/2016,2.38,-0.44,-4.50,-1.10,-2.80
15/11/2016,0.94,18.84,-0.61,-44.19,-22.40
22/11/2016,0.28,5.90,-0.70,-0.69,-0.69
29/11/2016,-1.17,1.61,-5.18,-0.73,-2.95
06/12/2016,0.82,2.78,-1.70,0.73,-0.49
13/12/2016,2.16,1.50,1.63,-0.46,0.59
20/12/2016,-0.2,5.50,-1.09,2.67,0.79
27/12/2016,-0.06,-0.58,-0.70,-1.11,-0.90
03/01/2017,-0.91,-3.13,14.17,4.36,9.27
10/01/2017,-0.32,-2.95,-0.65,-0.06,-0.35
17/01/2017,-1.42,-1.44,3.44,-0.51,1.46
24/01/2017,0.27,3.48,-1.19,-3.43,-2.31
31/01/2017,-0.52,1.80,-2.93,-0.48,-1.71
07/02/2017,1.05,-1.60,-3.02,-1.89,-2.46
14/02/2017,-0.01,-1.79,-1.01,0.12,-0.45
21/02/2017,0.18,1.76,-19.00,-1.98,-10.49
28/02/2017,0.5,-3.53,1.78,-3.00,-0.61
07/03/2017,-0.26,5.24,-1.52,-2.49,-2.00
14/03/2017,-0.96,4.18,2.69,-0.20,1.24
21/03/2017,-1.23,-4.09,0.28,-1.98,-0.85
28/03/2017,1.38,-3.46,-2.12,-0.15,-1.14
04/04/2017,0.48,-0.75,-0.65,-0.78,-0.72
11/04/2017,-0.71,-1.43,-2.48,0.90,-0.79
18/04/2017,-1.21,-4.68,0.70,2.28,1.49
25/04/2017,0.05,1.07,-1.04,-1.23,-1.14
02/05/2017,0.01,1.86,-0.80,0.73,-0.03
09/05/2017,-0.24,2.86,-25.00,0.54,-12.23
16/05/2017,-1.95,-0.51,7.13,-1.18,2.97
23/05/2017,0.51,-4.92,-1.26,8.72,3.73
30/05/2017,-0.69,-0.07,-2.35,-0.99,-1.67
06/06/2017,0.35,-2.88,-1.51,42.03,20.26
13/06/2017,0.4,1.01,0.14,-1.35,-0.60
20/06/2017,-0.1,-1.64,-1.25,-2.62,-1.93
27/06/2017,-1.26,-0.09,11.60,-0.94,5.33
04/07/2017,-0.16,5.80,-0.87,-63.81,-32.34
11/07/2017,-0.96,3.52,5.00,-0.39,2.30
18/07/2017,-1.21,-2.11,0.26,-1.60,-0.67
25/07/2017,-1.19,-1.90,-0.02,-0.10,-0.06
01/08/2017,0.61,0.88,-1.51,-1.46,-1.49
08/08/2017,0.03,-1.22,-0.95,-2.39,-1.67
15/08/2017,-0.39,-1.85,-14.00,0.52,-6.74
22/08/2017,-0.96,-0.99,1.46,-0.47,0.50
29/08/2017,0.47,-1.73,-1.49,0.74,-0.37
05/09/2017,-0.84,-1.80,-2.79,0.04,-1.37
12/09/2017,0.21,-0.99,-1.25,-0.45,-0.85
19/09/2017,0.65,5.23,2.10,-6.29,-2.10
26/09/2017,0.98,1.81,0.51,-0.65,-0.07
03/10/2017,0.19,3.11,-0.81,0.72,-0.04
10/10/2017,-0.49,1.12,-3.58,-0.64,-2.11
17/10/2017,0.71,-1.62,-2.45,-2.45,-2.45
24/10/2017,0.59,2.60,-0.17,-2.60,-1.39
31/10/2017,0.24,1.77,-0.59,-0.32,-0.46
07/11/2017,-0.24,-3.07,-2.00,-2.73,-2.37
14/11/2017,-0.43,1.11,0.79,-1.36,-0.29
21/11/2017,-1.25,-0.42,1.91,-1.38,0.26
28/11/2017,0.31,-1.10,-1.25,1.61,0.18
05/12/2017,0.73,2.06,1.35,-2.87,-0.76
12/12/2017,-0.18,-0.17,-1.25,-1.08,-1.16
19/12/2017,-0.37,0.34,1.06,-3.00,-0.97
26/12/2017,-1.32,4.11,2.57,11.21,6.89
02/01/2018,0.23,-2.12,-1.17,-1.51,-1.34
09/01/2018,-2.05,2.25,-9.91,-2.06,-5.99
16/01/2018,-0.04,2.54,-0.98,0.13,-0.42
23/01/2018,-1.21,3.10,29.25,0.22,14.74
30/01/2018,0.27,1.91,-1.22,-0.39,-0.80
06/02/2018,0.74,3.96,1.74,1.08,1.41
13/02/2018,-1.23,2.23,-2.66,-0.44,-1.55
20/02/2018,0.81,1.69,-1.66,-0.24,-0.95
27/02/2018,0.29,0.35,-0.64,-0.80,-0.72
06/03/2018,-0.2,-1.38,-1.69,-4.99,-3.34
13/03/2018,0,0.42,-1.00,-1.30,-1.15
20/03/2018,-0.97,-0.97,0.00,-3.32,-1.66
27/03/2018,1.15,-0.35,-2.19,-0.64,-1.41
03/04/2018,-0.23,-2.70,-1.20,6.68,2.74
10/04/2018,-0.46,1.32,1.00,-1.49,-0.25
17/04/2018,1.69,0.86,-4.67,-0.35,-2.51
24/04/2018,0.99,4.54,-0.41,4.29,1.94
01/05/2018,0.99,1.22,0.00,-0.73,-0.37
08/05/2018,-0.17,-0.87,-1.17,-1.71,-1.44
15/05/2018,1.18,1.62,-7.94,-2.86,-5.40
22/05/2018,0.79,2.40,-0.33,0.48,0.07
29/05/2018,-0.42,-4.99,-1.53,-3.08,-2.31
05/06/2018,-0.47,-1.32,0.12,-0.74,-0.31
12/06/2018,1.25,2.29,-3.66,-2.74,-3.20
19/06/2018,-0.5,-0.61,-1.40,-1.27,-1.33
26/06/2018,0.63,-1.23,-2.26,1.01,-0.62
03/07/2018,-0.83,-1.80,-2.32,0.46,-0.93
10/07/2018,0.46,0.12,-1.55,-1.07,-1.31
17/07/2018,0.17,0.02,-0.63,-0.86,-0.74
24/07/2018,-0.33,1.97,-2.94,110.98,54.02
31/07/2018,1.06,2.07,-4.21,0.05,-2.08
07/08/2018,1.08,0.20,0.02,-0.90,-0.44
14/08/2018,-0.51,-2.15,-1.47,-11.65,-6.56
21/08/2018,-1.17,-1.79,1.29,-0.17,0.56
28/08/2018,0.36,-0.56,-1.31,-0.69,-1.00
04/09/2018,0.03,1.39,-0.92,-3.48,-2.20
11/09/2018,-0.67,1.76,-23.33,0.26,-11.54
18/09/2018,-0.26,2.25,-0.61,0.28,-0.16
25/09/2018,1.1,2.87,-5.23,0.27,-2.48
02/10/2018,0.49,-0.58,-0.55,-1.20,-0.88
09/10/2018,-0.73,4.34,-2.49,-8.43,-5.46
16/10/2018,0.99,-0.91,-2.36,-1.21,-1.78
23/10/2018,0.59,0.63,-0.40,-1.70,-1.05
30/10/2018,-0.24,-2.57,-1.41,-5.07,-3.24
06/11/2018,1.24,2.64,-6.17,-2.03,-4.10
13/11/2018,-1.38,0.36,-2.11,-0.86,-1.49
20/11/2018,0.91,-3.49,-1.66,-10.66,-6.16
27/11/2018,-0.03,-0.84,-1.03,-0.76,-0.90
04/12/2018,0.19,-2.03,-7.33,1.40,-2.96
11/12/2018,-0.12,-4.44,-1.63,1.19,-0.22
18/12/2018,-0.57,0.45,3.75,-1.10,1.32
25/12/2018,-0.39,-3.67,-0.32,-9.08,-4.70
01/01/2019,-0.48,-0.90,0.23,-0.75,-0.26
08/01/2019,-0.13,-3.04,-0.73,2.37,0.82
15/01/2019,0.78,2.25,-7.00,-1.74,-4.37
22/01/2019,-0.61,1.05,-1.78,-0.54,-1.16
29/01/2019,0.1,-0.38,-1.16,-1.36,-1.26
05/02/2019,1.26,-1.75,11.60,3.59,7.59
12/02/2019,-0.14,-1.19,-1.11,-0.32,-0.72
19/02/2019,-0.53,0.30,2.79,-1.25,0.77
26/02/2019,0.28,-0.37,-1.53,-2.25,-1.89
05/03/2019,0.56,2.41,1.00,-7.42,-3.21
12/03/2019,-0.72,-3.08,-2.29,-2.28,-2.28
19/03/2019,0.05,-1.21,-1.07,-0.61,-0.84
26/03/2019,0.7,-5.21,13.00,3.30,8.15
02/04/2019,-0.21,-1.62,-1.30,-0.69,-0.99
09/04/2019,-0.11,3.29,-0.48,-3.03,-1.75
16/04/2019,0.35,1.11,-4.18,-0.66,-2.42
23/04/2019,0.6,1.57,0.71,0.41,0.56
30/04/2019,-0.35,-2.09,-1.58,-2.33,-1.96
07/05/2019,-0.21,-0.48,-0.40,-0.77,-0.59
14/05/2019,0.63,-2.70,-4.00,4.69,0.35
21/05/2019,-0.18,-1.88,-1.29,-0.30,-0.80
28/05/2019,-0.62,-3.33,2.44,0.77,1.61
04/06/2019,-0.39,-6.90,-0.37,1.07,0.35
11/06/2019,0.83,-1.57,-3.13,-0.77,-1.95
18/06/2019,-1.62,-1.51,-2.95,-0.04,-1.50
25/06/2019,0.9,-3.25,-1.56,1.16,-0.20
02/07/2019,0.56,-0.59,-0.38,-0.82,-0.60
09/07/2019,-0.46,0.79,-1.82,-2.34,-2.08
16/07/2019,0.34,3.84,-1.74,3.84,1.05
23/07/2019,0.8,-2.47,1.35,-1.64,-0.14
30/07/2019,-0.55,0.49,-1.69,-1.20,-1.44
06/08/2019,-0.12,-10.36,-0.78,-22.30,-11.54
13/08/2019,1,-8.21,-9.33,-0.21,-4.77
20/08/2019,-0.27,-8.12,-1.27,-0.01,-0.64
27/08/2019,0.98,-0.64,-4.63,-0.92,-2.78
03/09/2019,-0.77,-4.32,-1.79,5.74,1.98
10/09/2019,0.38,6.94,-1.49,-2.61,-2.05
17/09/2019,-0.05,14.48,-1.13,1.09,-0.02
24/09/2019,0.79,-4.40,-16.80,-1.30,-9.05
01/10/2019,-0.39,-2.76,-1.49,-0.37,-0.93
08/10/2019,-0.55,-8.17,0.41,1.96,1.18
15/10/2019,-1.14,9.38,1.07,-2.15,-0.54
22/10/2019,0.44,4.27,-1.39,-0.54,-0.97
29/10/2019,-0.26,2.03,-1.59,-0.52,-1.06
05/11/2019,0.71,-1.99,-3.73,-1.98,-2.86
12/11/2019,-0.42,7.20,-1.59,-4.61,-3.10
19/11/2019,0.54,-3.66,-2.29,-1.51,-1.90
26/11/2019,-0.47,-4.05,-1.87,0.11,-0.88
03/12/2019,-0.22,1.20,-0.53,-1.30,-0.91
10/12/2019,-0.58,2.42,1.64,1.02,1.33
17/12/2019,0.61,2.20,-2.05,-0.09,-1.07
24/12/2019,-0.94,3.23,-2.54,0.47,-1.04
31/12/2019,-0.07,-0.94,-0.93,-1.29,-1.11
07/01/2020,0.7,-3.68,-11.00,2.93,-4.04
14/01/2020,0.25,0.77,-0.64,-1.21,-0.93
21/01/2020,0.38,-2.11,0.52,-3.76,-1.62
28/01/2020,-0.16,-6.15,-1.42,1.91,0.24
04/02/2020,1.05,-7.56,-7.56,0.23,-3.67
11/02/2020,0.29,2.81,-0.72,-1.37,-1.05
18/02/2020,0.17,-1.09,-0.41,-1.39,-0.90
25/02/2020,-1.94,-8.95,-12.41,7.23,-2.59
03/03/2020,-2.53,-18.90,0.30,1.11,0.71
10/03/2020,3.36,-32.31,-2.33,0.71,-0.81
17/03/2020,4.49,10.30,0.34,-1.32,-0.49
24/03/2020,-3.23,9.79,-1.72,-0.05,-0.88
31/03/2020,1.52,-20.54,-1.47,-3.10,-2.28
07/04/2020,-1.33,-14.10,-1.88,-0.31,-1.09
14/04/2020,0.61,14.74,-1.46,-2.05,-1.75
21/04/2020,0.08,-17.88,-0.87,-2.21,-1.54
28/04/2020,-0.56,0.97,-8.00,-1.05,-4.53
05/05/2020,0.76,2.56,-2.36,1.64,-0.36
12/05/2020,-0.57,7.79,-1.75,2.05,0.15
19/05/2020,0.19,-3.47,-1.33,-1.45,-1.39
26/05/2020,-2.03,1.42,-11.68,-1.41,-6.55
02/06/2020,-1.24,-0.52,-0.39,-1.36,-0.88
09/06/2020,0.06,25.22,-1.05,-49.82,-25.44
16/06/2020,0.37,-15.17,5.17,-1.60,1.78
23/06/2020,0.52,0.00,0.41,-1.00,-0.30
30/06/2020,-0.77,-7.54,-2.48,0.00,-1.24
07/07/2020,-0.34,2.34,-0.56,-1.31,-0.93
14/07/2020,-0.65,-5.24,0.91,-3.24,-1.16
21/07/2020,-2.25,-2.49,2.46,-0.52,0.97
28/07/2020,-0.18,-4.47,-0.92,0.79,-0.06
04/08/2020,0.09,-7.69,-1.50,0.72,-0.39
11/08/2020,-0.78,5.07,-9.67,-1.66,-5.66
18/08/2020,0.48,19.66,-1.62,2.87,0.63
25/08/2020,-1.24,-4.61,-3.58,-1.23,-2.41
01/09/2020,0.63,7.85,-1.51,-2.70,-2.11
08/09/2020,0.38,-5.46,-0.40,-1.70,-1.05
15/09/2020,0.5,1.33,0.32,-1.24,-0.46
22/09/2020,0.77,0.58,0.54,-0.56,-0.01
29/09/2020,-0.8,-2.91,-2.04,-5.97,-4.00
06/10/2020,-0.47,8.08,-0.41,-3.78,-2.10
13/10/2020,0.39,8.03,-1.83,-0.01,-0.92
20/10/2020,-0.41,-2.05,-2.05,-1.26,-1.65
27/10/2020,1.07,8.64,-3.61,-5.21,-4.41
03/11/2020,-1.4,3.37,-2.31,-0.61,-1.46
10/11/2020,-0.17,1.17,-0.88,-0.65,-0.77
17/11/2020,-0.06,2.25,-0.65,0.93,0.14
24/11/2020,-0.69,-2.87,10.50,-2.28,4.11
01/12/2020,-1.18,0.93,0.71,-1.32,-0.31
08/12/2020,-0.09,8.05,-0.92,7.67,3.37
15/12/2020,-0.74,-2.34,7.22,-1.29,2.97
22/12/2020,0.33,2.18,-1.45,-1.93,-1.69
29/12/2020,-0.51,0.75,-2.55,-0.66,-1.60
05/01/2021,0.73,-0.79,-2.43,-2.06,-2.25
12/01/2021,0.27,18.40,-0.63,-24.18,-12.41
19/01/2021,-0.43,0.45,-2.59,-0.98,-1.78
26/01/2021,0.7,-2.78,-2.63,-7.17,-4.90
02/02/2021,-0.1,0.18,-1.14,-1.07,-1.10
09/02/2021,-0.64,7.92,5.40,41.92,23.66
16/02/2021,-0.38,2.60,-0.41,-0.67,-0.54
23/02/2021,1.14,10.77,-4.00,3.14,-0.43
02/03/2021,1.39,8.56,0.22,-0.21,0.01
09/03/2021,-0.52,6.64,-1.37,-0.22,-0.80
16/03/2021,-0.03,3.11,-0.94,-0.53,-0.74
23/03/2021,1.24,5.66,-42.33,0.82,-20.76
30/03/2021,-0.37,-0.24,-1.30,-1.04,-1.17
06/04/2021,-0.5,2.03,0.35,-9.52,-4.58
13/04/2021,-1.16,-2.69,1.32,-2.33,-0.50
20/04/2021,-0.29,-4.09,-0.75,0.52,-0.12
27/04/2021,0.15,-0.63,-1.52,-0.85,-1.18
04/05/2021,-0.81,3.03,-6.40,-5.83,-6.12
11/05/2021,0.01,-1.59,-1.01,-1.53,-1.27
18/05/2021,-0.43,2.74,-44.00,-2.72,-23.36
25/05/2021,0.01,-1.82,-1.02,-1.66,-1.34
01/06/2021,0.12,-1.51,11.00,-0.17,5.42
08/06/2021,0.63,-1.35,4.25,-0.11,2.07
15/06/2021,1.48,-5.58,1.35,3.15,2.25
22/06/2021,0.02,1.08,-0.99,-1.19,-1.09
29/06/2021,0.41,-0.13,19.50,-1.12,9.19
06/07/2021,-0.03,-4.46,-1.07,32.54,15.74
13/07/2021,0.72,-5.23,-25.00,0.17,-12.41
20/07/2021,-0.26,-5.74,-1.36,0.10,-0.63
27/07/2021,-0.65,0.00,1.50,-1.00,0.25
03/08/2021,0.98,-3.74,-2.51,0.00,-1.25
10/08/2021,-0.34,4.05,-1.35,-2.08,-1.71
17/08/2021,0.36,1.56,-2.06,-0.62,-1.34
24/08/2021,-0.33,-3.22,-1.92,-3.07,-2.49
31/08/2021,-0.46,4.44,0.39,-2.38,-0.99
07/09/2021,0.43,0.72,-1.93,-0.84,-1.39
14/09/2021,0.67,-0.41,0.56,-1.57,-0.51
21/09/2021,0.15,0.76,-0.78,-2.83,-1.80
28/09/2021,0.46,8.41,2.07,10.12,6.09
05/10/2021,0.54,4.99,0.17,-0.41,-0.12
12/10/2021,-0.39,4.06,-1.72,-0.19,-0.95
19/10/2021,-0.15,0.29,-0.62,-0.93,-0.77
26/10/2021,0.07,4.42,-1.47,14.51,6.52
02/11/2021,0.18,-5.57,1.57,-2.26,-0.34
09/11/2021,1.45,-3.21,7.06,-0.42,3.32
16/11/2021,1.14,5.96,-0.21,-2.86,-1.54
23/11/2021,-0.17,0.38,-1.15,-0.94,-1.04
30/11/2021,-0.05,-5.51,-0.71,-15.69,-8.20
07/12/2021,0.03,-6.03,-1.60,0.09,-0.75
14/12/2021,0.24,3.09,7.00,-1.51,2.74
21/12/2021,-0.48,-1.63,-3.00,-1.53,-2.26
28/12/2021,0.16,2.52,-1.33,-2.55,-1.94
04/01/2022,-0.26,6.31,-2.63,1.50,-0.56
11/01/2022,-0.76,10.79,1.92,0.71,1.32
18/01/2022,0.69,1.52,-1.91,-0.86,-1.38
25/01/2022,0.65,0.87,-0.06,-0.42,-0.24
01/02/2022,-1.18,1.12,-2.82,0.28,-1.27
08/02/2022,1.02,4.09,-1.86,2.66,0.40
15/02/2022,-0.34,5.42,-1.33,0.32,-0.50
22/02/2022,0.7,-0.96,-3.06,-1.18,-2.12
01/03/2022,2.67,-3.61,2.81,2.77,2.79
08/03/2022,-0.23,-3.91,-1.09,0.08,-0.50
15/03/2022,-0.57,12.20,1.48,-4.12,-1.32
22/03/2022,0.6,9.99,-2.05,-0.18,-1.12
29/03/2022,-0.1,6.95,-1.17,-0.30,-0.74
05/04/2022,0.95,0.08,-10.50,-0.99,-5.74
12/04/2022,0.85,12.31,-0.11,146.88,73.39
19/04/2022,0.96,4.72,0.13,-0.62,-0.24
26/04/2022,1.96,0.65,1.04,-0.86,0.09
03/05/2022,-0.09,2.04,-1.05,2.11,0.53
10/05/2022,0.52,4.27,-6.78,1.10,-2.84
17/05/2022,-2.03,-3.96,-4.90,-1.93,-3.42
24/05/2022,-0.7,-2.82,-0.66,-0.29,-0.47
31/05/2022,1.06,-1.89,-2.51,-0.33,-1.42
07/06/2022,2.58,7.05,1.43,-4.72,-1.65
14/06/2022,-0.57,8.76,-1.22,0.24,-0.49
21/06/2022,-0.52,2.00,-0.09,-0.77,-0.43
28/06/2022,1.2,-4.15,-3.31,-3.07,-3.19
05/07/2022,2.69,-6.69,1.24,0.61,0.93
12/07/2022,-0.6,1.73,-1.22,-1.26,-1.24
19/07/2022,-0.83,-1.40,0.38,-1.81,-0.71
26/07/2022,-0.97,-2.91,0.17,1.08,0.62
02/08/2022,0.94,-6.00,-1.97,1.06,-0.45
09/08/2022,0.1,2.45,-0.89,-1.41,-1.15
16/08/2022,2.35,2.10,22.50,-0.14,11.18
23/08/2022,-0.19,5.18,-1.08,1.47,0.19
30/08/2022,0.63,3.91,-4.32,-0.24,-2.28
06/09/2022,-1.1,4.96,-2.75,0.27,-1.24
13/09/2022,1.3,3.12,-2.18,-0.37,-1.28
20/09/2022,3.97,4.14,2.05,0.32,1.19
27/09/2022,-2.06,7.94,-1.52,0.92,-0.30
04/10/2022,1.24,-0.80,-1.60,-1.10,-1.35
11/10/2022,-0.97,3.56,-1.78,-5.45,-3.62
18/10/2022,-0.04,3.36,-0.96,-0.06,-0.51
25/10/2022,-0.41,5.17,9.25,0.54,4.89
01/11/2022,-1.26,-3.58,2.07,-1.69,0.19
08/11/2022,-3.14,2.87,1.49,-1.80,-0.15
15/11/2022,1.11,-5.99,-1.35,-3.09,-2.22
22/11/2022,-1.08,-3.46,-1.97,-0.42,-1.20
29/11/2022,-1.3,-1.66,0.20,-0.52,-0.16
06/12/2022,-0.15,-3.82,-0.88,1.30,0.21
13/12/2022,-0.39,-1.35,1.60,-0.65,0.48
20/12/2022,-0.39,0.45,0.00,-1.34,-0.67
27/12/2022,-0.76,5.69,0.95,11.51,6.23
