date,Percent Change,Security,
01/01/2000,0.45,US10Y,
01/08/2000,2.21,US10Y,
01/15/2000,1.53,US10Y,
01/22/2000,1.64,US10Y,
01/29/2000,-1.20,US10Y,
02/05/2000,-1.50,US10Y,
02/12/2000,0.52,US10Y,
02/19/2000,-1.03,US10Y,
02/26/2000,-2.60,US10Y,
03/04/2000,0.22,US10Y,
03/11/2000,-0.13,US10Y,
03/18/2000,-1.60,US10Y,
03/25/2000,-2.23,US10Y,
04/01/2000,-0.23,US10Y,
04/08/2000,-3.46,US10Y,
04/15/2000,-0.47,US10Y,
04/22/2000,2.04,US10Y,
04/29/2000,2.30,US10Y,
05/06/2000,4.03,US10Y,
05/13/2000,1.66,US10Y,
05/20/2000,-0.18,US10Y,
05/27/2000,-1.14,US10Y,
06/03/2000,-2.51,US10Y,
06/10/2000,-2.00,US10Y,
06/17/2000,-1.14,US10Y,
06/24/2000,0.50,US10Y,
07/01/2000,-0.20,US10Y,
07/08/2000,-1.08,US10Y,
07/15/2000,0.79,US10Y,
07/22/2000,0.69,US10Y,
07/29/2000,-1.08,US10Y,
08/05/2000,-0.99,US10Y,
08/12/2000,-2.07,US10Y,
08/19/2000,-0.85,US10Y,
08/26/2000,-0.86,US10Y,
09/02/2000,0.17,US10Y,
09/09/2000,-0.64,US10Y,
09/16/2000,1.03,US10Y,
09/23/2000,1.59,US10Y,
09/30/2000,-0.95,US10Y,
10/07/2000,0.65,US10Y,
10/14/2000,-1.72,US10Y,
10/21/2000,-1.42,US10Y,
10/28/2000,-0.28,US10Y,
11/04/2000,1.84,US10Y,
11/11/2000,1.49,US10Y,
11/18/2000,-2.09,US10Y,
11/25/2000,-1.36,US10Y,
12/02/2000,-1.66,US10Y,
12/09/2000,-2.99,US10Y,
12/16/2000,-1.86,US10Y,
12/23/2000,-3.63,US10Y,
12/30/2000,0.04,US10Y,
01/06/2001,-1.86,US10Y,
01/13/2001,1.54,US10Y,
01/20/2001,2.03,US10Y,
01/27/2001,2.06,US10Y,
02/03/2001,-1.66,US10Y,
02/10/2001,-1.50,US10Y,
02/17/2001,-0.31,US10Y,
02/24/2001,0.29,US10Y,
03/03/2001,-3.41,US10Y,
03/10/2001,-0.08,US10Y,
03/17/2001,-1.74,US10Y,
03/24/2001,-1.65,US10Y,
03/31/2001,3.47,US10Y,
04/07/2001,0.00,US10Y,
04/14/2001,2.66,US10Y,
04/21/2001,3.16,US10Y,
04/28/2001,0.19,US10Y,
05/05/2001,0.57,US10Y,
05/12/2001,0.30,US10Y,
05/19/2001,3.17,US10Y,
05/26/2001,-0.11,US10Y,
06/02/2001,0.35,US10Y,
06/09/2001,-2.76,US10Y,
06/16/2001,-0.83,US10Y,
06/23/2001,-1.02,US10Y,
06/30/2001,1.15,US10Y,
07/07/2001,2.30,US10Y,
07/14/2001,-1.84,US10Y,
07/21/2001,-2.68,US10Y,
07/28/2001,-0.19,US10Y,
08/04/2001,-0.47,US10Y,
08/11/2001,-0.97,US10Y,
08/18/2001,-2.68,US10Y,
08/25/2001,-0.89,US10Y,
09/01/2001,-1.22,US10Y,
09/08/2001,1.30,US10Y,
09/15/2001,-4.52,US10Y,
09/22/2001,0.31,US10Y,
09/29/2001,-0.89,US10Y,
10/06/2001,-2.79,US10Y,
10/13/2001,2.74,US10Y,
10/20/2001,-1.03,US10Y,
10/27/2001,-0.09,US10Y,
11/03/2001,-4.96,US10Y,
11/10/2001,-1.65,US10Y,
11/17/2001,8.48,US10Y,
11/24/2001,5.63,US10Y,
12/01/2001,-0.18,US10Y,
12/08/2001,0.12,US10Y,
12/15/2001,4.39,US10Y,
12/22/2001,0.04,US10Y,
12/29/2001,0.58,US10Y,
01/05/2002,-0.34,US10Y,
01/12/2002,-2.14,US10Y,
01/19/2002,-2.46,US10Y,
01/26/2002,2.58,US10Y,
02/02/2002,0.10,US10Y,
02/09/2002,-2.53,US10Y,
02/16/2002,0.37,US10Y,
02/23/2002,-1.42,US10Y,
03/02/2002,0.57,US10Y,
03/09/2002,4.74,US10Y,
03/16/2002,4.02,US10Y,
03/23/2002,0.60,US10Y,
03/30/2002,0.27,US10Y,
04/06/2002,-1.16,US10Y,
04/13/2002,-1.84,US10Y,
04/20/2002,-0.31,US10Y,
04/27/2002,-1.42,US10Y,
05/04/2002,-0.51,US10Y,
05/11/2002,0.98,US10Y,
05/18/2002,2.02,US10Y,
05/25/2002,-1.75,US10Y,
06/01/2002,-1.27,US10Y,
06/08/2002,-0.75,US10Y,
06/15/2002,-1.90,US10Y,
06/22/2002,-2.70,US10Y,
06/29/2002,0.12,US10Y,
07/06/2002,-0.31,US10Y,
07/13/2002,-2.30,US10Y,
07/20/2002,-0.76,US10Y,
07/27/2002,-4.53,US10Y,
08/03/2002,1.12,US10Y,
08/10/2002,-3.76,US10Y,
08/17/2002,-3.87,US10Y,
08/24/2002,1.53,US10Y,
08/31/2002,-0.85,US10Y,
09/07/2002,-5.49,US10Y,
09/14/2002,0.73,US10Y,
09/21/2002,-4.05,US10Y,
09/28/2002,-2.97,US10Y,
10/05/2002,-1.02,US10Y,
10/12/2002,-0.22,US10Y,
10/19/2002,11.56,US10Y,
10/26/2002,2.50,US10Y,
11/02/2002,-4.99,US10Y,
11/09/2002,-0.05,US10Y,
11/16/2002,-1.45,US10Y,
11/23/2002,3.60,US10Y,
11/30/2002,2.58,US10Y,
12/07/2002,-0.37,US10Y,
12/14/2002,-3.12,US10Y,
12/21/2002,0.30,US10Y,
12/28/2002,-3.24,US10Y,
01/04/2003,0.51,US10Y,
01/11/2003,3.89,US10Y,
01/18/2003,0.10,US10Y,
01/25/2003,-3.17,US10Y,
02/01/2003,0.96,US10Y,
02/08/2003,-0.60,US10Y,
02/15/2003,-0.90,US10Y,
02/22/2003,-1.41,US10Y,
03/01/2003,-2.79,US10Y,
03/08/2003,-3.49,US10Y,
03/15/2003,-0.05,US10Y,
03/22/2003,8.66,US10Y,
03/29/2003,-0.25,US10Y,
04/05/2003,-1.42,US10Y,
04/12/2003,1.85,US10Y,
04/19/2003,0.45,US10Y,
04/26/2003,-0.40,US10Y,
05/03/2003,-1.41,US10Y,
05/10/2003,-3.68,US10Y,
05/17/2003,-5.72,US10Y,
05/24/2003,-4.95,US10Y,
05/31/2003,0.24,US10Y,
06/07/2003,-1.00,US10Y,
06/14/2003,-4.59,US10Y,
06/21/2003,3.50,US10Y,
06/28/2003,3.32,US10Y,
07/05/2003,4.63,US10Y,
07/12/2003,3.73,US10Y,
07/19/2003,5.65,US10Y,
07/26/2003,6.47,US10Y,
08/02/2003,5.26,US10Y,
08/09/2003,-1.32,US10Y,
08/16/2003,3.32,US10Y,
08/23/2003,-0.45,US10Y,
08/30/2003,0.49,US10Y,
09/06/2003,0.71,US10Y,
09/13/2003,-4.07,US10Y,
09/20/2003,-2.54,US10Y,
09/27/2003,-1.47,US10Y,
10/04/2003,-2.74,US10Y,
10/11/2003,5.28,US10Y,
10/18/2003,3.66,US10Y,
10/25/2003,-1.99,US10Y,
11/01/2003,-0.60,US10Y,
11/08/2003,2.37,US10Y,
11/15/2003,-1.03,US10Y,
11/22/2003,-4.18,US10Y,
11/29/2003,1.73,US10Y,
12/06/2003,2.53,US10Y,
12/13/2003,-1.65,US10Y,
12/20/2003,-1.96,US10Y,
12/27/2003,0.08,US10Y,
01/03/2004,2.08,US10Y,
01/10/2004,-0.58,US10Y,
01/17/2004,-5.39,US10Y,
01/24/2004,0.31,US10Y,
01/31/2004,3.00,US10Y,
02/07/2004,-0.43,US10Y,
02/14/2004,-1.73,US10Y,
02/21/2004,-0.53,US10Y,
02/28/2004,-0.80,US10Y,
03/06/2004,-0.69,US10Y,
03/13/2004,-6.20,US10Y,
03/20/2004,-0.11,US10Y,
03/27/2004,0.27,US10Y,
04/03/2004,5.00,US10Y,
04/10/2004,6.57,US10Y,
04/17/2004,3.58,US10Y,
04/24/2004,1.65,US10Y,
05/01/2004,1.44,US10Y,
05/08/2004,2.89,US10Y,
05/15/2004,4.11,US10Y,
05/22/2004,-1.50,US10Y,
05/29/2004,-1.27,US10Y,
06/05/2004,1.13,US10Y,
06/12/2004,1.32,US10Y,
06/19/2004,-0.99,US10Y,
06/26/2004,-1.26,US10Y,
07/03/2004,-1.36,US10Y,
07/10/2004,-2.89,US10Y,
07/17/2004,-0.55,US10Y,
07/24/2004,-0.27,US10Y,
07/31/2004,2.42,US10Y,
08/07/2004,-3.37,US10Y,
08/14/2004,-2.99,US10Y,
08/21/2004,-1.08,US10Y,
08/28/2004,0.52,US10Y,
09/04/2004,-1.50,US10Y,
09/11/2004,0.54,US10Y,
09/18/2004,-1.67,US10Y,
09/25/2004,-2.56,US10Y,
10/02/2004,1.49,US10Y,
10/09/2004,2.59,US10Y,
10/16/2004,-2.96,US10Y,
10/23/2004,-1.12,US10Y,
10/30/2004,0.45,US10Y,
11/06/2004,1.78,US10Y,
11/13/2004,2.44,US10Y,
11/20/2004,-1.15,US10Y,
11/27/2004,0.68,US10Y,
12/04/2004,3.51,US10Y,
12/11/2004,-3.63,US10Y,
12/18/2004,-0.81,US10Y,
12/25/2004,1.19,US10Y,
01/01/2005,1.96,US10Y,
01/08/2005,-0.28,US10Y,
01/15/2005,-0.75,US10Y,
01/22/2005,-1.44,US10Y,
01/29/2005,0.02,US10Y,
02/05/2005,-1.05,US10Y,
02/12/2005,-2.03,US10Y,
02/19/2005,2.51,US10Y,
02/26/2005,2.88,US10Y,
03/05/2005,2.01,US10Y,
03/12/2005,1.92,US10Y,
03/19/2005,1.39,US10Y,
03/26/2005,1.78,US10Y,
04/02/2005,-0.88,US10Y,
04/09/2005,-1.67,US10Y,
04/16/2005,-2.37,US10Y,
04/23/2005,-2.61,US10Y,
04/30/2005,-0.42,US10Y,
05/07/2005,-0.47,US10Y,
05/14/2005,-0.28,US10Y,
05/21/2005,-2.23,US10Y,
05/28/2005,-1.02,US10Y,
06/04/2005,-3.07,US10Y,
06/11/2005,0.68,US10Y,
06/18/2005,3.32,US10Y,
06/25/2005,-2.53,US10Y,
07/02/2005,-0.70,US10Y,
07/09/2005,2.91,US10Y,
07/16/2005,1.77,US10Y,
07/23/2005,1.44,US10Y,
07/30/2005,0.66,US10Y,
08/06/2005,2.07,US10Y,
08/13/2005,0.51,US10Y,
08/20/2005,-2.71,US10Y,
08/27/2005,-0.99,US10Y,
09/03/2005,-2.67,US10Y,
09/10/2005,1.14,US10Y,
09/17/2005,1.49,US10Y,
09/24/2005,0.81,US10Y,
10/01/2005,1.66,US10Y,
10/08/2005,1.68,US10Y,
10/15/2005,1.83,US10Y,
10/22/2005,0.27,US10Y,
10/29/2005,1.93,US10Y,
11/05/2005,1.45,US10Y,
11/12/2005,-0.25,US10Y,
11/19/2005,-1.71,US10Y,
11/26/2005,-1.69,US10Y,
12/03/2005,0.82,US10Y,
12/10/2005,0.76,US10Y,
12/17/2005,-0.53,US10Y,
12/24/2005,-1.07,US10Y,
12/31/2005,-1.71,US10Y,
01/07/2006,-0.06,US10Y,
01/14/2006,0.97,US10Y,
01/21/2006,-1.19,US10Y,
01/28/2006,2.35,US10Y,
02/04/2006,2.02,US10Y,
02/11/2006,0.26,US10Y,
02/18/2006,0.57,US10Y,
02/25/2006,-0.61,US10Y,
03/04/2006,1.10,US10Y,
03/11/2006,2.86,US10Y,
03/18/2006,-0.72,US10Y,
03/25/2006,-0.30,US10Y,
04/01/2006,2.34,US10Y,
04/08/2006,1.83,US10Y,
04/15/2006,1.85,US10Y,
04/22/2006,0.71,US10Y,
04/29/2006,1.00,US10Y,
05/06/2006,1.38,US10Y,
05/13/2006,0.08,US10Y,
05/20/2006,-0.66,US10Y,
05/27/2006,-1.06,US10Y,
06/03/2006,0.51,US10Y,
06/10/2006,-1.46,US10Y,
06/17/2006,0.84,US10Y,
06/24/2006,2.54,US10Y,
07/01/2006,0.77,US10Y,
07/08/2006,-0.74,US10Y,
07/15/2006,-1.57,US10Y,
07/22/2006,-0.55,US10Y,
07/29/2006,-0.43,US10Y,
08/05/2006,-1.66,US10Y,
08/12/2006,-0.52,US10Y,
08/19/2006,-0.69,US10Y,
08/26/2006,-1.84,US10Y,
09/02/2006,-1.00,US10Y,
09/09/2006,0.55,US10Y,
09/16/2006,-0.04,US10Y,
09/23/2006,-1.71,US10Y,
09/30/2006,-2.17,US10Y,
10/07/2006,0.43,US10Y,
10/14/2006,3.43,US10Y,
10/21/2006,0.03,US10Y,
10/28/2006,-0.29,US10Y,
11/04/2006,-2.81,US10Y,
11/11/2006,0.17,US10Y,
11/18/2006,-0.69,US10Y,
11/25/2006,-0.80,US10Y,
12/02/2006,-1.81,US10Y,
12/09/2006,-0.22,US10Y,
12/16/2006,1.70,US10Y,
12/23/2006,0.83,US10Y,
12/30/2006,1.61,US10Y,
01/06/2007,-0.32,US10Y,
01/13/2007,1.05,US10Y,
01/20/2007,1.35,US10Y,
01/27/2007,1.23,US10Y,
02/03/2007,0.62,US10Y,
02/10/2007,-1.81,US10Y,
02/17/2007,-0.38,US10Y,
02/24/2007,-1.16,US10Y,
03/03/2007,-3.00,US10Y,
03/10/2007,-0.57,US10Y,
03/17/2007,0.18,US10Y,
03/24/2007,0.93,US10Y,
03/31/2007,1.05,US10Y,
04/07/2007,1.25,US10Y,
04/14/2007,1.28,US10Y,
04/21/2007,-1.14,US10Y,
04/28/2007,-0.43,US10Y,
05/05/2007,-0.43,US10Y,
05/12/2007,0.04,US10Y,
05/19/2007,1.81,US10Y,
05/26/2007,2.20,US10Y,
06/02/2007,1.29,US10Y,
06/09/2007,2.44,US10Y,
06/16/2007,3.50,US10Y,
06/23/2007,-1.19,US10Y,
06/30/2007,-0.97,US10Y,
07/07/2007,0.28,US10Y,
07/14/2007,0.08,US10Y,
07/21/2007,-1.45,US10Y,
07/28/2007,-2.90,US10Y,
08/04/2007,-2.38,US10Y,
08/11/2007,0.38,US10Y,
08/18/2007,-1.88,US10Y,
08/25/2007,-1.53,US10Y,
09/01/2007,-1.60,US10Y,
09/08/2007,-1.48,US10Y,
09/15/2007,-1.48,US10Y,
09/22/2007,3.44,US10Y,
09/29/2007,0.96,US10Y,
10/06/2007,-0.95,US10Y,
10/13/2007,2.23,US10Y,
10/20/2007,-2.14,US10Y,
10/27/2007,-3.85,US10Y,
11/03/2007,-0.14,US10Y,
11/10/2007,-1.64,US10Y,
11/17/2007,-2.34,US10Y,
11/24/2007,-4.27,US10Y,
12/01/2007,-2.26,US10Y,
12/08/2007,0.61,US10Y,
12/15/2007,3.83,US10Y,
12/22/2007,0.10,US10Y,
12/29/2007,2.15,US10Y,
01/05/2008,-6.59,US10Y,
01/12/2008,-2.06,US10Y,
01/19/2008,-3.53,US10Y,
01/26/2008,-3.71,US10Y,
02/02/2008,2.63,US10Y,
02/09/2008,-0.49,US10Y,
02/16/2008,1.70,US10Y,
02/23/2008,3.42,US10Y,
03/01/2008,-1.79,US10Y,
03/08/2008,-4.40,US10Y,
03/15/2008,-2.77,US10Y,
03/22/2008,-3.56,US10Y,
03/29/2008,4.05,US10Y,
04/05/2008,0.68,US10Y,
04/12/2008,-0.28,US10Y,
04/19/2008,3.90,US10Y,
04/26/2008,3.65,US10Y,
05/03/2008,0.58,US10Y,
05/10/2008,0.47,US10Y,
05/17/2008,0.21,US10Y,
05/24/2008,-0.47,US10Y,
05/31/2008,4.87,US10Y,
06/07/2008,-1.22,US10Y,
06/14/2008,4.28,US10Y,
06/21/2008,1.40,US10Y,
06/28/2008,-2.62,US10Y,
07/05/2008,-2.42,US10Y,
07/12/2008,-2.38,US10Y,
07/19/2008,2.15,US10Y,
07/26/2008,3.16,US10Y,
08/02/2008,-1.80,US10Y,
08/09/2008,-1.19,US10Y,
08/16/2008,-1.86,US10Y,
08/23/2008,-2.15,US10Y,
08/30/2008,-0.94,US10Y,
09/06/2008,-2.81,US10Y,
09/13/2008,-0.69,US10Y,
09/20/2008,-3.44,US10Y,
09/27/2008,8.65,US10Y,
10/04/2008,-3.59,US10Y,
10/11/2008,-0.49,US10Y,
10/18/2008,9.13,US10Y,
10/25/2008,-6.97,US10Y,
11/01/2008,4.86,US10Y,
11/08/2008,-2.75,US10Y,
11/15/2008,-0.88,US10Y,
11/22/2008,-10.69,US10Y,
11/29/2008,-8.38,US10Y,
12/06/2008,-14.12,US10Y,
12/13/2008,0.60,US10Y,
12/20/2008,-15.41,US10Y,
12/27/2008,-3.85,US10Y,
01/03/2009,2.87,US10Y,
01/10/2009,11.02,US10Y,
01/17/2009,-7.41,US10Y,
01/24/2009,11.20,US10Y,
01/31/2009,7.45,US10Y,
02/07/2009,6.26,US10Y,
02/14/2009,-1.44,US10Y,
02/21/2009,-4.36,US10Y,
02/28/2009,5.58,US10Y,
03/07/2009,-0.14,US10Y,
03/14/2009,0.69,US10Y,
03/21/2009,-5.82,US10Y,
03/28/2009,-0.36,US10Y,
04/04/2009,0.66,US10Y,
04/11/2009,5.98,US10Y,
04/18/2009,-1.95,US10Y,
04/25/2009,3.14,US10Y,
05/02/2009,4.73,US10Y,
05/09/2009,4.26,US10Y,
05/16/2009,-2.85,US10Y,
05/23/2009,4.91,US10Y,
05/30/2009,8.98,US10Y,
06/06/2009,3.02,US10Y,
06/13/2009,5.19,US10Y,
06/20/2009,-3.50,US10Y,
06/27/2009,-3.20,US10Y,
07/04/2009,-2.95,US10Y,
07/11/2009,-3.09,US10Y,
07/18/2009,4.04,US10Y,
07/25/2009,1.91,US10Y,
08/01/2009,1.33,US10Y,
08/08/2009,2.67,US10Y,
08/15/2009,-2.49,US10Y,
08/22/2009,-5.17,US10Y,
08/29/2009,-0.69,US10Y,
09/05/2009,-2.60,US10Y,
09/12/2009,1.26,US10Y,
09/19/2009,1.27,US10Y,
09/26/2009,-0.87,US10Y,
10/03/2009,-4.38,US10Y,
10/10/2009,0.06,US10Y,
10/17/2009,4.56,US10Y,
10/24/2009,-0.04,US10Y,
10/31/2009,1.93,US10Y,
11/07/2009,0.97,US10Y,
11/14/2009,-1.45,US10Y,
11/21/2009,-3.71,US10Y,
11/28/2009,-1.52,US10Y,
12/05/2009,1.24,US10Y,
12/12/2009,3.90,US10Y,
12/19/2009,2.83,US10Y,
12/26/2009,5.50,US10Y,
01/02/2010,1.86,US10Y,
01/09/2010,0.00,US10Y,
01/16/2010,-1.57,US10Y,
01/23/2010,-2.85,US10Y,
01/30/2010,-0.18,US10Y,
02/06/2010,0.05,US10Y,
02/13/2010,0.77,US10Y,
02/20/2010,1.53,US10Y,
02/27/2010,-1.46,US10Y,
03/06/2010,-1.52,US10Y,
03/13/2010,2.42,US10Y,
03/20/2010,-1.08,US10Y,
03/27/2010,3.10,US10Y,
04/03/2010,2.53,US10Y,
04/10/2010,1.23,US10Y,
04/17/2010,-2.29,US10Y,
04/24/2010,-0.94,US10Y,
05/01/2010,-1.42,US10Y,
05/08/2010,-5.32,US10Y,
05/15/2010,-0.62,US10Y,
05/22/2010,-5.77,US10Y,
05/29/2010,-2.34,US10Y,
06/05/2010,1.64,US10Y,
06/12/2010,-2.52,US10Y,
06/19/2010,1.24,US10Y,
06/26/2010,-3.00,US10Y,
07/03/2010,-5.56,US10Y,
07/10/2010,0.84,US10Y,
07/17/2010,1.23,US10Y,
07/24/2010,-2.69,US10Y,
07/31/2010,1.75,US10Y,
08/07/2010,-2.65,US10Y,
08/14/2010,-6.25,US10Y,
08/21/2010,-5.29,US10Y,
08/28/2010,-1.99,US10Y,
09/04/2010,1.09,US10Y,
09/11/2010,4.81,US10Y,
09/18/2010,0.87,US10Y,
09/25/2010,-4.46,US10Y,
10/02/2010,-3.52,US10Y,
10/09/2010,-3.01,US10Y,
10/16/2010,2.31,US10Y,
10/23/2010,1.42,US10Y,
10/30/2010,5.04,US10Y,
11/06/2010,-1.95,US10Y,
11/13/2010,2.62,US10Y,
11/20/2010,7.66,US10Y,
11/27/2010,-1.58,US10Y,
12/04/2010,3.15,US10Y,
12/11/2010,8.53,US10Y,
12/18/2010,7.54,US10Y,
12/25/2010,-1.52,US10Y,
01/01/2011,0.24,US10Y,
01/08/2011,0.65,US10Y,
01/15/2011,-1.29,US10Y,
01/22/2011,1.83,US10Y,
01/29/2011,-0.45,US10Y,
02/05/2011,3.94,US10Y,
02/12/2011,4.19,US10Y,
02/19/2011,-2.17,US10Y,
02/26/2011,-4.06,US10Y,
03/05/2011,0.42,US10Y,
03/12/2011,-0.23,US10Y,
03/19/2011,-5.08,US10Y,
03/26/2011,2.92,US10Y,
04/02/2011,2.66,US10Y,
04/09/2011,1.78,US10Y,
04/16/2011,-0.79,US10Y,
04/23/2011,-2.79,US10Y,
04/30/2011,-1.58,US10Y,
05/07/2011,-3.40,US10Y,
05/14/2011,-1.36,US10Y,
05/21/2011,-1.38,US10Y,
05/28/2011,-1.59,US10Y,
06/04/2011,-3.03,US10Y,
06/11/2011,-0.33,US10Y,
06/18/2011,-0.27,US10Y,
06/25/2011,-1.20,US10Y,
07/02/2011,5.14,US10Y,
07/09/2011,0.39,US10Y,
07/16/2011,-5.77,US10Y,
07/23/2011,0.88,US10Y,
07/30/2011,0.00,US10Y,
08/06/2011,-11.53,US10Y,
08/13/2011,-13.49,US10Y,
08/20/2011,-4.49,US10Y,
08/27/2011,1.11,US10Y,
09/03/2011,-0.82,US10Y,
09/10/2011,-8.46,US10Y,
09/17/2011,1.91,US10Y,
09/24/2011,-7.69,US10Y,
10/01/2011,5.24,US10Y,
10/08/2011,-2.13,US10Y,
10/15/2011,15.02,US10Y,
10/22/2011,-0.97,US10Y,
10/29/2011,3.64,US10Y,
11/05/2011,-8.96,US10Y,
11/12/2011,-1.30,US10Y,
11/19/2011,-1.42,US10Y,
11/26/2011,-3.65,US10Y,
12/03/2011,5.12,US10Y,
12/10/2011,-0.10,US10Y,
12/17/2011,-5.00,US10Y,
12/24/2011,0.52,US10Y,
12/31/2011,-0.54,US10Y,
01/07/2012,2.84,US10Y,
01/14/2012,-2.23,US10Y,
01/21/2012,0.74,US10Y,
01/28/2012,2.62,US10Y,
02/04/2012,-6.65,US10Y,
02/11/2012,5.74,US10Y,
02/18/2012,-1.01,US10Y,
02/25/2012,2.01,US10Y,
03/03/2012,-1.77,US10Y,
03/10/2012,1.52,US10Y,
03/17/2012,10.59,US10Y,
03/24/2012,4.97,US10Y,
03/31/2012,-4.65,US10Y,
04/07/2012,-0.45,US10Y,
04/14/2012,-7.34,US10Y,
04/21/2012,-2.15,US10Y,
04/28/2012,-0.90,US10Y,
05/05/2012,-1.51,US10Y,
05/12/2012,-3.69,US10Y,
05/19/2012,-7.34,US10Y,
05/26/2012,0.92,US10Y,
06/02/2012,-8.56,US10Y,
06/09/2012,0.40,US10Y,
06/16/2012,0.62,US10Y,
06/23/2012,0.99,US10Y,
06/30/2012,0.12,US10Y,
07/07/2012,-1.80,US10Y,
07/14/2012,-5.49,US10Y,
07/21/2012,-0.52,US10Y,
07/28/2012,-2.77,US10Y,
08/04/2012,4.61,US10Y,
08/11/2012,7.26,US10Y,
08/18/2012,6.65,US10Y,
08/25/2012,-1.47,US10Y,
09/01/2012,-6.21,US10Y,
09/08/2012,0.31,US10Y,
09/15/2012,7.40,US10Y,
09/22/2012,2.85,US10Y,
09/29/2012,-7.09,US10Y,
10/06/2012,-0.24,US10Y,
10/13/2012,2.30,US10Y,
10/20/2012,4.29,US10Y,
10/27/2012,1.46,US10Y,
11/03/2012,-3.97,US10Y,
11/10/2012,-3.33,US10Y,
11/17/2012,-5.77,US10Y,
11/24/2012,5.05,US10Y,
12/01/2012,-1.86,US10Y,
12/08/2012,-1.10,US10Y,
12/15/2012,4.83,US10Y,
12/22/2012,6.49,US10Y,
12/29/2012,-2.58,US10Y,
01/05/2013,6.54,US10Y,
01/12/2013,1.36,US10Y,
01/19/2013,-1.48,US10Y,
01/26/2013,1.34,US10Y,
02/02/2013,6.81,US10Y,
02/09/2013,-0.99,US10Y,
02/16/2013,0.50,US10Y,
02/23/2013,-0.57,US10Y,
03/02/2013,-5.92,US10Y,
03/09/2013,3.93,US10Y,
03/16/2013,4.09,US10Y,
03/23/2013,-4.61,US10Y,
03/30/2013,-2.39,US10Y,
04/06/2013,-4.40,US10Y,
04/13/2013,-1.32,US10Y,
04/20/2013,-3.35,US10Y,
04/27/2013,-0.23,US10Y,
05/04/2013,-1.51,US10Y,
05/11/2013,7.53,US10Y,
05/18/2013,5.47,US10Y,
05/25/2013,3.42,US10Y,
06/01/2013,7.45,US10Y,
06/08/2013,-0.86,US10Y,
06/15/2013,3.58,US10Y,
06/22/2013,5.91,US10Y,
06/29/2013,9.27,US10Y,
07/06/2013,0.45,US10Y,
07/13/2013,3.30,US10Y,
07/20/2013,-3.86,US10Y,
07/27/2013,1.02,US10Y,
08/03/2013,2.96,US10Y,
08/10/2013,-0.83,US10Y,
08/17/2013,4.12,US10Y,
08/24/2013,4.77,US10Y,
08/31/2013,-3.29,US10Y,
09/07/2013,5.64,US10Y,
09/14/2013,0.07,US10Y,
09/21/2013,-4.59,US10Y,
09/28/2013,-4.45,US10Y,
10/05/2013,-0.83,US10Y,
10/12/2013,1.44,US10Y,
10/19/2013,-0.65,US10Y,
10/26/2013,-4.30,US10Y,
11/02/2013,0.78,US10Y,
11/09/2013,4.28,US10Y,
11/16/2013,2.22,US10Y,
11/23/2013,0.24,US10Y,
11/30/2013,-0.33,US10Y,
12/07/2013,3.84,US10Y,
12/14/2013,0.70,US10Y,
12/21/2013,1.12,US10Y,
12/28/2013,3.30,US10Y,
01/04/2014,0.75,US10Y,
01/11/2014,-1.66,US10Y,
01/18/2014,-3.24,US10Y,
01/25/2014,-1.71,US10Y,
02/01/2014,-3.16,US10Y,
02/08/2014,-1.76,US10Y,
02/15/2014,2.54,US10Y,
02/22/2014,-0.49,US10Y,
03/01/2014,-1.70,US10Y,
03/08/2014,0.82,US10Y,
03/15/2014,0.44,US10Y,
03/22/2014,0.74,US10Y,
03/29/2014,-0.58,US10Y,
04/05/2014,1.76,US10Y,
04/12/2014,-3.39,US10Y,
04/19/2014,-0.39,US10Y,
04/26/2014,1.52,US10Y,
05/03/2014,-1.70,US10Y,
05/10/2014,-1.65,US10Y,
05/17/2014,-1.99,US10Y,
05/24/2014,-1.01,US10Y,
05/31/2014,-2.66,US10Y,
06/07/2014,4.67,US10Y,
06/14/2014,1.16,US10Y,
06/21/2014,0.46,US10Y,
06/28/2014,-2.21,US10Y,
07/05/2014,1.09,US10Y,
07/12/2014,-1.08,US10Y,
07/19/2014,-1.79,US10Y,
07/26/2014,-1.43,US10Y,
08/02/2014,1.53,US10Y,
08/09/2014,-2.22,US10Y,
08/16/2014,-2.35,US10Y,
08/23/2014,-0.33,US10Y,
08/30/2014,-1.58,US10Y,
09/06/2014,2.83,US10Y,
09/13/2014,4.15,US10Y,
09/20/2014,2.84,US10Y,
09/27/2014,-2.30,US10Y,
10/04/2014,-3.22,US10Y,
10/11/2014,-4.38,US10Y,
10/18/2014,-7.23,US10Y,
10/25/2014,2.95,US10Y,
11/01/2014,2.84,US10Y,
11/08/2014,1.73,US10Y,
11/15/2014,-0.04,US10Y,
11/22/2014,-0.89,US10Y,
11/29/2014,-3.71,US10Y,
12/06/2014,1.00,US10Y,
12/13/2014,-3.52,US10Y,
12/20/2014,-2.10,US10Y,
12/27/2014,4.36,US10Y,
01/03/2015,-2.68,US10Y,
01/10/2015,-8.34,US10Y,
01/17/2015,-6.91,US10Y,
01/24/2015,-0.43,US10Y,
01/31/2015,-4.43,US10Y,
02/07/2015,2.49,US10Y,
02/14/2015,10.15,US10Y,
02/21/2015,5.84,US10Y,
02/28/2015,-4.95,US10Y,
03/07/2015,6.27,US10Y,
03/14/2015,0.09,US10Y,
03/21/2015,-6.37,US10Y,
03/28/2015,-3.10,US10Y,
04/04/2015,-1.55,US10Y,
04/11/2015,1.26,US10Y,
04/18/2015,-1.45,US10Y,
04/25/2015,1.89,US10Y,
05/02/2015,4.85,US10Y,
05/09/2015,7.57,US10Y,
05/16/2015,2.38,US10Y,
05/23/2015,-0.36,US10Y,
05/30/2015,-4.46,US10Y,
06/06/2015,8.42,US10Y,
06/13/2015,4.58,US10Y,
06/20/2015,-3.97,US10Y,
06/27/2015,3.88,US10Y,
07/04/2015,-1.43,US10Y,
07/11/2015,-3.01,US10Y,
07/18/2015,3.30,US10Y,
07/25/2015,-2.52,US10Y,
08/01/2015,-3.01,US10Y,
08/08/2015,-1.60,US10Y,
08/15/2015,-1.44,US10Y,
08/22/2015,-2.75,US10Y,
08/29/2015,0.56,US10Y,
09/05/2015,1.97,US10Y,
09/12/2015,1.47,US10Y,
09/19/2015,0.45,US10Y,
09/26/2015,-2.70,US10Y,
10/03/2015,-5.09,US10Y,
10/10/2015,1.85,US10Y,
10/17/2015,-2.66,US10Y,
10/24/2015,1.25,US10Y,
10/31/2015,2.72,US10Y,
11/07/2015,6.72,US10Y,
11/14/2015,2.84,US10Y,
11/21/2015,-2.67,US10Y,
11/28/2015,-1.02,US10Y,
12/05/2015,-0.22,US10Y,
12/12/2015,-0.81,US10Y,
12/19/2015,1.63,US10Y,
12/26/2015,-0.36,US10Y,
01/02/2016,2.01,US10Y,
01/09/2016,-4.07,US10Y,
01/16/2016,-4.20,US10Y,
01/23/2016,-2.86,US10Y,
01/30/2016,-1.96,US10Y,
02/06/2016,-5.50,US10Y,
02/13/2016,-9.31,US10Y,
02/20/2016,3.56,US10Y,
02/27/2016,-1.63,US10Y,
03/05/2016,4.47,US10Y,
03/12/2016,4.71,US10Y,
03/19/2016,1.26,US10Y,
03/26/2016,-1.11,US10Y,
04/02/2016,-4.84,US10Y,
04/09/2016,-4.51,US10Y,
04/16/2016,1.84,US10Y,
04/23/2016,3.84,US10Y,
04/30/2016,2.18,US10Y,
05/07/2016,-3.83,US10Y,
05/14/2016,-3.32,US10Y,
05/21/2016,4.01,US10Y,
05/28/2016,1.87,US10Y,
06/04/2016,-2.57,US10Y,
06/11/2016,-5.91,US10Y,
06/18/2016,-5.31,US10Y,
06/25/2016,4.36,US10Y,
07/02/2016,-12.05,US10Y,
07/09/2016,-6.38,US10Y,
07/16/2016,9.71,US10Y,
07/23/2016,4.10,US10Y,
07/30/2016,-2.92,US10Y,
08/06/2016,0.78,US10Y,
08/13/2016,0.13,US10Y,
08/20/2016,0.91,US10Y,
08/27/2016,0.90,US10Y,
09/03/2016,0.38,US10Y,
09/10/2016,0.92,US10Y,
09/17/2016,7.00,US10Y,
09/24/2016,-2.58,US10Y,
10/01/2016,-5.06,US10Y,
10/08/2016,8.12,US10Y,
10/15/2016,4.31,US10Y,
10/22/2016,-1.21,US10Y,
10/29/2016,2.96,US10Y,
11/05/2016,0.55,US10Y,
11/12/2016,9.05,US10Y,
11/19/2016,14.10,US10Y,
11/26/2016,3.45,US10Y,
12/03/2016,1.20,US10Y,
12/10/2016,1.27,US10Y,
12/17/2016,6.01,US10Y,
12/24/2016,0.39,US10Y,
12/31/2016,-1.84,US10Y,
01/07/2017,-3.19,US10Y,
01/14/2017,-1.86,US10Y,
01/21/2017,1.89,US10Y,
01/28/2017,2.35,US10Y,
02/04/2017,-0.16,US10Y,
02/11/2017,-3.39,US10Y,
02/18/2017,2.59,US10Y,
02/25/2017,-2.89,US10Y,
03/04/2017,1.97,US10Y,
03/11/2017,4.93,US10Y,
03/18/2017,0.00,US10Y,
03/25/2017,-5.09,US10Y,
04/01/2017,-0.83,US10Y,
04/08/2017,-2.00,US10Y,
04/15/2017,-2.19,US10Y,
04/22/2017,-3.32,US10Y,
04/29/2017,3.68,US10Y,
05/06/2017,1.13,US10Y,
05/13/2017,2.31,US10Y,
05/20/2017,-4.94,US10Y,
05/27/2017,-0.44,US10Y,
06/03/2017,-2.88,US10Y,
06/10/2017,-0.68,US10Y,
06/17/2017,-0.09,US10Y,
06/24/2017,-0.73,US10Y,
07/01/2017,3.15,US10Y,
07/08/2017,5.83,US10Y,
07/15/2017,-0.34,US10Y,
07/22/2017,-3.40,US10Y,
07/29/2017,1.23,US10Y,
08/05/2017,-1.39,US10Y,
08/12/2017,-1.41,US10Y,
08/19/2017,-0.72,US10Y,
08/26/2017,-1.53,US10Y,
09/02/2017,-1.92,US10Y,
09/09/2017,-3.45,US10Y,
09/16/2017,5.41,US10Y,
09/23/2017,3.39,US10Y,
09/30/2017,1.15,US10Y,
10/07/2017,2.72,US10Y,
10/14/2017,-0.70,US10Y,
10/21/2017,0.19,US10Y,
10/28/2017,3.95,US10Y,
11/04/2017,-2.56,US10Y,
11/11/2017,-1.02,US10Y,
11/18/2017,1.20,US10Y,
11/25/2017,-0.78,US10Y,
12/02/2017,0.70,US10Y,
12/09/2017,-0.08,US10Y,
12/16/2017,0.34,US10Y,
12/23/2017,3.80,US10Y,
12/30/2017,-1.22,US10Y,
01/06/2018,1.13,US10Y,
01/13/2018,3.19,US10Y,
01/20/2018,2.23,US10Y,
01/27/2018,2.06,US10Y,
02/03/2018,4.08,US10Y,
02/10/2018,2.25,US10Y,
02/17/2018,2.06,US10Y,
02/24/2018,1.08,US10Y,
03/03/2018,-1.55,US10Y,
03/10/2018,0.77,US10Y,
03/17/2018,-1.53,US10Y,
03/24/2018,0.63,US10Y,
03/31/2018,-2.49,US10Y,
04/07/2018,-0.11,US10Y,
04/14/2018,0.79,US10Y,
04/21/2018,2.71,US10Y,
04/28/2018,3.96,US10Y,
05/05/2018,-1.27,US10Y,
05/12/2018,0.54,US10Y,
05/19/2018,3.23,US10Y,
05/26/2018,-1.96,US10Y,
06/02/2018,-5.83,US10Y,
06/09/2018,3.72,US10Y,
06/16/2018,0.54,US10Y,
06/23/2018,-1.56,US10Y,
06/30/2018,-1.86,US10Y,
07/07/2018,-0.49,US10Y,
07/14/2018,0.42,US10Y,
07/21/2018,0.42,US10Y,
07/28/2018,3.28,US10Y,
08/04/2018,0.54,US10Y,
08/11/2018,-1.28,US10Y,
08/18/2018,-2.11,US10Y,
08/25/2018,-1.67,US10Y,
09/01/2018,1.49,US10Y,
09/08/2018,1.29,US10Y,
09/15/2018,2.24,US10Y,
09/22/2018,2.76,US10Y,
09/29/2018,0.59,US10Y,
10/06/2018,2.35,US10Y,
10/13/2018,1.21,US10Y,
10/20/2018,-0.13,US10Y,
10/27/2018,-1.20,US10Y,
11/03/2018,0.13,US10Y,
11/10/2018,2.29,US10Y,
11/17/2018,-3.16,US10Y,
11/24/2018,-1.77,US10Y,
12/01/2018,-0.38,US10Y,
12/08/2018,-4.71,US10Y,
12/15/2018,-0.43,US10Y,
12/22/2018,-2.91,US10Y,
12/29/2018,-1.64,US10Y,
01/05/2019,-4.17,US10Y,
01/12/2019,2.99,US10Y,
01/19/2019,0.59,US10Y,
01/26/2019,0.18,US10Y,
02/02/2019,-1.64,US10Y,
02/09/2019,-0.59,US10Y,
02/16/2019,-0.45,US10Y,
02/23/2019,-0.45,US10Y,
03/02/2019,1.43,US10Y,
03/09/2019,-0.74,US10Y,
03/16/2019,-2.32,US10Y,
03/23/2019,-2.68,US10Y,
03/30/2019,-5.50,US10Y,
04/06/2019,3.91,US10Y,
04/13/2019,0.64,US10Y,
04/20/2019,2.44,US10Y,
04/27/2019,-1.14,US10Y,
05/04/2019,-0.63,US10Y,
05/11/2019,-2.29,US10Y,
05/18/2019,-3.15,US10Y,
05/25/2019,-1.00,US10Y,
06/01/2019,-6.51,US10Y,
06/08/2019,-5.12,US10Y,
06/15/2019,0.95,US10Y,
06/22/2019,-3.39,US10Y,
06/29/2019,-1.75,US10Y,
07/06/2019,-0.67,US10Y,
07/13/2019,4.27,US10Y,
07/20/2019,-0.67,US10Y,
07/27/2019,-0.29,US10Y,
08/03/2019,-4.26,US10Y,
08/10/2019,-12.63,US10Y,
08/17/2019,-7.63,US10Y,
08/24/2019,-1.38,US10Y,
08/31/2019,-4.82,US10Y,
09/07/2019,1.00,US10Y,
09/14/2019,16.04,US10Y,
09/21/2019,2.16,US10Y,
09/28/2019,-5.57,US10Y,
10/05/2019,-5.78,US10Y,
10/12/2019,1.63,US10Y,
10/19/2019,8.37,US10Y,
10/26/2019,1.36,US10Y,
11/02/2019,-0.34,US10Y,
11/09/2019,4.84,US10Y,
11/16/2019,0.05,US10Y,
11/23/2019,-4.88,US10Y,
11/30/2019,-0.65,US10Y,
12/07/2019,1.67,US10Y,
12/14/2019,2.57,US10Y,
12/21/2019,3.81,US10Y,
12/28/2019,-0.29,US10Y,
01/04/2020,-1.45,US10Y,
01/11/2020,-1.97,US10Y,
01/18/2020,-0.87,US10Y,
01/25/2020,-4.09,US10Y,
02/01/2020,-9.13,US10Y,
02/08/2020,1.39,US10Y,
02/15/2020,-0.99,US10Y,
02/22/2020,-4.49,US10Y,
02/29/2020,-15.01,US10Y,
03/07/2020,-25.81,US10Y,
03/14/2020,-17.92,US10Y,
03/21/2020,26.14,US10Y,
03/28/2020,-18.91,US10Y,
04/04/2020,-18.86,US10Y,
04/11/2020,11.62,US10Y,
04/18/2020,-6.58,US10Y,
04/25/2020,-10.56,US10Y,
05/02/2020,4.92,US10Y,
05/09/2020,4.38,US10Y,
05/16/2020,-0.30,US10Y,
05/23/2020,3.60,US10Y,
05/30/2020,-1.45,US10Y,
06/06/2020,12.94,US10Y,
06/13/2020,0.00,US10Y,
06/20/2020,-5.99,US10Y,
06/27/2020,-4.71,US10Y,
07/04/2020,-2.98,US10Y,
07/11/2020,-1.72,US10Y,
07/18/2020,-3.35,US10Y,
07/25/2020,-5.05,US10Y,
08/01/2020,-3.99,US10Y,
08/08/2020,-4.84,US10Y,
08/15/2020,21.45,US10Y,
08/22/2020,-0.30,US10Y,
08/29/2020,5.41,US10Y,
09/05/2020,-2.85,US10Y,
09/12/2020,0.81,US10Y,
09/19/2020,0.07,US10Y,
09/26/2020,-2.03,US10Y,
10/03/2020,0.89,US10Y,
10/10/2020,15.29,US10Y,
10/17/2020,-5.29,US10Y,
10/24/2020,11.52,US10Y,
10/31/2020,-0.48,US10Y,
11/07/2020,1.21,US10Y,
11/14/2020,11.21,US10Y,
11/21/2020,-6.20,US10Y,
11/28/2020,-0.57,US10Y,
12/05/2020,6.36,US10Y,
12/12/2020,0.65,US10Y,
12/19/2020,0.00,US10Y,
12/26/2020,2.05,US10Y,
01/02/2021,-1.06,US10Y,
01/09/2021,9.95,US10Y,
01/16/2021,10.12,US10Y,
01/23/2021,-2.39,US10Y,
01/30/2021,-3.71,US10Y,
02/06/2021,7.14,US10Y,
02/13/2021,3.16,US10Y,
02/20/2021,10.97,US10Y,
02/27/2021,8.81,US10Y,
03/06/2021,4.79,US10Y,
03/13/2021,5.51,US10Y,
03/20/2021,5.99,US10Y,
03/27/2021,-0.96,US10Y,
04/03/2021,4.49,US10Y,
04/10/2021,-2.56,US10Y,
04/17/2021,-3.22,US10Y,
04/24/2021,-2.59,US10Y,
05/01/2021,2.91,US10Y,
05/08/2021,-1.60,US10Y,
05/15/2021,3.00,US10Y,
05/22/2021,-0.36,US10Y,
05/29/2021,-3.41,US10Y,
06/05/2021,0.76,US10Y,
06/12/2021,-6.00,US10Y,
06/19/2021,0.53,US10Y,
06/26/2021,-0.66,US10Y,
07/03/2021,-2.13,US10Y,
07/10/2021,-8.67,US10Y,
07/17/2021,1.15,US10Y,
07/24/2021,-7.36,US10Y,
07/31/2021,0.48,US10Y,
08/07/2021,-3.16,US10Y,
08/14/2021,9.31,US10Y,
08/21/2021,-5.98,US10Y,
08/28/2021,3.97,US10Y,
09/04/2021,-0.31,US10Y,
09/11/2021,3.14,US10Y,
09/18/2021,-1.41,US10Y,
09/25/2021,3.17,US10Y,
10/02/2021,10.67,US10Y,
10/09/2021,2.38,US10Y,
10/16/2021,0.97,US10Y,
10/23/2021,5.18,US10Y,
10/30/2021,-3.65,US10Y,
11/06/2021,-2.65,US10Y,
11/13/2021,-1.07,US10Y,
11/20/2021,4.62,US10Y,
11/27/2021,0.44,US10Y,
12/04/2021,-10.65,US10Y,
12/11/2021,3.21,US10Y,
12/18/2021,-2.97,US10Y,
12/25/2021,2.19,US10Y,
01/01/2022,3.03,US10Y,
01/08/2022,12.30,US10Y,
01/15/2022,3.06,US10Y,
01/22/2022,4.00,US10Y,
01/29/2022,-1.43,US10Y,
02/05/2022,1.78,US10Y,
02/12/2022,7.01,US10Y,
02/19/2022,1.84,US10Y,
02/26/2022,-1.26,US10Y,
03/05/2022,-8.30,US10Y,
03/12/2022,6.10,US10Y,
03/19/2022,13.18,US10Y,
03/26/2022,9.43,US10Y,
04/02/2022,0.76,US10Y,
04/09/2022,8.55,US10Y,
04/16/2022,6.56,US10Y,
04/23/2022,4.57,US10Y,
04/30/2022,-2.01,US10Y,
05/07/2022,6.51,US10Y,
05/14/2022,-2.26,US10Y,
05/21/2022,-2.38,US10Y,
05/28/2022,-3.55,US10Y,
06/04/2022,5.25,US10Y,
06/11/2022,4.47,US10Y,
06/18/2022,10.10,US10Y,
06/25/2022,-5.47,US10Y,
07/02/2022,-3.17,US10Y,
07/09/2022,-3.56,US10Y,
07/16/2022,-0.42,US10Y,
07/23/2022,-0.41,US10Y,
07/30/2022,-6.40,US10Y,
08/06/2022,-1.16,US10Y,
08/13/2022,3.46,US10Y,
08/20/2022,2.13,US10Y,
08/27/2022,6.27,US10Y,
09/03/2022,3.80,US10Y,
09/10/2022,4.32,US10Y,
09/17/2022,3.48,US10Y,
09/24/2022,5.03,US10Y,
10/01/2022,6.68,US10Y,
10/08/2022,-2.04,US10Y,
10/15/2022,5.29,US10Y,
10/22/2022,4.34,US10Y,
10/29/2022,-1.21,US10Y,
11/05/2022,1.03,US10Y,
11/12/2022,-1.00,US10Y,
11/19/2022,-7.04,US10Y,
11/26/2022,-1.14,US10Y,
12/03/2022,-3.02,US10Y,
12/10/2022,-3.19,US10Y,
12/17/2022,-0.28,US10Y,
12/24/2022,4.73,US10Y,
12/31/2022,5.05,US10Y,
01/01/2000,-0.86,DXY,
01/08/2000,1.01,DXY,
01/15/2000,-0.05,DXY,
01/22/2000,2.20,DXY,
01/29/2000,-0.15,DXY,
02/05/2000,-0.11,DXY,
02/12/2000,0.41,DXY,
02/19/2000,0.83,DXY,
02/26/2000,0.68,DXY,
03/04/2000,-0.47,DXY,
03/11/2000,-0.53,DXY,
03/18/2000,-0.52,DXY,
03/25/2000,0.74,DXY,
04/01/2000,0.34,DXY,
04/08/2000,-0.31,DXY,
04/15/2000,2.04,DXY,
04/22/2000,2.86,DXY,
04/29/2000,1.28,DXY,
05/06/2000,-1.27,DXY,
05/13/2000,1.42,DXY,
05/20/2000,-2.12,DXY,
05/27/2000,-0.83,DXY,
06/03/2000,-0.76,DXY,
06/10/2000,-1.03,DXY,
06/17/2000,1.90,DXY,
06/24/2000,-1.13,DXY,
07/01/2000,0.78,DXY,
07/08/2000,0.86,DXY,
07/15/2000,0.09,DXY,
07/22/2000,1.13,DXY,
07/29/2000,0.99,DXY,
08/05/2000,0.32,DXY,
08/12/2000,-0.18,DXY,
08/19/2000,0.38,DXY,
08/26/2000,0.14,DXY,
09/02/2000,2.45,DXY,
09/09/2000,0.98,DXY,
09/16/2000,-2.20,DXY,
09/23/2000,-0.15,DXY,
09/30/2000,1.51,DXY,
10/07/2000,1.05,DXY,
10/14/2000,1.17,DXY,
10/21/2000,0.17,DXY,
10/28/2000,-2.04,DXY,
11/04/2000,0.76,DXY,
11/11/2000,1.37,DXY,
11/18/2000,1.09,DXY,
11/25/2000,-3.21,DXY,
12/02/2000,-0.57,DXY,
12/09/2000,-1.03,DXY,
12/16/2000,-1.91,DXY,
12/23/2000,-0.81,DXY,
12/30/2000,-0.83,DXY,
01/06/2001,0.95,DXY,
01/13/2001,0.65,DXY,
01/20/2001,0.84,DXY,
01/27/2001,-1.08,DXY,
02/03/2001,1.20,DXY,
02/10/2001,0.55,DXY,
02/17/2001,-0.44,DXY,
02/24/2001,-0.89,DXY,
03/03/2001,0.28,DXY,
03/10/2001,3.45,DXY,
03/17/2001,0.59,DXY,
03/24/2001,1.14,DXY,
03/31/2001,-2.51,DXY,
04/07/2001,0.72,DXY,
04/14/2001,-1.76,DXY,
04/21/2001,1.25,DXY,
04/28/2001,-0.64,DXY,
05/05/2001,1.46,DXY,
05/12/2001,-0.47,DXY,
05/19/2001,1.56,DXY,
05/26/2001,0.72,DXY,
06/02/2001,0.06,DXY,
06/09/2001,-0.89,DXY,
06/16/2001,0.60,DXY,
06/23/2001,0.56,DXY,
06/30/2001,0.43,DXY,
07/07/2001,-0.50,DXY,
07/14/2001,-1.69,DXY,
07/21/2001,-0.45,DXY,
07/28/2001,-0.63,DXY,
08/04/2001,-0.83,DXY,
08/11/2001,-1.98,DXY,
08/18/2001,0.22,DXY,
08/25/2001,0.02,DXY,
09/01/2001,0.50,DXY,
09/08/2001,0.57,DXY,
09/15/2001,0.95,DXY,
09/22/2001,0.59,DXY,
09/29/2001,-0.69,DXY,
10/06/2001,1.02,DXY,
10/13/2001,1.22,DXY,
10/20/2001,0.66,DXY,
10/27/2001,-0.56,DXY,
11/03/2001,0.18,DXY,
11/10/2001,1.11,DXY,
11/17/2001,0.57,DXY,
11/24/2001,-0.85,DXY,
12/01/2001,0.47,DXY,
12/08/2001,-0.97,DXY,
12/15/2001,1.70,DXY,
12/22/2001,0.52,DXY,
12/29/2001,-0.79,DXY,
01/05/2002,0.57,DXY,
01/12/2002,0.86,DXY,
01/19/2002,1.91,DXY,
01/26/2002,0.08,DXY,
02/02/2002,-0.71,DXY,
02/09/2002,-0.40,DXY,
02/16/2002,0.02,DXY,
02/23/2002,0.69,DXY,
03/02/2002,-1.16,DXY,
03/09/2002,-0.62,DXY,
03/16/2002,0.33,DXY,
03/23/2002,0.41,DXY,
03/30/2002,-0.73,DXY,
04/06/2002,-0.08,DXY,
04/13/2002,-1.01,DXY,
04/20/2002,-1.30,DXY,
04/27/2002,-1.21,DXY,
05/04/2002,0.09,DXY,
05/11/2002,-0.68,DXY,
05/18/2002,-0.23,DXY,
05/25/2002,-0.94,DXY,
06/01/2002,-0.84,DXY,
06/08/2002,-0.57,DXY,
06/15/2002,-2.38,DXY,
06/22/2002,-1.81,DXY,
06/29/2002,1.81,DXY,
07/06/2002,-0.54,DXY,
07/13/2002,-1.23,DXY,
07/20/2002,2.18,DXY,
07/27/2002,-0.03,DXY,
08/03/2002,1.11,DXY,
08/10/2002,-0.97,DXY,
08/17/2002,1.25,DXY,
08/24/2002,-1.07,DXY,
08/31/2002,0.39,DXY,
09/07/2002,1.25,DXY,
09/14/2002,-0.87,DXY,
09/21/2002,0.01,DXY,
09/28/2002,0.49,DXY,
10/05/2002,-0.47,DXY,
10/12/2002,1.37,DXY,
10/19/2002,-0.42,DXY,
10/26/2002,-1.96,DXY,
11/02/2002,-1.50,DXY,
11/09/2002,0.45,DXY,
11/16/2002,0.93,DXY,
11/23/2002,0.13,DXY,
11/30/2002,-1.14,DXY,
12/07/2002,-1.12,DXY,
12/14/2002,-0.40,DXY,
12/21/2002,-0.77,DXY,
12/28/2002,0.05,DXY,
01/04/2003,-1.03,DXY,
01/11/2003,-0.86,DXY,
01/18/2003,-1.65,DXY,
01/25/2003,0.69,DXY,
02/01/2003,-0.69,DXY,
02/08/2003,0.40,DXY,
02/15/2003,-0.16,DXY,
02/22/2003,-0.42,DXY,
03/01/2003,-1.70,DXY,
03/08/2003,2.12,DXY,
03/15/2003,2.68,DXY,
03/22/2003,-1.39,DXY,
03/29/2003,0.50,DXY,
04/05/2003,-0.67,DXY,
04/12/2003,-0.98,DXY,
04/19/2003,-0.86,DXY,
04/26/2003,-1.56,DXY,
05/03/2003,-1.88,DXY,
05/10/2003,-0.50,DXY,
05/17/2003,-0.55,DXY,
05/24/2003,0.67,DXY,
05/31/2003,-0.27,DXY,
06/07/2003,-1.36,DXY,
06/14/2003,2.02,DXY,
06/21/2003,1.16,DXY,
06/28/2003,-0.56,DXY,
07/05/2003,1.35,DXY,
07/12/2003,0.91,DXY,
07/19/2003,-1.81,DXY,
07/26/2003,1.70,DXY,
08/02/2003,-0.21,DXY,
08/09/2003,0.33,DXY,
08/16/2003,2.35,DXY,
08/23/2003,-0.92,DXY,
08/30/2003,-0.81,DXY,
09/06/2003,-1.23,DXY,
09/13/2003,-1.22,DXY,
09/20/2003,0.11,DXY,
09/27/2003,-0.66,DXY,
10/04/2003,-1.74,DXY,
10/11/2003,0.39,DXY,
10/18/2003,-0.75,DXY,
10/25/2003,1.42,DXY,
11/01/2003,0.41,DXY,
11/08/2003,-1.87,DXY,
11/15/2003,-0.52,DXY,
11/22/2003,-0.45,DXY,
11/29/2003,-1.13,DXY,
12/06/2003,-0.67,DXY,
12/13/2003,-1.22,DXY,
12/20/2003,-0.74,DXY,
12/27/2003,-0.87,DXY,
01/03/2004,-1.53,DXY,
01/10/2004,3.07,DXY,
01/17/2004,-1.24,DXY,
01/24/2004,0.54,DXY,
01/31/2004,-1.29,DXY,
02/07/2004,-0.81,DXY,
02/14/2004,2.00,DXY,
02/21/2004,0.13,DXY,
02/28/2004,1.24,DXY,
03/06/2004,1.03,DXY,
03/13/2004,-1.13,DXY,
03/20/2004,0.78,DXY,
03/27/2004,-0.38,DXY,
04/03/2004,0.49,DXY,
04/10/2004,1.14,DXY,
04/17/2004,1.48,DXY,
04/24/2004,-0.85,DXY,
05/01/2004,0.55,DXY,
05/08/2004,0.55,DXY,
05/15/2004,-1.22,DXY,
05/22/2004,-1.73,DXY,
05/29/2004,-0.11,DXY,
06/05/2004,1.81,DXY,
06/12/2004,-1.25,DXY,
06/19/2004,-0.21,DXY,
06/26/2004,-1.15,DXY,
07/03/2004,-0.69,DXY,
07/10/2004,-0.15,DXY,
07/17/2004,2.48,DXY,
07/24/2004,0.83,DXY,
07/31/2004,-1.50,DXY,
08/07/2004,-0.52,DXY,
08/14/2004,0.28,DXY,
08/21/2004,1.84,DXY,
08/28/2004,-0.19,DXY,
09/04/2004,-1.35,DXY,
09/11/2004,0.70,DXY,
09/18/2004,-0.64,DXY,
09/25/2004,-0.74,DXY,
10/02/2004,-0.31,DXY,
10/09/2004,-0.41,DXY,
10/16/2004,-1.40,DXY,
10/23/2004,-0.66,DXY,
10/30/2004,-0.81,DXY,
11/06/2004,-0.23,DXY,
11/13/2004,-0.45,DXY,
11/20/2004,-1.79,DXY,
11/27/2004,-1.16,DXY,
12/04/2004,1.96,DXY,
12/11/2004,-0.62,DXY,
12/18/2004,-1.00,DXY,
12/25/2004,-0.53,DXY,
01/01/2005,3.16,DXY,
01/08/2005,-0.52,DXY,
01/15/2005,0.40,DXY,
01/22/2005,0.40,DXY,
01/29/2005,0.94,DXY,
02/05/2005,0.05,DXY,
02/12/2005,-1.15,DXY,
02/19/2005,-1.05,DXY,
02/26/2005,-0.04,DXY,
03/05/2005,-1.36,DXY,
03/12/2005,1.00,DXY,
03/19/2005,2.46,DXY,
03/26/2005,0.15,DXY,
04/02/2005,-0.04,DXY,
04/09/2005,0.08,DXY,
04/16/2005,-1.18,DXY,
04/23/2005,1.10,DXY,
04/30/2005,0.18,DXY,
05/07/2005,1.70,DXY,
05/14/2005,0.48,DXY,
05/21/2005,-0.27,DXY,
05/28/2005,1.31,DXY,
06/04/2005,0.78,DXY,
06/11/2005,-1.12,DXY,
06/18/2005,0.69,DXY,
06/25/2005,1.59,DXY,
07/02/2005,-0.03,DXY,
07/09/2005,-0.51,DXY,
07/16/2005,-0.16,DXY,
07/23/2005,-0.45,DXY,
07/30/2005,-1.51,DXY,
08/06/2005,-1.36,DXY,
08/13/2005,1.94,DXY,
08/20/2005,-0.82,DXY,
08/27/2005,-1.64,DXY,
09/03/2005,0.29,DXY,
09/10/2005,1.39,DXY,
09/17/2005,0.78,DXY,
09/24/2005,0.16,DXY,
10/01/2005,-0.38,DXY,
10/08/2005,0.34,DXY,
10/15/2005,0.88,DXY,
10/22/2005,-0.81,DXY,
10/29/2005,1.84,DXY,
11/05/2005,0.65,DXY,
11/12/2005,0.19,DXY,
11/19/2005,0.19,DXY,
11/26/2005,-0.11,DXY,
12/03/2005,-0.82,DXY,
12/10/2005,-1.89,DXY,
12/17/2005,1.38,DXY,
12/24/2005,0.30,DXY,
12/31/2005,-2.09,DXY,
01/07/2006,-0.08,DXY,
01/14/2006,-0.18,DXY,
01/21/2006,0.60,DXY,
01/28/2006,0.69,DXY,
02/04/2006,0.77,DXY,
02/11/2006,0.10,DXY,
02/18/2006,0.18,DXY,
02/25/2006,-1.32,DXY,
03/04/2006,1.67,DXY,
03/11/2006,-2.10,DXY,
03/18/2006,1.12,DXY,
03/25/2006,-0.36,DXY,
04/01/2006,-0.12,DXY,
04/08/2006,0.02,DXY,
04/15/2006,-0.80,DXY,
04/22/2006,-1.85,DXY,
04/29/2006,-0.94,DXY,
05/06/2006,-1.33,DXY,
05/13/2006,1.52,DXY,
05/20/2006,0.41,DXY,
05/27/2006,-1.20,DXY,
06/03/2006,1.97,DXY,
06/10/2006,0.03,DXY,
06/17/2006,0.94,DXY,
06/24/2006,-1.89,DXY,
07/01/2006,-0.26,DXY,
07/08/2006,1.25,DXY,
07/15/2006,-0.28,DXY,
07/22/2006,-0.49,DXY,
07/29/2006,-0.96,DXY,
08/05/2006,1.17,DXY,
08/12/2006,-0.47,DXY,
08/19/2006,0.42,DXY,
08/26/2006,-0.53,DXY,
09/02/2006,1.27,DXY,
09/09/2006,0.02,DXY,
09/16/2006,-1.00,DXY,
09/23/2006,0.93,DXY,
09/30/2006,0.50,DXY,
10/07/2006,0.68,DXY,
10/14/2006,-1.03,DXY,
10/21/2006,-0.86,DXY,
10/28/2006,0.16,DXY,
11/04/2006,-0.76,DXY,
11/11/2006,0.41,DXY,
11/18/2006,-1.91,DXY,
11/25/2006,-1.04,DXY,
12/02/2006,1.18,DXY,
12/09/2006,0.86,DXY,
12/16/2006,-0.11,DXY,
12/23/2006,-0.14,DXY,
12/30/2006,1.40,DXY,
01/06/2007,0.46,DXY,
01/13/2007,-0.09,DXY,
01/20/2007,0.45,DXY,
01/27/2007,-0.22,DXY,
02/03/2007,-0.13,DXY,
02/10/2007,-0.87,DXY,
02/17/2007,-0.04,DXY,
02/24/2007,-0.27,DXY,
03/03/2007,0.61,DXY,
03/10/2007,-1.19,DXY,
03/17/2007,0.13,DXY,
03/24/2007,-0.55,DXY,
03/31/2007,0.10,DXY,
04/07/2007,-1.05,DXY,
04/14/2007,-0.48,DXY,
04/21/2007,-0.12,DXY,
04/28/2007,0.27,DXY,
05/05/2007,0.62,DXY,
05/12/2007,0.12,DXY,
05/19/2007,0.24,DXY,
05/26/2007,-0.04,DXY,
06/02/2007,0.43,DXY,
06/09/2007,0.17,DXY,
06/16/2007,-0.60,DXY,
06/23/2007,-0.51,DXY,
06/30/2007,-0.50,DXY,
07/07/2007,-1.08,DXY,
07/14/2007,-0.30,DXY,
07/21/2007,1.02,DXY,
07/28/2007,-0.98,DXY,
08/04/2007,0.71,DXY,
08/11/2007,0.87,DXY,
08/18/2007,-0.80,DXY,
08/25/2007,0.11,DXY,
09/01/2007,-1.05,DXY,
09/08/2007,-0.36,DXY,
09/15/2007,-1.33,DXY,
09/22/2007,-0.85,DXY,
09/29/2007,0.67,DXY,
10/06/2007,-0.13,DXY,
10/13/2007,-1.02,DXY,
10/20/2007,-0.32,DXY,
10/27/2007,-0.69,DXY,
11/03/2007,-1.30,DXY,
11/10/2007,0.41,DXY,
11/17/2007,-0.96,DXY,
11/24/2007,1.38,DXY,
12/01/2007,0.47,DXY,
12/08/2007,1.51,DXY,
12/15/2007,0.45,DXY,
12/22/2007,-1.82,DXY,
12/29/2007,-0.25,DXY,
01/05/2008,-0.09,DXY,
01/12/2008,1.02,DXY,
01/19/2008,-0.90,DXY,
01/26/2008,-0.65,DXY,
02/02/2008,1.63,DXY,
02/09/2008,-0.46,DXY,
02/16/2008,-0.66,DXY,
02/23/2008,-2.41,DXY,
03/01/2008,-0.98,DXY,
03/08/2008,-1.82,DXY,
03/15/2008,1.56,DXY,
03/22/2008,-1.51,DXY,
03/29/2008,0.57,DXY,
04/05/2008,-0.24,DXY,
04/12/2008,-0.48,DXY,
04/19/2008,1.13,DXY,
04/26/2008,1.06,DXY,
05/03/2008,-0.56,DXY,
05/10/2008,-0.30,DXY,
05/17/2008,-1.26,DXY,
05/24/2008,1.24,DXY,
05/31/2008,-0.66,DXY,
06/07/2008,2.57,DXY,
06/14/2008,-1.32,DXY,
06/21/2008,-0.97,DXY,
06/28/2008,0.55,DXY,
07/05/2008,-0.81,DXY,
07/12/2008,0.46,DXY,
07/19/2008,0.93,DXY,
07/26/2008,0.82,DXY,
08/02/2008,3.38,DXY,
08/09/2008,1.79,DXY,
08/16/2008,-0.43,DXY,
08/23/2008,0.77,DXY,
08/30/2008,2.17,DXY,
09/06/2008,0.32,DXY,
09/13/2008,-0.94,DXY,
09/20/2008,-0.81,DXY,
09/27/2008,4.42,DXY,
10/04/2008,2.36,DXY,
10/11/2008,1.02,DXY,
10/18/2008,4.78,DXY,
10/25/2008,-0.80,DXY,
11/01/2008,0.12,DXY,
11/08/2008,0.79,DXY,
11/15/2008,0.71,DXY,
11/22/2008,-1.24,DXY,
11/29/2008,0.80,DXY,
12/06/2008,-3.72,DXY,
12/13/2008,-2.88,DXY,
12/20/2008,-0.19,DXY,
12/27/2008,1.19,DXY,
01/03/2009,1.35,DXY,
01/10/2009,2.11,DXY,
01/17/2009,2.28,DXY,
01/24/2009,0.57,DXY,
01/31/2009,-0.83,DXY,
02/07/2009,1.03,DXY,
02/14/2009,0.14,DXY,
02/21/2009,1.34,DXY,
02/28/2009,-0.08,DXY,
03/07/2009,-1.31,DXY,
03/14/2009,-3.95,DXY,
03/21/2009,1.93,DXY,
03/28/2009,-1.43,DXY,
04/04/2009,1.82,DXY,
04/11/2009,0.50,DXY,
04/18/2009,-1.28,DXY,
04/25/2009,-0.22,DXY,
05/02/2009,-2.45,DXY,
05/09/2009,0.73,DXY,
05/16/2009,-3.63,DXY,
05/23/2009,0.56,DXY,
05/30/2009,1.86,DXY,
06/06/2009,-0.72,DXY,
06/13/2009,0.19,DXY,
06/20/2009,-0.50,DXY,
06/27/2009,0.61,DXY,
07/04/2009,-0.30,DXY,
07/11/2009,-1.11,DXY,
07/18/2009,-0.92,DXY,
07/25/2009,-0.51,DXY,
08/01/2009,1.00,DXY,
08/08/2009,0.01,DXY,
08/15/2009,-0.95,DXY,
08/22/2009,0.44,DXY,
08/29/2009,-0.31,DXY,
09/05/2009,-1.91,DXY,
09/12/2009,-0.27,DXY,
09/19/2009,0.39,DXY,
09/26/2009,0.48,DXY,
10/03/2009,-0.62,DXY,
10/10/2009,-0.90,DXY,
10/17/2009,-0.13,DXY,
10/24/2009,1.17,DXY,
10/31/2009,-0.75,DXY,
11/07/2009,-0.46,DXY,
11/14/2009,0.79,DXY,
11/21/2009,-0.75,DXY,
11/28/2009,1.40,DXY,
12/05/2009,1.22,DXY,
12/12/2009,1.63,DXY,
12/19/2009,0.08,DXY,
12/26/2009,0.15,DXY,
01/02/2010,-0.59,DXY,
01/09/2010,0.14,DXY,
01/16/2010,1.69,DXY,
01/23/2010,1.59,DXY,
01/30/2010,1.27,DXY,
02/06/2010,-0.12,DXY,
02/13/2010,0.31,DXY,
02/20/2010,-0.15,DXY,
02/27/2010,0.12,DXY,
03/06/2010,-0.71,DXY,
03/13/2010,1.11,DXY,
03/20/2010,1.03,DXY,
03/27/2010,-0.20,DXY,
04/03/2010,-0.07,DXY,
04/10/2010,0.57,DXY,
04/17/2010,0.56,DXY,
04/24/2010,0.49,DXY,
05/01/2010,3.24,DXY,
05/08/2010,2.61,DXY,
05/15/2010,-0.97,DXY,
05/22/2010,0.96,DXY,
05/29/2010,1.71,DXY,
06/05/2010,-1.06,DXY,
06/12/2010,-1.45,DXY,
06/19/2010,-0.11,DXY,
06/26/2010,-1.07,DXY,
07/03/2010,-0.53,DXY,
07/10/2010,-1.74,DXY,
07/17/2010,-0.28,DXY,
07/24/2010,-1.31,DXY,
07/31/2010,-1.36,DXY,
08/07/2010,3.24,DXY,
08/14/2010,0.27,DXY,
08/21/2010,-0.12,DXY,
08/28/2010,0.35,DXY,
09/04/2010,0.80,DXY,
09/11/2010,-1.55,DXY,
09/18/2010,-2.48,DXY,
09/25/2010,-1.56,DXY,
10/02/2010,-1.04,DXY,
10/09/2010,-0.03,DXY,
10/16/2010,0.57,DXY,
10/23/2010,-0.18,DXY,
10/30/2010,-0.52,DXY,
11/06/2010,2.17,DXY,
11/13/2010,0.49,DXY,
11/20/2010,2.75,DXY,
11/27/2010,-1.53,DXY,
12/04/2010,1.10,DXY,
12/11/2010,0.17,DXY,
12/18/2010,0.05,DXY,
12/25/2010,-2.02,DXY,
01/01/2011,2.47,DXY,
01/08/2011,-2.46,DXY,
01/15/2011,-1.09,DXY,
01/22/2011,-0.01,DXY,
01/29/2011,-0.34,DXY,
02/05/2011,0.50,DXY,
02/12/2011,-1.13,DXY,
02/19/2011,-0.35,DXY,
02/26/2011,-1.16,DXY,
03/05/2011,0.52,DXY,
03/12/2011,-0.99,DXY,
03/19/2011,0.83,DXY,
03/26/2011,-0.73,DXY,
04/02/2011,-1.08,DXY,
04/09/2011,-0.19,DXY,
04/16/2011,-1.20,DXY,
04/23/2011,-1.58,DXY,
04/30/2011,2.44,DXY,
05/07/2011,1.27,DXY,
05/14/2011,-0.61,DXY,
05/21/2011,-1.17,DXY,
05/28/2011,-1.44,DXY,
06/04/2011,1.55,DXY,
06/11/2011,0.12,DXY,
06/18/2011,0.75,DXY,
06/25/2011,-1.74,DXY,
07/02/2011,1.24,DXY,
07/09/2011,-0.27,DXY,
07/16/2011,-1.38,DXY,
07/23/2011,-0.30,DXY,
07/30/2011,0.92,DXY,
08/06/2011,0.19,DXY,
08/13/2011,-0.71,DXY,
08/20/2011,-0.42,DXY,
08/27/2011,1.37,DXY,
09/03/2011,3.03,DXY,
09/10/2011,-1.02,DXY,
09/17/2011,1.11,DXY,
09/24/2011,0.60,DXY,
10/01/2011,-0.27,DXY,
10/08/2011,-2.69,DXY,
10/15/2011,-0.37,DXY,
10/22/2011,-1.80,DXY,
10/29/2011,2.42,DXY,
11/05/2011,0.03,DXY,
11/12/2011,1.64,DXY,
11/19/2011,2.09,DXY,
11/26/2011,-0.77,DXY,
12/03/2011,0.08,DXY,
12/10/2011,1.94,DXY,
12/17/2011,-0.22,DXY,
12/24/2011,0.30,DXY,
12/31/2011,1.26,DXY,
01/07/2012,0.00,DXY,
01/14/2012,-1.47,DXY,
01/21/2012,-1.83,DXY,
01/28/2012,0.05,DXY,
02/04/2012,0.05,DXY,
02/11/2012,0.63,DXY,
02/18/2012,-0.97,DXY,
02/25/2012,1.29,DXY,
03/03/2012,0.73,DXY,
03/10/2012,-0.25,DXY,
03/17/2012,-0.53,DXY,
03/24/2012,-0.49,DXY,
03/31/2012,1.60,DXY,
04/07/2012,-0.03,DXY,
04/14/2012,-0.90,DXY,
04/21/2012,-0.68,DXY,
04/28/2012,0.89,DXY,
05/05/2012,0.46,DXY,
05/12/2012,1.09,DXY,
05/19/2012,1.45,DXY,
05/26/2012,0.79,DXY,
06/02/2012,0.05,DXY,
06/09/2012,-0.32,DXY,
06/16/2012,1.12,DXY,
06/23/2012,-0.84,DXY,
06/30/2012,2.02,DXY,
07/07/2012,-0.04,DXY,
07/14/2012,0.26,DXY,
07/21/2012,-1.14,DXY,
07/28/2012,-0.37,DXY,
08/04/2012,0.27,DXY,
08/11/2012,0.02,DXY,
08/18/2012,-1.21,DXY,
08/25/2012,-0.39,DXY,
09/01/2012,-1.22,DXY,
09/08/2012,-1.65,DXY,
09/15/2012,0.58,DXY,
09/22/2012,0.68,DXY,
09/29/2012,-0.83,DXY,
10/06/2012,0.38,DXY,
10/13/2012,-0.09,DXY,
10/20/2012,0.57,DXY,
10/27/2012,0.84,DXY,
11/03/2012,0.50,DXY,
11/10/2012,0.32,DXY,
11/17/2012,-1.20,DXY,
11/24/2012,-0.14,DXY,
12/01/2012,0.30,DXY,
12/08/2012,-1.11,DXY,
12/15/2012,-0.01,DXY,
12/22/2012,0.08,DXY,
12/29/2012,1.11,DXY,
01/05/2013,-1.18,DXY,
01/12/2013,0.65,DXY,
01/19/2013,-0.39,DXY,
01/26/2013,-0.83,DXY,
02/02/2013,1.34,DXY,
02/09/2013,0.46,DXY,
02/16/2013,1.04,DXY,
02/23/2013,0.85,DXY,
03/02/2013,0.49,DXY,
03/09/2013,-0.66,DXY,
03/16/2013,-0.31,DXY,
03/23/2013,0.65,DXY,
03/30/2013,-0.65,DXY,
04/06/2013,-0.22,DXY,
04/13/2013,0.92,DXY,
04/20/2013,0.21,DXY,
04/27/2013,0.07,DXY,
05/04/2013,1.41,DXY,
05/11/2013,1.25,DXY,
05/18/2013,-0.61,DXY,
05/25/2013,-0.35,DXY,
06/01/2013,-1.94,DXY,
06/08/2013,-1.14,DXY,
06/15/2013,2.11,DXY,
06/22/2013,1.04,DXY,
06/29/2013,1.47,DXY,
07/06/2013,-1.78,DXY,
07/13/2013,-0.35,DXY,
07/20/2013,-1.20,DXY,
07/27/2013,0.50,DXY,
08/03/2013,-0.76,DXY,
08/10/2013,0.23,DXY,
08/17/2013,0.25,DXY,
08/24/2013,0.92,DXY,
08/31/2013,0.16,DXY,
09/07/2013,-0.31,DXY,
09/14/2013,-0.97,DXY,
09/21/2013,-0.02,DXY,
09/28/2013,0.11,DXY,
10/05/2013,0.85,DXY,
10/12/2013,-0.61,DXY,
10/19/2013,-0.55,DXY,
10/26/2013,2.00,DXY,
11/02/2013,0.64,DXY,
11/09/2013,-0.55,DXY,
11/16/2013,0.17,DXY,
11/23/2013,-0.01,DXY,
11/30/2013,-0.48,DXY,
12/07/2013,-0.05,DXY,
12/14/2013,0.49,DXY,
12/21/2013,-0.20,DXY,
12/28/2013,0.56,DXY,
01/04/2014,-0.26,DXY,
01/11/2014,0.84,DXY,
01/18/2014,-0.89,DXY,
01/25/2014,1.01,DXY,
02/01/2014,-0.69,DXY,
02/08/2014,-0.79,DXY,
02/15/2014,0.09,DXY,
02/22/2014,-0.62,DXY,
03/01/2014,-0.23,DXY,
03/08/2014,-0.31,DXY,
03/15/2014,0.89,DXY,
03/22/2014,0.07,DXY,
03/29/2014,0.29,DXY,
04/05/2014,-1.23,DXY,
04/12/2014,0.26,DXY,
04/19/2014,-0.11,DXY,
04/26/2014,-0.31,DXY,
05/03/2014,0.50,DXY,
05/10/2014,0.23,DXY,
05/17/2014,0.42,DXY,
05/24/2014,0.10,DXY,
05/31/2014,0.01,DXY,
06/07/2014,0.20,DXY,
06/14/2014,-0.29,DXY,
06/21/2014,-0.41,DXY,
06/28/2014,0.25,DXY,
07/05/2014,-0.09,DXY,
07/12/2014,0.41,DXY,
07/19/2014,0.63,DXY,
07/26/2014,0.35,DXY,
08/02/2014,0.11,DXY,
08/09/2014,0.02,DXY,
08/16/2014,1.13,DXY,
08/23/2014,0.35,DXY,
08/30/2014,1.21,DXY,
09/06/2014,0.53,DXY,
09/13/2014,0.74,DXY,
09/20/2014,0.98,DXY,
09/27/2014,1.25,DXY,
10/04/2014,-0.84,DXY,
10/11/2014,-0.73,DXY,
10/18/2014,0.61,DXY,
10/25/2014,1.39,DXY,
11/01/2014,0.64,DXY,
11/08/2014,-0.03,DXY,
11/15/2014,0.88,DXY,
11/22/2014,0.09,DXY,
11/29/2014,1.25,DXY,
12/06/2014,-1.16,DXY,
12/13/2014,1.58,DXY,
12/20/2014,0.45,DXY,
12/27/2014,1.22,DXY,
01/03/2015,0.89,DXY,
01/10/2015,0.70,DXY,
01/17/2015,2.47,DXY,
01/24/2015,-0.42,DXY,
01/31/2015,-0.15,DXY,
02/07/2015,-0.51,DXY,
02/14/2015,0.16,DXY,
02/21/2015,0.99,DXY,
02/28/2015,2.48,DXY,
03/07/2015,2.67,DXY,
03/14/2015,-2.34,DXY,
03/21/2015,-0.52,DXY,
03/28/2015,-0.66,DXY,
04/04/2015,2.74,DXY,
04/11/2015,-1.84,DXY,
04/18/2015,-0.40,DXY,
04/25/2015,-1.65,DXY,
05/02/2015,-0.45,DXY,
05/09/2015,-1.75,DXY,
05/16/2015,2.98,DXY,
05/23/2015,0.71,DXY,
05/30/2015,-0.60,DXY,
06/06/2015,-1.42,DXY,
06/13/2015,-1.17,DXY,
06/20/2015,1.50,DXY,
06/27/2015,-0.32,DXY,
07/04/2015,0.09,DXY,
07/11/2015,2.18,DXY,
07/18/2015,-0.73,DXY,
07/25/2015,0.17,DXY,
08/01/2015,0.35,DXY,
08/08/2015,-1.02,DXY,
08/15/2015,-1.82,DXY,
08/22/2015,1.32,DXY,
08/29/2015,0.09,DXY,
09/05/2015,-1.00,DXY,
09/12/2015,-0.34,DXY,
09/19/2015,1.00,DXY,
09/26/2015,-0.45,DXY,
10/03/2015,-1.05,DXY,
10/10/2015,-0.33,DXY,
10/17/2015,2.52,DXY,
10/24/2015,-0.09,DXY,
10/31/2015,2.31,DXY,
11/07/2015,-0.20,DXY,
11/14/2015,0.61,DXY,
11/21/2015,0.41,DXY,
11/28/2015,-1.73,DXY,
12/05/2015,-0.79,DXY,
12/12/2015,1.11,DXY,
12/19/2015,-0.75,DXY,
12/26/2015,0.80,DXY,
01/02/2016,-0.15,DXY,
01/09/2016,0.60,DXY,
01/16/2016,0.78,DXY,
01/23/2016,0.11,DXY,
01/30/2016,-2.52,DXY,
02/06/2016,-1.01,DXY,
02/13/2016,0.03,DXY,
02/20/2016,1.60,DXY,
02/27/2016,-0.85,DXY,
03/05/2016,-1.09,DXY,
03/12/2016,-1.26,DXY,
03/19/2016,1.15,DXY,
03/26/2016,-1.72,DXY,
04/02/2016,-0.40,DXY,
04/09/2016,0.54,DXY,
04/16/2016,0.44,DXY,
04/23/2016,-2.13,DXY,
04/30/2016,0.94,DXY,
05/07/2016,0.83,DXY,
05/14/2016,0.78,DXY,
05/21/2016,0.24,DXY,
05/28/2016,-1.70,DXY,
06/04/2016,0.78,DXY,
06/11/2016,-0.45,DXY,
06/18/2016,1.78,DXY,
06/25/2016,0.13,DXY,
07/02/2016,0.64,DXY,
07/09/2016,0.31,DXY,
07/16/2016,0.91,DXY,
07/23/2016,-1.87,DXY,
07/30/2016,0.71,DXY,
08/06/2016,-0.52,DXY,
08/13/2016,-1.22,DXY,
08/20/2016,1.13,DXY,
08/27/2016,0.44,DXY,
09/03/2016,-0.57,DXY,
09/10/2016,0.85,DXY,
09/17/2016,-0.58,DXY,
09/24/2016,-0.05,DXY,
10/01/2016,1.15,DXY,
10/08/2016,1.61,DXY,
10/15/2016,0.65,DXY,
10/22/2016,-0.27,DXY,
10/29/2016,-1.27,DXY,
11/05/2016,1.49,DXY,
11/12/2016,2.23,DXY,
11/19/2016,0.20,DXY,
11/26/2016,-0.66,DXY,
12/03/2016,0.90,DXY,
12/10/2016,1.24,DXY,
12/17/2016,0.08,DXY,
12/24/2016,-0.60,DXY,
12/31/2016,-0.16,DXY,
01/07/2017,-1.06,DXY,
01/14/2017,-0.90,DXY,
01/21/2017,-0.19,DXY,
01/28/2017,-0.48,DXY,
02/04/2017,1.18,DXY,
02/11/2017,0.10,DXY,
02/18/2017,0.15,DXY,
02/25/2017,0.46,DXY,
03/04/2017,-0.19,DXY,
03/11/2017,-0.97,DXY,
03/18/2017,-0.71,DXY,
03/25/2017,0.93,DXY,
04/01/2017,0.68,DXY,
04/08/2017,-0.56,DXY,
04/15/2017,-0.49,DXY,
04/22/2017,0.26,DXY,
04/29/2017,-0.28,DXY,
05/06/2017,0.76,DXY,
05/13/2017,-2.03,DXY,
05/20/2017,0.25,DXY,
05/27/2017,-0.73,DXY,
06/03/2017,0.61,DXY,
06/10/2017,-0.11,DXY,
06/17/2017,0.20,DXY,
06/24/2017,-1.69,DXY,
07/01/2017,0.41,DXY,
07/08/2017,-0.97,DXY,
07/15/2017,-1.22,DXY,
07/22/2017,-0.73,DXY,
07/29/2017,0.19,DXY,
08/05/2017,-0.46,DXY,
08/12/2017,0.37,DXY,
08/19/2017,-0.74,DXY,
08/26/2017,0.49,DXY,
09/02/2017,-1.44,DXY,
09/09/2017,0.01,DXY,
09/16/2017,0.26,DXY,
09/23/2017,0.82,DXY,
09/30/2017,0.55,DXY,
10/07/2017,-0.73,DXY,
10/14/2017,0.68,DXY,
10/21/2017,1.15,DXY,
10/28/2017,0.16,DXY,
11/04/2017,-0.51,DXY,
11/11/2017,-0.79,DXY,
11/18/2017,-1.01,DXY,
11/25/2017,0.23,DXY,
12/02/2017,0.73,DXY,
12/09/2017,0.01,DXY,
12/16/2017,-0.67,DXY,
12/23/2017,-1.21,DXY,
12/30/2017,-0.31,DXY,
01/06/2018,-1.18,DXY,
01/13/2018,-0.41,DXY,
01/20/2018,-1.76,DXY,
01/27/2018,0.20,DXY,
02/03/2018,1.40,DXY,
02/10/2018,-1.36,DXY,
02/17/2018,0.72,DXY,
02/24/2018,0.07,DXY,
03/03/2018,0.29,DXY,
03/10/2018,0.13,DXY,
03/17/2018,-0.84,DXY,
03/24/2018,0.56,DXY,
03/31/2018,0.16,DXY,
04/07/2018,-0.30,DXY,
04/14/2018,0.61,DXY,
04/21/2018,1.35,DXY,
04/28/2018,1.14,DXY,
05/05/2018,-0.03,DXY,
05/12/2018,1.18,DXY,
05/19/2018,0.56,DXY,
05/26/2018,-0.06,DXY,
06/02/2018,-0.65,DXY,
06/09/2018,1.34,DXY,
06/16/2018,-0.28,DXY,
06/23/2018,0.14,DXY,
06/30/2018,-0.62,DXY,
07/07/2018,0.83,DXY,
07/14/2018,-0.24,DXY,
07/21/2018,0.26,DXY,
07/28/2018,0.51,DXY,
08/04/2018,1.22,DXY,
08/11/2018,0.96,DXY,
08/18/2018,-1.02,DXY,
08/25/2018,-0.03,DXY,
09/01/2018,0.19,DXY,
09/08/2018,-0.47,DXY,
09/15/2018,-0.75,DXY,
09/22/2018,1.02,DXY,
09/29/2018,0.54,DXY,
10/06/2018,-0.42,DXY,
10/13/2018,0.38,DXY,
10/20/2018,0.73,DXY,
10/27/2018,0.10,DXY,
11/03/2018,0.49,DXY,
11/10/2018,-0.60,DXY,
11/17/2018,0.51,DXY,
11/24/2018,0.35,DXY,
12/01/2018,-0.64,DXY,
12/08/2018,0.74,DXY,
12/15/2018,-0.48,DXY,
12/22/2018,-0.57,DXY,
12/29/2018,-0.22,DXY,
01/05/2019,-0.51,DXY,
01/12/2019,0.72,DXY,
01/19/2019,-0.58,DXY,
01/26/2019,-0.22,DXY,
02/02/2019,1.09,DXY,
02/09/2019,0.27,DXY,
02/16/2019,-0.31,DXY,
02/23/2019,0.01,DXY,
03/02/2019,1.07,DXY,
03/09/2019,-0.81,DXY,
03/16/2019,0.08,DXY,
03/23/2019,0.66,DXY,
03/30/2019,0.23,DXY,
04/06/2019,-0.43,DXY,
04/13/2019,0.56,DXY,
04/20/2019,0.65,DXY,
04/27/2019,-0.52,DXY,
05/04/2019,-0.24,DXY,
05/11/2019,0.72,DXY,
05/18/2019,-0.36,DXY,
05/25/2019,0.18,DXY,
06/01/2019,-1.05,DXY,
06/08/2019,0.95,DXY,
06/15/2019,-1.33,DXY,
06/22/2019,-0.05,DXY,
06/29/2019,1.04,DXY,
07/06/2019,-0.43,DXY,
07/13/2019,0.32,DXY,
07/20/2019,0.89,DXY,
07/27/2019,0.11,DXY,
08/03/2019,-0.63,DXY,
08/10/2019,0.62,DXY,
08/17/2019,-0.54,DXY,
08/24/2019,1.36,DXY,
08/31/2019,-0.45,DXY,
09/07/2019,-0.16,DXY,
09/14/2019,0.40,DXY,
09/21/2019,0.61,DXY,
09/28/2019,-0.31,DXY,
10/05/2019,-0.53,DXY,
10/12/2019,-1.10,DXY,
10/19/2019,0.50,DXY,
10/26/2019,-0.62,DXY,
11/02/2019,1.16,DXY,
11/09/2019,-0.38,DXY,
11/16/2019,0.30,DXY,
11/23/2019,0.00,DXY,
11/30/2019,-0.58,DXY,
12/07/2019,-0.52,DXY,
12/14/2019,0.55,DXY,
12/21/2019,-0.77,DXY,
12/28/2019,-0.16,DXY,
01/04/2020,0.47,DXY,
01/11/2020,0.27,DXY,
01/18/2020,0.22,DXY,
01/25/2020,-0.50,DXY,
02/01/2020,1.35,DXY,
02/08/2020,0.43,DXY,
02/15/2020,0.07,DXY,
02/22/2020,-1.22,DXY,
02/29/2020,-2.17,DXY,
03/07/2020,3.09,DXY,
03/14/2020,4.42,DXY,
03/21/2020,-3.51,DXY,
03/28/2020,2.31,DXY,
04/04/2020,-1.18,DXY,
04/11/2020,0.29,DXY,
04/18/2020,0.67,DXY,
04/25/2020,-1.43,DXY,
05/02/2020,0.65,DXY,
05/09/2020,0.73,DXY,
05/16/2020,-0.50,DXY,
05/23/2020,-1.43,DXY,
05/30/2020,-1.38,DXY,
06/06/2020,0.50,DXY,
06/13/2020,0.55,DXY,
06/20/2020,-0.16,DXY,
06/27/2020,-0.18,DXY,
07/04/2020,-0.51,DXY,
07/11/2020,-0.74,DXY,
07/18/2020,-1.64,DXY,
07/25/2020,-0.91,DXY,
08/01/2020,-0.02,DXY,
08/08/2020,-0.31,DXY,
08/15/2020,0.16,DXY,
08/22/2020,-0.89,DXY,
08/29/2020,0.46,DXY,
09/05/2020,0.30,DXY,
09/12/2020,-0.39,DXY,
09/19/2020,1.69,DXY,
09/26/2020,-0.78,DXY,
10/03/2020,-0.80,DXY,
10/10/2020,0.67,DXY,
10/17/2020,-1.01,DXY,
10/24/2020,1.38,DXY,
10/31/2020,-1.77,DXY,
11/07/2020,0.56,DXY,
11/14/2020,-0.36,DXY,
11/21/2020,-0.66,DXY,
11/28/2020,-1.18,DXY,
12/05/2020,0.19,DXY,
12/12/2020,-1.06,DXY,
12/19/2020,0.46,DXY,
12/26/2020,-0.31,DXY,
01/02/2021,0.19,DXY,
01/09/2021,0.79,DXY,
01/16/2021,-0.54,DXY,
01/23/2021,0.39,DXY,
01/30/2021,0.56,DXY,
02/06/2021,-0.57,DXY,
02/13/2021,-0.10,DXY,
02/20/2021,0.65,DXY,
02/27/2021,1.15,DXY,
03/06/2021,-0.34,DXY,
03/13/2021,0.28,DXY,
03/20/2021,1.12,DXY,
03/27/2021,0.23,DXY,
04/03/2021,-0.91,DXY,
04/10/2021,-0.67,DXY,
04/17/2021,-0.74,DXY,
04/24/2021,0.50,DXY,
05/01/2021,-1.17,DXY,
05/08/2021,0.10,DXY,
05/15/2021,-0.31,DXY,
05/22/2021,0.00,DXY,
05/29/2021,0.09,DXY,
06/05/2021,0.48,DXY,
06/12/2021,1.90,DXY,
06/19/2021,-0.55,DXY,
06/26/2021,0.46,DXY,
07/03/2021,-0.12,DXY,
07/10/2021,0.64,DXY,
07/17/2021,0.22,DXY,
07/24/2021,-0.80,DXY,
07/31/2021,0.77,DXY,
08/07/2021,-0.28,DXY,
08/14/2021,1.06,DXY,
08/21/2021,-0.82,DXY,
08/28/2021,-0.69,DXY,
09/04/2021,0.50,DXY,
09/11/2021,0.64,DXY,
09/18/2021,0.09,DXY,
09/25/2021,0.81,DXY,
10/02/2021,0.00,DXY,
10/09/2021,-0.17,DXY,
10/16/2021,-0.36,DXY,
10/23/2021,0.49,DXY,
10/30/2021,0.20,DXY,
11/06/2021,0.93,DXY,
11/13/2021,1.00,DXY,
11/20/2021,0.02,DXY,
11/27/2021,-0.02,DXY,
12/04/2021,-0.10,DXY,
12/11/2021,0.54,DXY,
12/18/2021,-0.67,DXY,
12/25/2021,-0.50,DXY,
01/01/2022,0.07,DXY,
01/08/2022,-0.60,DXY,
01/15/2022,0.49,DXY,
01/22/2022,1.70,DXY,
01/29/2022,-1.79,DXY,
02/05/2022,0.63,DXY,
02/12/2022,0.01,DXY,
02/19/2022,0.56,DXY,
02/26/2022,2.19,DXY,
03/05/2022,0.56,DXY,
03/12/2022,-0.91,DXY,
03/19/2022,0.58,DXY,
03/26/2022,-0.18,DXY,
04/02/2022,1.25,DXY,
04/09/2022,0.66,DXY,
04/16/2022,0.72,DXY,
04/23/2022,1.82,DXY,
04/30/2022,0.44,DXY,
05/07/2022,0.87,DXY,
05/14/2022,-1.26,DXY,
05/21/2022,-1.32,DXY,
05/28/2022,0.49,DXY,
06/04/2022,1.94,DXY,
06/11/2022,0.47,DXY,
06/18/2022,-0.44,DXY,
06/25/2022,0.98,DXY,
07/02/2022,1.80,DXY,
07/09/2022,1.07,DXY,
07/16/2022,-1.16,DXY,
07/23/2022,-0.61,DXY,
07/30/2022,0.75,DXY,
08/06/2022,-0.89,DXY,
08/13/2022,2.37,DXY,
08/20/2022,0.65,DXY,
08/27/2022,0.63,DXY,
09/03/2022,-0.55,DXY,
09/10/2022,1.07,DXY,
09/17/2022,3.24,DXY,
09/24/2022,-0.80,DXY,
10/01/2022,0.56,DXY,
10/08/2022,0.50,DXY,
10/15/2022,-1.07,DXY,
10/22/2022,-1.08,DXY,
10/29/2022,0.19,DXY,
11/05/2022,-4.06,DXY,
11/12/2022,0.42,DXY,
11/19/2022,-0.94,DXY,
11/26/2022,-1.42,DXY,
12/03/2022,0.29,DXY,
12/10/2022,-0.22,DXY,
12/17/2022,-0.51,DXY,
12/24/2022,-0.58,DXY,
12/31/2022,0.57,DXY,
