Date,Open,High,Low,Close,Ret
01/01/2000,101.669998,101.830002,99.709999,100.800003,0
08/01/2000,100.699997,101.970001,100.239998,101.720001,0.912696401
15/01/2000,101.809998,102.110001,101.120003,101.760002,0.039324616
22/01/2000,102.230003,104.739998,101.839996,104.480003,2.672956905
29/01/2000,104.449997,105.360001,103.419998,104.290001,-0.181854895
05/02/2000,104.300003,104.910004,103.360001,104.190002,-0.095885511
12/02/2000,104.199997,105.080002,103.669998,104.629997,0.422300597
19/02/2000,104.389999,105.5,102.919998,105.260002,0.602126558
26/02/2000,105.279999,106.860001,104.589996,106,0.703019177
04/03/2000,106.209999,106.610001,105.220001,105.709999,-0.273585849
11/03/2000,105.760002,105.889999,104.839996,105.199997,-0.482453888
18/03/2000,105.32,106.339996,104.650002,104.769997,-0.408745259
25/03/2000,104.669998,106.519997,104.480003,105.440002,0.63950083
01/04/2000,105.610001,106.18,104.230003,105.970001,0.502654581
08/04/2000,106.080002,106.419998,105.480003,105.75,-0.207606868
15/04/2000,105.300003,107.550003,104.959999,107.449997,1.607562175
22/04/2000,107.080002,110.32,106.779999,110.139999,2.503491927
29/04/2000,109.900002,112.230003,109.510002,111.309998,1.062283467
06/05/2000,111.309998,111.860001,109.800003,109.900002,-1.266728978
13/05/2000,109.910004,112.860001,109.809998,111.470001,1.428570493
20/05/2000,111.480003,111.970001,109,109.120003,-2.108188731
27/05/2000,109.029999,109.519997,107.400002,108.120003,-0.916422262
03/06/2000,107.809998,108.040001,105.559998,106.989998,-1.045139631
10/06/2000,107.059998,107.370003,105.919998,105.959999,-0.962705878
17/06/2000,106,108.199997,105.589996,108.010002,1.934695186
24/06/2000,108.059998,108.639999,106.370003,106.839996,-1.083238569
01/07/2000,106.82,107.690002,106.699997,107.650002,0.758148662
08/07/2000,107.529999,108.93,106.779999,108.449997,0.743144436
15/07/2000,108.32,109.919998,108.290001,108.419998,-0.027661596
22/07/2000,108.510002,109.870003,107.830002,109.739998,1.217487571
29/07/2000,109.760002,111.650002,109.349998,110.849998,1.011481702
05/08/2000,110.849998,111.709999,110.290001,111.209999,0.324764101
12/08/2000,111.209999,111.589996,110.099998,111.010002,-0.179837246
19/08/2000,110.93,112.260002,110.839996,111.349998,0.306275105
26/08/2000,111.260002,112.93,111.07,111.419998,0.062864842
02/09/2000,111.610001,114.900002,111.5,114.339996,2.620712666
09/09/2000,114.809998,115.989998,114.120003,115.940002,1.399340612
16/09/2000,116.110001,116.75,111.620003,113.559998,-2.052789338
23/09/2000,113.419998,114.199997,112.639999,113.25,-0.272981688
30/09/2000,113.139999,115.029999,112.949997,114.849998,1.412801766
07/10/2000,114.660004,115.959999,113.870003,115.860001,0.879410551
14/10/2000,115.809998,117.870003,115.510002,117.160004,1.122046426
21/10/2000,117.190002,119.07,117,117.389999,0.19630846
28/10/2000,117.370003,117.690002,112.75,114.970001,-2.061502701
04/11/2000,114.919998,116.620003,114.349998,115.790001,0.713229532
11/11/2000,115.730003,117.349998,115.269997,117.309998,1.312718704
18/11/2000,117.199997,118.690002,116.919998,118.480003,0.997361708
25/11/2000,118.540001,118.610001,114.610001,114.730003,-3.165091074
02/12/2000,114.699997,114.940002,112.790001,114.050003,-0.592695879
09/12/2000,114.07,115.18,112.480003,112.900002,-1.00833053
16/12/2000,112.980003,113.660004,110.470001,110.82,-1.842340091
23/12/2000,110.459999,110.830002,109.459999,109.559998,-1.136980689
30/12/2000,109.330002,110.400002,108.089996,108.419998,-1.040525758
06/01/2001,108.330002,110.099998,108.230003,109.360001,0.867001492
13/01/2001,109.940002,111.099998,109.370003,110.660004,1.188737187
20/01/2001,110.529999,112.650002,109.739998,111.459999,0.722930572
27/01/2001,111.529999,112.080002,109.400002,110.32,-1.022787556
03/02/2001,110.199997,112.57,109.480003,111.519997,1.087742023
10/02/2001,111.650002,113.279999,111.040001,112.260002,0.663562608
17/02/2001,112.519997,113.620003,111.68,112.029999,-0.204884194
24/02/2001,112.169998,113.07,110.82,111.169998,-0.767652421
03/03/2001,111.129997,112.010002,110.93,111.440002,0.242874881
10/03/2001,111.470001,115.760002,111.379997,115.32,3.481692328
17/03/2001,115.260002,116.790001,113.790001,115.940002,0.537636143
24/03/2001,116.050003,117.629997,114.949997,117.370003,1.233397426
31/03/2001,117.699997,117.82,114.360001,114.75,-2.232259464
07/04/2001,114.709999,116.660004,114.610001,115.540001,0.688454031
14/04/2001,116.370003,117.559998,114.230003,114.32,-1.055912229
21/04/2001,114.190002,115.849998,113.860001,115.620003,1.137161477
28/04/2001,115.669998,116.139999,114.269997,114.93,-0.596785143
05/05/2001,115.160004,117.080002,115.089996,116.839996,1.661877665
12/05/2001,116.959999,117.339996,115.739998,116.410004,-0.368017815
19/05/2001,116.370003,118.760002,116.139999,118.18,1.520484442
26/05/2001,118.040001,119.389999,117.970001,118.889999,0.600777627
02/06/2001,119.139999,119.660004,118.32,119.209999,0.269156365
09/06/2001,119.349998,120.330002,117.43,118.290001,-0.771745665
16/06/2001,118.199997,119.620003,118.010002,118.910004,0.524138131
23/06/2001,118.760002,120.129997,117.790001,119.43,0.437302147
30/06/2001,119.389999,121.019997,119.239998,119.900002,0.393537637
07/07/2001,119.93,120.199997,118.120003,119.330002,-0.475396156
14/07/2001,119.220001,119.93,116.650002,117.209999,-1.776588422
21/07/2001,117.470001,118.099998,116.339996,116.940002,-0.230353214
28/07/2001,116.879997,117.459999,115.800003,116.139999,-0.684114064
04/08/2001,116.260002,117.160004,114.989998,115.290001,-0.731873607
11/08/2001,115.269997,115.419998,112.449997,112.989998,-1.994971793
18/08/2001,113.080002,113.82,112.32,113.330002,0.300915131
25/08/2001,113.400002,114.269997,112.540001,113.419998,0.079410569
01/09/2001,113.480003,116.080002,113.400002,114.050003,0.555462009
08/09/2001,113.919998,114.830002,113.779999,114.57,0.455937735
15/09/2001,111.980003,113.440002,111.309998,113.040001,-1.33542725
22/09/2001,112.809998,113.690002,112.040001,113.480003,0.389244512
29/09/2001,113.690002,113.730003,112.559998,112.910004,-0.502290258
06/10/2001,112.739998,114.870003,112.269997,113.889999,0.867943464
13/10/2001,113.480003,115.040001,113.400002,114.860001,0.851700771
20/10/2001,114.889999,116.269997,114.790001,115.650002,0.687794701
27/10/2001,115.18,115.610001,113.660004,114.540001,-0.959793325
03/11/2001,114.879997,115.519997,114.169998,115.089996,0.480177226
10/11/2001,115.129997,116.830002,114.339996,116.410004,1.146935482
17/11/2001,116.660004,117.419998,116.330002,117.330002,0.790308366
24/11/2001,117.129997,117.43,115.220001,116.129997,-1.022760572
01/12/2001,115.610001,116.639999,115.480003,116.150002,0.017226385
08/12/2001,116.059998,116.760002,114.830002,114.93,-1.05036761
15/12/2001,115.029999,117.059998,114.43,116.980003,1.783697033
22/12/2001,116.650002,118.260002,116.559998,117.260002,0.239356294
29/12/2001,117.260002,117.419998,115.540001,116.330002,-0.793109316
05/01/2002,115.980003,117.349998,115.849998,116.639999,0.266480697
12/01/2002,116.510002,118.110001,116.339996,117.510002,0.745887352
19/01/2002,117.599998,119.989998,117.349998,119.849998,1.99131645
26/01/2002,119.699997,120.510002,119.120003,119.790001,-0.050060076
02/02/2002,119.830002,119.93,118.739998,118.980003,-0.676181646
09/02/2002,119.080002,119.370003,118.099998,118.599998,-0.319385603
16/02/2002,118.459999,119.370003,118.089996,118.480003,-0.101176224
23/02/2002,118.580002,120.040001,118.410004,119.400002,0.7765015
02/03/2002,119.379997,119.489998,116.760002,117.989998,-1.180907853
09/03/2002,117.949997,118.43,116.82,117.220001,-0.652595146
16/03/2002,117.660004,118.239998,117.050003,118.050003,0.708071995
23/03/2002,118.129997,118.800003,117.769997,118.620003,0.482846239
30/03/2002,118.559998,118.699997,117.120003,117.690002,-0.784017009
06/04/2002,117.839996,118.349998,117.18,117.739998,0.042481094
13/04/2002,117.480003,117.790001,116.190002,116.290001,-1.231524567
20/04/2002,116.550003,116.779999,115,115.040001,-1.07489895
27/04/2002,114.980003,115.389999,113.5,113.589996,-1.26043549
04/05/2002,113.849998,115.089996,113.389999,113.949997,0.316930199
11/05/2002,113.769997,115.32,112.910004,113,-0.83369638
18/05/2002,113.059998,113.379997,112.160004,112.800003,-0.176988496
25/05/2002,112.870003,113.110001,110.879997,111.809998,-0.877663984
01/06/2002,111.93,112.040001,110.559998,110.989998,-0.733387009
08/06/2002,111.389999,111.470001,110.260002,110.760002,-0.207222276
15/06/2002,110.830002,111.129997,107.959999,108.190002,-2.320332208
22/06/2002,108.07,108.529999,105.370003,106.110001,-1.922544562
29/06/2002,105.760002,107.879997,105.669998,107.669998,1.470169621
06/07/2002,106.459999,107.699997,105.440002,105.889999,-1.653198693
13/07/2002,105.360001,105.889999,103.540001,104.059998,-1.728209479
20/07/2002,104.339996,106.82,104.099998,106.610001,2.450512252
27/07/2002,106.699997,107.910004,106.279999,106.669998,0.056277084
03/08/2002,107.019997,109,106.550003,108.209999,1.443705849
10/08/2002,107.760002,108.300003,106.18,106.720001,-1.376950387
17/08/2002,106.639999,108.480003,106.349998,107.970001,1.171289344
24/08/2002,108.139999,108.260002,106.269997,106.980003,-0.916919506
31/08/2002,106.43,106.839996,105.410004,106.839996,-0.130872122
07/09/2002,106.730003,108.279999,106.580002,108.059998,1.141896336
14/09/2002,108.470001,109.669998,106.779999,107.529999,-0.490467342
21/09/2002,107.519997,108.129997,107.029999,107.529999,0
28/09/2002,107.080002,108.07,106.5,107.599998,0.065097183
05/10/2002,107.760002,108.139999,106.709999,107.25,-0.325276958
12/10/2002,107.050003,108.620003,106.959999,108.519997,1.184146387
19/10/2002,108.379997,108.739998,107.610001,107.919998,-0.55289257
26/10/2002,108.199997,108.330002,105.75,106.080002,-1.704962967
02/11/2002,106.089996,106.419998,104.339996,104.5,-1.489443788
09/11/2002,104.57,105.650002,104.120003,105.040001,0.516747368
16/11/2002,105.139999,106.199997,104.709999,106.120003,1.028181635
23/11/2002,106.269997,106.970001,106.099998,106.410004,0.273276472
30/11/2002,106.57,107.309998,104.919998,105.360001,-0.986752148
07/12/2002,105.160004,105.629997,103.830002,103.980003,-1.309793078
14/12/2002,103.879997,104.279999,103.099998,103.459999,-0.500100005
21/12/2002,103.199997,103.980003,102.389999,102.410004,-1.014880157
28/12/2002,102.419998,103.199997,101.82,102.470001,0.058585097
04/01/2003,102.279999,102.970001,101.220001,101.230003,-1.210108313
11/01/2003,101.419998,101.699997,100.309998,100.550003,-0.671737607
18/01/2003,100.879997,100.959999,99.129997,99.220001,-1.322726962
25/01/2003,99.230003,100.190002,98.760002,99.910004,0.695427326
01/02/2003,100.260002,100.440002,98.650002,99.57,-0.340310266
08/02/2003,99.639999,100.889999,99.410004,100.040001,0.472030732
15/02/2003,100.25,100.690002,99.379997,100.089996,0.049975009
22/02/2003,100.129997,100.449997,99.239998,99.709999,-0.379655325
01/03/2003,99.739998,99.919998,97.57,98.040001,-1.674855097
08/03/2003,97.910004,100.410004,97.57,99.989998,1.988981008
15/03/2003,99.260002,102.150002,99.230003,101.919998,1.930193058
22/03/2003,101.370003,101.639999,99.790001,99.959999,-1.92307598
29/03/2003,99.949997,100.75,98.699997,100.449997,0.490194083
05/04/2003,100.860001,101.809998,99.540001,100.18,-0.268787464
12/04/2003,100.279999,100.43,98.68,99.300003,-0.878415851
19/04/2003,99.209999,99.860001,98.139999,98.360001,-0.94662837
26/04/2003,98.290001,98.980003,96.269997,96.760002,-1.626676478
03/05/2003,96.800003,96.839996,94.68,94.980003,-1.83960207
10/05/2003,94.550003,95.379997,94.059998,94.080002,-0.947568932
17/05/2003,93.559998,94.010002,92.889999,93.050003,-1.094811839
24/05/2003,92.650002,93.919998,92.209999,93.269997,0.23642557
31/05/2003,93.730003,94.050003,92.25,93.480003,0.225159222
07/06/2003,93.489998,93.669998,92.199997,92.220001,-1.347883996
14/06/2003,92.18,94.269997,91.879997,94.040001,1.97354151
21/06/2003,94.059998,95.279999,93.5,95.150002,1.180349839
28/06/2003,95.080002,95.339996,93.959999,94.550003,-0.630582225
05/07/2003,94.519997,96.150002,94.489998,95.800003,1.322051782
12/07/2003,95.989998,97.449997,95.739998,96.860001,1.106469694
19/07/2003,96.709999,96.870003,94.709999,94.959999,-1.961596098
26/07/2003,95.040001,97.550003,94.790001,96.660004,1.790232748
02/08/2003,96.559998,96.650002,95.559998,96.360001,-0.310369323
09/08/2003,96.330002,96.82,95.690002,96.650002,0.300955788
16/08/2003,96.559998,99.25,96.529999,98.830002,2.255561257
23/08/2003,99.010002,99.489998,97.870003,98.099998,-0.738646145
30/08/2003,97.879997,99.370003,97.019997,97.089996,-1.029563731
06/09/2003,97.209999,97.510002,95.779999,96.010002,-1.112363832
13/09/2003,96.129997,96.900002,94.730003,94.959999,-1.093639181
20/09/2003,93.769997,94.389999,93.389999,93.870003,-1.147847527
27/09/2003,93.849998,94.349998,92.080002,93.230003,-0.681793949
04/10/2003,93.139999,93.419998,91.25,91.519997,-1.834179926
11/10/2003,91.93,92.980003,91.489998,92.290001,0.841350552
18/10/2003,91.970001,92.75,91.010002,91.279999,-1.094378577
25/10/2003,91.43,92.75,91.339996,92.730003,1.588523243
01/11/2003,92.639999,94.129997,92.489998,93.019997,0.312729419
08/11/2003,93.18,93.379997,91.199997,91.440002,-1.698554129
15/11/2003,91.07,91.779999,90.209999,90.599998,-0.918639525
22/11/2003,90.620003,91.720001,90.040001,90.209999,-0.430462482
29/11/2003,90.160004,90.540001,89.059998,89.139999,-1.186121286
06/12/2003,89.089996,89.559998,88.370003,88.489998,-0.729191168
13/12/2003,89.199997,89.449997,87.769997,88.110001,-0.429423673
20/12/2003,88.279999,88.300003,87.43,87.629997,-0.544778112
27/12/2003,87.68,87.720001,86.360001,86.919998,-0.810223695
03/01/2004,86.43,86.690002,84.970001,85.110001,-2.082371194
10/01/2004,85.120003,87.870003,84.800003,87.730003,3.078371483
17/01/2004,87.650002,88.07,85.480003,86.559998,-1.33364295
24/01/2004,86.730003,87.860001,86.160004,87.199997,0.739370396
31/01/2004,87.139999,87.669998,85.839996,86.019997,-1.353211056
07/02/2004,86.260002,86.370003,84.739998,85.559998,-0.534758214
14/02/2004,85.529999,87.410004,84.559998,87.239998,1.963534408
21/02/2004,87.199997,88.019997,85.989998,87.309998,0.080238425
28/02/2004,87.099998,89.839996,87.029999,88.18,0.996451747
06/03/2004,88.209999,89.419998,87.599998,89.120003,1.066004763
13/03/2004,89.169998,89.290001,87.360001,88.160004,-1.077198124
20/03/2004,88.199997,89.220001,87.449997,88.889999,0.828034218
27/03/2004,88.849998,89.199997,87.019997,88.510002,-0.427491286
03/04/2004,88.589996,89.580002,88.080002,89.019997,0.576200416
10/04/2004,88.93,90.660004,88.830002,89.940002,1.033481275
17/04/2004,89.75,91.370003,89.389999,91.080002,1.267511646
24/04/2004,91.260002,91.559998,90.230003,90.480003,-0.658760416
01/05/2004,90.629997,91.269997,89.220001,91.129997,0.718384149
08/05/2004,91.160004,92.290001,91.050003,91.660004,0.581594445
15/05/2004,91.610001,91.730003,90.07,90.489998,-1.27646296
22/05/2004,90.519997,90.949997,88.470001,88.949997,-1.70184665
29/05/2004,88.639999,89.470001,88.379997,88.540001,-0.460928627
05/06/2004,88.410004,90.190002,88.040001,90.010002,1.660267657
12/06/2004,90.209999,90.419998,89.040001,89.080002,-1.033218508
19/06/2004,89.07,89.650002,88.620003,88.879997,-0.224522896
26/06/2004,88.989998,89.580002,87.940002,87.970001,-1.023847919
03/07/2004,88.029999,88.360001,87.279999,87.419998,-0.625216544
10/07/2004,87.269997,88.099998,87.089996,87.139999,-0.320291703
17/07/2004,87.099998,89.32,87,89.260002,2.432870122
24/07/2004,89.220001,90.290001,88.760002,89.959999,0.784222479
31/07/2004,89.709999,90.190002,88.260002,88.360001,-1.778566049
07/08/2004,88.360001,89.290001,87.879997,87.900002,-0.520596418
14/08/2004,87.870003,88.330002,87.660004,88.120003,0.250285546
21/08/2004,88.150002,89.830002,88.040001,89.769997,1.872439791
28/08/2004,89.800003,90.07,88.699997,89.629997,-0.15595411
04/09/2004,89.599998,89.730003,88.110001,88.389999,-1.383463172
11/09/2004,88.290001,89.309998,88.230003,88.910004,0.588307508
18/09/2004,88.970001,89.279999,87.860001,88.400002,-0.57361599
25/09/2004,88.279999,88.529999,87.349998,87.629997,-0.87104636
02/10/2004,87.720001,88.639999,87.349998,87.449997,-0.205409114
09/10/2004,87.449997,88.57,86.910004,87.089996,-0.411664966
16/10/2004,87.089996,87.339996,85.82,85.870003,-1.400841722
23/10/2004,85.470001,85.889999,84.730003,84.910004,-1.117967819
30/10/2004,84.699997,85.660004,83.970001,84.010002,-1.05994813
06/11/2004,83.879997,84.669998,83.650002,83.690002,-0.380907026
13/11/2004,83.690002,84.099998,83.010002,83.309998,-0.454061406
20/11/2004,83.269997,83.540001,81.529999,81.779999,-1.836513068
27/11/2004,81.93,82.220001,80.940002,80.980003,-0.978229408
04/12/2004,80.959999,83.18,80.910004,82.550003,1.938750237
11/12/2004,82.669998,82.739998,81.379997,82.160004,-0.472439716
18/12/2004,82.040001,82.129997,81.139999,81.220001,-1.144112651
25/12/2004,81.279999,81.370003,80.389999,80.849998,-0.455556508
01/01/2005,81.050003,83.790001,80.769997,83.610001,3.413732923
08/01/2005,83.489998,83.610001,82,83.059998,-0.657819631
15/01/2005,82.93,84,82.830002,83.260002,0.240794612
22/01/2005,83.150002,84.080002,83.010002,83.480003,0.264233719
29/01/2005,83.599998,84.43,83.239998,84.389999,1.090076626
05/02/2005,84.529999,85.440002,84.360001,84.57,0.213296602
12/02/2005,84.459999,84.529999,83.360001,83.489998,-1.277050964
19/02/2005,83.540001,83.699997,82.400002,82.660004,-0.994123871
26/02/2005,82.57,83.410004,82.300003,82.540001,-0.14517662
05/03/2005,82.540001,82.940002,81.279999,81.419998,-1.356921476
12/03/2005,81.32,82.400002,81.309998,82.129997,0.87202041
19/03/2005,82.110001,84.160004,82.059998,84.129997,2.435163854
26/03/2005,84.300003,84.739998,83.559998,84.43,0.356594569
02/04/2005,84.5,85.120003,84.32,84.470001,0.047377709
09/04/2005,84.489998,85.32,83.949997,84.559998,0.10654315
16/04/2005,84.5,84.730003,83.360001,83.5,-1.253545441
23/04/2005,83.510002,84.480003,83.370003,84.43,1.113772455
30/04/2005,84.459999,84.690002,83.75,84.610001,0.213195547
07/05/2005,84.660004,86.129997,84.220001,86.099998,1.761017589
14/05/2005,86.220001,86.739998,85.769997,86.629997,0.615562151
21/05/2005,86.650002,86.93,86.099998,86.419998,-0.242409105
28/05/2005,86.900002,88.349998,86.860001,88.040001,1.874569587
04/06/2005,88,88.75,87.150002,88.690002,0.7383019
11/06/2005,88.720001,89.360001,87.68,87.730003,-1.082420767
18/06/2005,88.169998,89.349998,87.919998,88.779999,1.196849383
25/06/2005,88.720001,90.230003,88.32,90.129997,1.520610515
02/07/2005,90.279999,90.769997,89.760002,90.25,0.133144351
09/07/2005,90.18,90.239998,88.279999,89.720001,-0.58725651
16/07/2005,89.779999,90.360001,88.440002,89.639999,-0.089168523
23/07/2005,89.75,90.449997,89.150002,89.349998,-0.323517407
30/07/2005,89.410004,89.440002,87.610001,88.059998,-1.443760525
06/08/2005,88.18,88.290001,86.760002,86.980003,-1.22643087
13/08/2005,86.889999,88.900002,86.830002,88.580002,1.839502121
20/08/2005,88.589996,88.660004,87.43,87.860001,-0.812825676
27/08/2005,87.739998,88.68,86.019997,86.300003,-1.775549718
03/09/2005,86.639999,87.199997,86.239998,86.889999,0.683656987
10/09/2005,86.839996,88.300003,86.75,88.050003,1.33502591
17/09/2005,88.519997,89.209999,87.75,89.209999,1.317428689
24/09/2005,89.379997,89.82,89.029999,89.519997,0.347492437
01/10/2005,89.510002,90.239998,88.529999,89.169998,-0.39097298
08/10/2005,89.050003,90.43,88.93,89.349998,0.201861617
15/10/2005,89.519997,90.739998,89.160004,90.309998,1.074426437
22/10/2005,90.32,90.43,88.82,89.589996,-0.797256135
29/10/2005,89.610001,91.370003,89.400002,91.260002,1.864054107
05/11/2005,91.389999,92.129997,91.169998,91.980003,0.788955714
12/11/2005,91.760002,92.629997,91.5,91.93,-0.054362903
19/11/2005,91.870003,92.330002,91.150002,92.040001,0.119657348
26/11/2005,92.050003,92.32,90.800003,91.949997,-0.097787917
03/12/2005,92,92.190002,91.029999,91.25,-0.761280068
10/12/2005,91.43,91.510002,89.519997,89.699997,-1.698633425
17/12/2005,89.599998,91.230003,89.580002,90.839996,1.270901938
24/12/2005,90.900002,91.470001,90.519997,91.169998,0.363278307
31/12/2005,90.75,90.940002,88.800003,88.849998,-2.544696776
07/01/2006,88.959999,89.669998,88.730003,88.889999,0.045020823
14/01/2006,89.110001,89.650002,88.93,88.949997,0.067496907
21/01/2006,88.790001,89.400002,87.830002,89.32,0.415967411
28/01/2006,89.269997,90.230003,88.690002,89.889999,0.638153829
04/02/2006,89.860001,90.57,89.699997,90.550003,0.734235184
11/02/2006,90.550003,91.019997,90.169998,90.639999,0.09938818
18/02/2006,90.449997,90.889999,90.089996,90.610001,-0.033095764
25/02/2006,90.860001,90.889999,89.5,89.660004,-1.048446076
04/03/2006,89.360001,91.160004,89.279999,90.849998,1.327229475
11/03/2006,90.830002,90.870003,88.849998,88.919998,-2.124380894
18/03/2006,89.07,90.620003,88.949997,90.07,1.293299624
25/03/2006,90.050003,90.449997,89.279999,89.730003,-0.377480848
01/04/2006,89.739998,90.400002,88.440002,89.629997,-0.11145213
08/04/2006,89.599998,89.860001,89.209999,89.620003,-0.011150285
15/04/2006,88.760002,89.160004,87.730003,88.050003,-1.751841048
22/04/2006,87.730003,87.919998,86,86.110001,-2.20329578
29/04/2006,85.93,86.360001,85,85.120003,-1.149689918
06/05/2006,85.089996,85.489998,83.610001,83.959999,-1.362786606
13/05/2006,83.610001,85.349998,83.599998,84.879997,1.095757517
20/05/2006,84.910004,85.470001,84.269997,85.260002,0.447696764
27/05/2006,85.07,85.269997,83.910004,84.050003,-1.419187159
03/06/2006,84.059998,86.059998,83.720001,85.720001,1.986910102
10/06/2006,85.889999,86.5,85.660004,85.919998,0.233314276
17/06/2006,86.010002,87.050003,85.629997,86.82,1.047488386
24/06/2006,86.860001,86.889999,85.139999,85.220001,-1.842892191
01/07/2006,85.199997,85.760002,84.769997,84.980003,-0.281621682
08/07/2006,85.029999,86.279999,84.970001,86.089996,1.306181408
15/07/2006,86.169998,87.330002,85.849998,85.93,-0.185847378
22/07/2006,85.860001,86.769997,85.32,85.440002,-0.570229256
29/07/2006,85.389999,85.629997,84.389999,84.57,-1.018260744
05/08/2006,84.529999,85.580002,84.419998,85.519997,1.123326239
12/08/2006,85.489998,85.75,84.610001,85.089996,-0.502807548
19/08/2006,85.019997,85.550003,84.419998,85.379997,0.340816798
26/08/2006,85.389999,85.459999,84.720001,84.940002,-0.515337334
02/09/2006,84.870003,86.059998,84.730003,85.949997,1.189068726
09/09/2006,85.970001,86.169998,85.459999,85.989998,0.04653985
16/09/2006,86.059998,86.139999,84.910004,85.199997,-0.918712662
23/09/2006,85.18,86.220001,84.970001,85.970001,0.903760595
30/09/2006,86.010002,86.650002,85.470001,86.440002,0.546703495
07/10/2006,86.529999,87.300003,86.440002,87.120003,0.786673975
14/10/2006,87.169998,87.199997,86.139999,86.269997,-0.975672602
21/10/2006,86.300003,86.919998,85.43,85.559998,-0.822996435
28/10/2006,85.57,85.910004,85.150002,85.709999,0.175316741
04/11/2006,85.699997,85.93,84.699997,85.050003,-0.770033844
11/11/2006,85.019997,85.699997,84.839996,85.370003,0.376249252
18/11/2006,85.339996,85.480003,83.559998,83.709999,-1.9444816
25/11/2006,83.349998,83.779999,82.360001,82.480003,-1.469353739
02/12/2006,82.360001,83.339996,82.239998,83.330002,1.030551611
09/12/2006,83.339996,84.139999,82.879997,84.059998,0.87603022
16/12/2006,84.029999,84.220001,83.209999,83.940002,-0.14275042
23/12/2006,83.839996,84.129997,83.529999,83.720001,-0.262093156
30/12/2006,83.459999,84.809998,83.150002,84.629997,1.086951731
06/01/2007,84.639999,85.400002,84.43,85.029999,0.472648014
13/01/2007,84.940002,85.260002,84.639999,84.860001,-0.199927087
20/01/2007,84.900002,85.43,84.489998,85.279999,0.494930468
27/01/2007,85.150002,85.379997,84.400002,84.959999,-0.375234526
03/02/2007,84.980003,85.199997,84.650002,84.870003,-0.105927497
10/02/2007,84.830002,85.209999,83.940002,84.089996,-0.919060884
17/02/2007,84.099998,84.529999,83.889999,84.07,-0.023779285
24/02/2007,83.970001,84.089996,83.400002,83.739998,-0.392532413
03/03/2007,83.730003,84.379997,83.610001,84.239998,0.597086234
10/03/2007,84.230003,84.279999,83.029999,83.230003,-1.198949459
17/03/2007,83.169998,83.5,82.650002,83.279999,0.060069684
24/03/2007,83.389999,83.459999,82.639999,82.93,-0.420267776
31/03/2007,82.910004,83.209999,82.589996,82.989998,0.072347763
07/04/2007,83,83.18,81.970001,82.129997,-1.03627066
14/04/2007,82.029999,82.190002,81.510002,81.639999,-0.596612709
21/04/2007,81.629997,81.93,81.269997,81.529999,-0.134737875
28/04/2007,81.519997,82.040001,81.25,81.739998,0.257572676
05/05/2007,81.610001,82.379997,81.540001,82.120003,0.4648948
12/05/2007,82.099998,82.400002,81.660004,82.199997,0.097411102
19/05/2007,82.129997,82.599998,82.080002,82.330002,0.15815694
26/05/2007,82.349998,82.589996,82.050003,82.32,-0.01214867
02/06/2007,82.339996,82.919998,81.699997,82.690002,0.44946793
09/06/2007,82.709999,83.269997,82.620003,82.849998,0.19348893
16/06/2007,82.839996,82.860001,82.32,82.339996,-0.615572737
23/06/2007,82.339996,82.480003,81.900002,81.919998,-0.510077751
30/06/2007,81.870003,81.949997,81.239998,81.459999,-0.561522231
07/07/2007,81.459999,81.589996,80.440002,80.580002,-1.080281133
14/07/2007,80.529999,80.669998,80.120003,80.290001,-0.359892024
21/07/2007,80.129997,81.010002,80.019997,80.949997,0.822015185
28/07/2007,80.970001,81.089996,80.160004,80.18,-0.951200776
04/08/2007,80.110001,80.919998,79.959999,80.68,0.623596907
11/08/2007,80.730003,82.129997,80.620003,81.43,0.929598413
18/08/2007,81.32,81.57,80.610001,80.669998,-0.933319415
25/08/2007,80.699997,81.050003,80.440002,80.790001,0.148757906
01/09/2007,80.809998,81.139999,79.839996,79.959999,-1.027357333
08/09/2007,79.910004,80,79.300003,79.620003,-0.425207609
15/09/2007,79.660004,79.849998,78.400002,78.599998,-1.281091386
22/09/2007,78.389999,78.690002,77.669998,77.720001,-1.119589087
29/09/2007,77.790001,78.82,77.660004,78.309998,0.759131488
06/10/2007,78.32,78.889999,77.959999,78.220001,-0.114924023
13/10/2007,78.209999,78.339996,77.400002,77.410004,-1.035536934
20/10/2007,77.279999,78.199997,76.980003,77.029999,-0.490899083
27/10/2007,76.870003,77.089996,76.220001,76.339996,-0.895758807
03/11/2007,76.389999,76.5,74.980003,75.400002,-1.231325713
10/11/2007,75.519997,76.150002,75.379997,75.830002,0.570291762
17/11/2007,75.779999,75.959999,74.480003,75.050003,-1.028615297
24/11/2007,75.110001,76.18,74.75,76.150002,1.465688149
01/12/2007,75.93,76.82,75.599998,76.290001,0.183846351
08/12/2007,76.290001,77.489998,75.919998,77.440002,1.507407242
15/12/2007,77.370003,77.849998,77.269997,77.720001,0.361568947
22/12/2007,77.629997,77.699997,76.110001,76.220001,-1.930005122
29/12/2007,75.980003,76.75,75.43,75.790001,-0.564156382
05/01/2008,76.050003,76.519997,75.790001,75.980003,0.250695339
12/01/2008,75.610001,76.519997,75.199997,76.379997,0.526446412
19/01/2008,76.660004,77.349998,75.620003,75.970001,-0.53678452
26/01/2008,75.940002,76.019997,74.849998,75.449997,-0.684485972
02/02/2008,75.440002,77.040001,75.279999,76.669998,1.616966267
09/02/2008,76.449997,76.709999,75.849998,76.099998,-0.743445957
16/02/2008,76.019997,76.529999,75.360001,75.519997,-0.762156393
23/02/2008,75.529999,75.68,73.559998,73.709999,-2.396713549
01/03/2008,73.75,73.949997,72.459999,73.029999,-0.922534268
08/03/2008,72.989998,73.400002,71.580002,71.660004,-1.875934573
15/03/2008,71.629997,72.919998,70.699997,72.75,1.521066061
22/03/2008,72.779999,73.190002,71.330002,71.68,-1.470790378
29/03/2008,71.610001,72.839996,71.349998,72.019997,0.474326172
05/04/2008,71.980003,72.43,71.419998,71.809998,-0.291584294
12/04/2008,72.360001,72.410004,71.279999,72.010002,0.27851832
19/04/2008,71.980003,73.029999,71.190002,72.790001,1.083181472
26/04/2008,72.730003,73.699997,72.440002,73.5,0.975407323
03/05/2008,73.459999,73.889999,72.730003,73.050003,-0.612240816
10/05/2008,73.059998,73.620003,72.690002,72.839996,-0.287483903
17/05/2008,72.809998,73.169998,71.82,71.889999,-1.304224399
24/05/2008,71.989998,73.220001,71.839996,72.879997,1.377101146
31/05/2008,72.870003,73.870003,72.339996,72.389999,-0.672335373
07/06/2008,72.290001,74.309998,72.129997,74.150002,2.431279216
14/06/2008,74.010002,74.18,72.93,73.029999,-1.510455792
21/06/2008,73.07,73.650002,72.269997,72.360001,-0.917428467
28/06/2008,72.330002,72.849998,72,72.730003,0.511334985
05/07/2008,72.690002,73.160004,71.790001,72.099998,-0.866224356
12/07/2008,71.860001,72.400002,71.309998,72.190002,0.124832181
19/07/2008,72.190002,73.019997,71.739998,72.860001,0.928104975
26/07/2008,72.82,73.540001,72.610001,73.419998,0.768593182
02/08/2008,73.370003,75.900002,73.199997,75.849998,3.309724961
09/08/2008,75.82,77.269997,75.489998,77.18,1.753463461
16/08/2008,77.139999,77.410004,76.019997,76.809998,-0.479401399
23/08/2008,76.790001,77.620003,76.550003,77.379997,0.742089591
30/08/2008,77.25,79.080002,77.110001,78.93,2.003105531
06/09/2008,78.720001,80.379997,78.199997,78.970001,0.050679083
13/09/2008,78.419998,79.370003,77.260002,77.68,-1.633532967
20/09/2008,77.580002,77.800003,75.889999,76.949997,-0.939756694
27/09/2008,76.910004,80.93,76.900002,80.309998,4.366473205
04/10/2008,81.089996,83.190002,80.400002,83,3.349523181
11/10/2008,81.580002,82.839996,80.75,82.410004,-0.710838554
18/10/2008,82.5,86.959999,81.959999,86.440002,4.890180566
25/10/2008,86.32,87.879997,83.099998,85.629997,-0.937071936
01/11/2008,85.809998,86.900002,83.900002,85.910004,0.326996391
08/11/2008,85.68,88.150002,85.059998,86.360001,0.523800464
15/11/2008,87.57,88.459999,86.139999,88.190002,2.119037724
22/11/2008,87.610001,87.709999,84.709999,86.519997,-1.893644361
29/11/2008,86.43,87.699997,86.099998,87.120003,0.693488235
06/12/2008,86.870003,86.910004,83.209999,83.639999,-3.994494812
13/12/2008,83.709999,83.730003,77.690002,81.300003,-2.797699699
20/12/2008,81.040001,81.489998,80.349998,80.889999,-0.504309944
27/12/2008,80.879997,81.919998,79.629997,81.839996,1.174430723
03/01/2009,81.559998,84.019997,81.18,82.660004,1.001964858
10/01/2009,82.470001,85.139999,82.459999,84.209999,1.875145082
17/01/2009,83.699997,86.809998,83.459999,85.610001,1.662512785
24/01/2009,85.510002,86.279999,83.57,86,0.455553084
31/01/2009,86.059998,86.550003,84.75,85.349998,-0.755816279
07/02/2009,85.160004,86.730003,84.459999,86.040001,0.808439386
14/02/2009,86.370003,88.25,86.230003,86.489998,0.523009059
21/02/2009,86.849998,88.489998,85.629997,88.010002,1.75743327
28/02/2009,88.580002,89.620003,87.879997,88.510002,0.568117246
07/03/2009,88.589996,89.459999,87.18,87.43,-1.220203339
14/03/2009,87.290001,87.769997,82.629997,83.839996,-4.106146632
21/03/2009,83.5,85.349998,82.889999,85.110001,1.514796112
28/03/2009,85.389999,86.129997,84.050003,84.169998,-1.104456573
04/04/2009,84.010002,86,83.730003,85.540001,1.627661913
11/04/2009,85.550003,86.029999,84.449997,85.980003,0.51438157
18/04/2009,85.809998,86.870003,84.459999,84.709999,-1.477092296
25/04/2009,84.739998,86.010002,83.889999,84.550003,-0.188874987
02/05/2009,84.599998,84.870003,82.389999,82.529999,-2.389123511
09/05/2009,82.419998,83.099998,81.870003,83.019997,0.593721078
16/05/2009,82.970001,83.220001,79.809998,79.959999,-3.685856553
23/05/2009,79.980003,81.129997,79.18,80.43,0.587795155
30/05/2009,79.199997,80.82,78.330002,80.669998,0.298393634
06/06/2009,80.720001,81.470001,79.190002,80.139999,-0.656996421
13/06/2009,80.110001,81.370003,79.970001,80.260002,0.149741704
20/06/2009,80.279999,80.940002,79.559998,79.879997,-0.473467469
27/06/2009,79.889999,80.610001,79.349998,80.379997,0.625938932
04/07/2009,80.470001,80.889999,79.690002,80.230003,-0.186606128
11/07/2009,80.239998,80.5,79.129997,79.349998,-1.096852757
18/07/2009,79.480003,79.529999,78.419998,78.75,-0.756141166
25/07/2009,78.75,79.660004,78.220001,78.349998,-0.507939048
01/08/2009,78.190002,79.07,77.43,78.970001,0.791324845
08/08/2009,78.879997,79.389999,78.230003,78.889999,-0.101306824
15/08/2009,78.790001,79.510002,77.75,78.040001,-1.077447092
22/08/2009,78.029999,78.830002,77.849998,78.370003,0.422862629
29/08/2009,78.379997,78.940002,77.940002,78.139999,-0.293484741
05/09/2009,78.099998,78.120003,76.459999,76.610001,-1.958021525
12/09/2009,76.639999,77.089996,76.010002,76.43,-0.234957574
19/09/2009,76.510002,77.110001,75.830002,76.809998,0.497184352
26/09/2009,76.629997,77.470001,76.489998,77,0.247366235
03/10/2009,76.910004,76.989998,75.769997,76.43,-0.74025974
10/10/2009,76.290001,76.669998,75.209999,75.599998,-1.085963627
17/10/2009,75.57,75.910004,74.940002,75.470001,-0.171953708
24/10/2009,75.419998,76.580002,75.199997,76.300003,1.09977738
31/10/2009,76.389999,76.82,75.5,75.82,-0.629099582
07/11/2009,75.68,75.769997,74.769997,75.330002,-0.646264838
14/11/2009,75.07,75.879997,74.68,75.660004,0.438075124
21/11/2009,75.57,75.57,74.169998,75,-0.872328793
28/11/2009,74.860001,75.940002,74.269997,75.910004,1.213338667
05/12/2009,75.650002,76.730003,75.449997,76.57,0.86944535
12/12/2009,76.57,78.139999,76.25,77.82,1.632493144
19/12/2009,77.779999,78.449997,77.5,77.839996,0.025695194
26/12/2009,77.739998,78.220001,77.330002,77.860001,0.025700155
02/01/2010,77.93,78.190002,77.089996,77.470001,-0.500899043
09/01/2010,77.209999,77.410004,76.599998,77.32,-0.193624626
16/01/2010,76.980003,78.809998,76.940002,78.279999,1.241592085
23/01/2010,78.220001,79.5,78.029999,79.459999,1.507409319
30/01/2010,79.43,80.68,78.68,80.440002,1.233328734
06/02/2010,80.419998,80.75,79.559998,80.32,-0.149181995
13/02/2010,80.389999,81.339996,79.559998,80.639999,0.398405129
20/02/2010,80.480003,81.129997,80.089996,80.360001,-0.347219746
27/02/2010,80.330002,81.290001,79.82,80.43,0.087106768
06/03/2010,80.400002,80.860001,79.690002,79.830002,-0.745987815
13/03/2010,79.830002,80.889999,79.510002,80.720001,1.114867816
20/03/2010,80.849998,82.239998,80.519997,81.68,1.189295079
27/03/2010,81.449997,81.699997,80.68,81.290001,-0.477471841
03/04/2010,81.150002,81.910004,80.870003,81.089996,-0.24603887
10/04/2010,80.360001,80.910004,80.029999,80.82,-0.332958458
17/04/2010,80.900002,82.099998,80.760002,81.349998,0.655775798
24/04/2010,81.470001,82.709999,81.169998,81.870003,0.639219438
01/05/2010,81.800003,85.269997,81.779999,84.449997,3.151330042
08/05/2010,83.910004,86.290001,82.910004,86.099998,1.953820081
15/05/2010,86.209999,87.459999,85.129997,85.370003,-0.847845548
22/05/2010,85.660004,87.449997,85.599998,86.480003,1.300222515
29/05/2010,86.75,88.339996,86.160004,88.230003,2.023589199
05/06/2010,88.449997,88.709999,86.940002,87.510002,-0.816050069
12/06/2010,86.959999,87.019997,85.449997,85.699997,-2.068340714
19/06/2010,85.400002,86.419998,85.089996,85.309998,-0.455074695
26/06/2010,85.339996,86.300003,84.129997,84.43,-1.031529739
03/07/2010,84.400002,84.830002,83.620003,83.949997,-0.568521852
10/07/2010,83.949997,84.559998,82.089996,82.489998,-1.739129306
17/07/2010,82.690002,83.449997,82.18,82.459999,-0.036366833
24/07/2010,82.620003,82.629997,81.459999,81.540001,-1.115690045
31/07/2010,81.519997,81.559998,80.089996,80.410004,-1.385819213
07/08/2010,80.349998,82.959999,80.269997,82.949997,3.158802231
14/08/2010,82.839996,83.300003,81.910004,83.059998,0.132611216
21/08/2010,83.019997,83.559998,82.620003,82.919998,-0.168552857
28/08/2010,82.809998,83.339996,81.989998,83.099998,0.217076706
04/09/2010,82.040001,82.989998,81.879997,82.699997,-0.481348989
11/09/2010,82.68,82.690002,80.860001,81.400002,-1.571940807
18/09/2010,81.410004,81.5,79.25,79.389999,-2.469291094
25/09/2010,79.330002,79.82,78.029999,78.089996,-1.637489629
02/10/2010,78.129997,78.690002,76.910004,77.32,-0.986036675
09/10/2010,77.059998,77.93,76.139999,77.040001,-0.362130109
16/10/2010,77.029999,78.360001,76.839996,77.470001,0.558151602
23/10/2010,77.410004,78.269997,76.709999,77.269997,-0.258169611
30/10/2010,76.949997,77.419998,75.629997,76.550003,-0.931789864
06/11/2010,76.419998,78.480003,76.379997,78.080002,1.99869228
13/11/2010,78.120003,79.459999,77.879997,78.5,0.537907261
20/11/2010,78.209999,80.519997,77.970001,80.360001,2.369428025
27/11/2010,80.610001,81.440002,79.059998,79.379997,-1.219517158
04/12/2010,79.199997,80.400002,79.169998,80.07,0.869240396
11/12/2010,80.230003,80.629997,78.830002,80.370003,0.374675909
18/12/2010,80.459999,80.830002,80.239998,80.5,0.161748159
25/12/2010,80.660004,80.660004,78.779999,79.029999,-1.826088199
01/01/2011,79.059998,81.139999,78.889999,81.010002,2.505381532
08/01/2011,81.160004,81.309998,78.809998,79.160004,-2.283666158
15/01/2011,79.07,79.599998,78.099998,78.209999,-1.200107317
22/01/2011,78.139999,78.510002,77.589996,78.129997,-0.102291268
29/01/2011,78.309998,78.32,76.879997,78.040001,-0.115187512
05/02/2011,78.07,78.699997,77.5,78.459999,0.538182976
12/02/2011,78.550003,78.870003,77.529999,77.660004,-1.019621476
19/02/2011,77.550003,78.32,76.949997,77.279999,-0.4893188
26/02/2011,77.300003,77.389999,76.279999,76.400002,-1.138712489
05/03/2011,76.379997,77.379997,76.120003,76.779999,0.497378259
12/03/2011,76.480003,77.040001,75.540001,75.720001,-1.380565269
19/03/2011,75.589996,76.279999,75.25,76.220001,0.660327514
26/03/2011,76.389999,76.610001,75.660004,75.830002,-0.511675407
02/04/2011,75.889999,76.150002,74.839996,75.07,-1.002244468
09/04/2011,74.970001,75.199997,74.620003,74.830002,-0.319698948
16/04/2011,74.900002,75.809998,73.739998,74,-1.109183453
23/04/2011,74.099998,74.339996,72.830002,72.93,-1.445945946
30/04/2011,73.059998,74.93,72.699997,74.839996,2.618944193
07/05/2011,74.809998,75.949997,74.400002,75.760002,1.229297233
14/05/2011,75.889999,76,74.959999,75.43,-0.43558869
21/05/2011,75.839996,76.370003,74.75,74.949997,-0.636355561
28/05/2011,74.860001,75.019997,73.699997,73.779999,-1.561038088
04/06/2011,73.650002,74.919998,73.510002,74.790001,1.3689374
11/06/2011,74.900002,76.019997,74.230003,74.989998,0.267411415
18/06/2011,75.110001,75.790001,74.5,75.669998,0.906787596
25/06/2011,75.669998,75.989998,74.199997,74.349998,-1.744416592
02/07/2011,74.260002,75.419998,74.110001,75.18,1.116344347
09/07/2011,75.330002,76.720001,74.650002,75.129997,-0.06651104
16/07/2011,75.239998,75.75,73.889999,74.199997,-1.237854435
23/07/2011,74.120003,74.510002,73.419998,73.900002,-0.404305946
30/07/2011,73.919998,75.419998,73.580002,74.599998,0.947220543
06/08/2011,74.470001,75.059998,73.82,74.610001,0.013408848
13/08/2011,74.519997,74.610001,73.449997,73.989998,-0.830991813
20/08/2011,74.120003,74.459999,73.57,73.809998,-0.243276125
27/08/2011,73.739998,74.760002,73.519997,74.75,1.273542915
03/09/2011,74.919998,77.269997,74.669998,77.190002,3.264216722
10/09/2011,77.370003,77.779999,76.059998,76.580002,-0.790257785
17/09/2011,77.440002,78.790001,76.790001,78.300003,2.246018484
24/09/2011,78.080002,78.860001,77.300003,78.550003,0.31928479
01/10/2011,78.93,79.830002,78.059998,78.720001,0.216420106
08/10/2011,78.739998,78.769997,76.5,76.620003,-2.667680352
15/10/2011,76.580002,77.550003,76.239998,76.300003,-0.417645507
22/10/2011,76.470001,76.660004,74.720001,75.089996,-1.585854459
29/10/2011,75.089996,77.669998,74.980003,76.910004,2.42376894
05/11/2011,76.919998,78.169998,76.510002,76.940002,0.039004029
12/11/2011,76.760002,78.470001,76.639999,78.019997,1.403684653
19/11/2011,77.980003,79.699997,77.970001,79.610001,2.037944195
26/11/2011,79.239998,79.400002,77.919998,78.629997,-1.23100614
03/12/2011,78.57,79.099998,78.099998,78.629997,0
10/12/2011,78.720001,80.730003,78.629997,80.25,2.060286229
17/12/2011,80.190002,80.489998,79.239998,80.010002,-0.299062928
24/12/2011,79.93,80.849998,79.699997,80.169998,0.199969999
31/12/2011,80.230003,81.370003,79.510002,81.239998,1.334663873
07/01/2012,81.43,81.779999,80.529999,81.43,0.233877406
14/01/2012,81.419998,81.699997,79.989998,80.220001,-1.485937615
21/01/2012,80.370003,80.389999,78.769997,78.900002,-1.645473677
28/01/2012,78.900002,79.57,78.620003,78.940002,0.050697084
04/02/2012,79.07,79.519997,78.360001,79.110001,0.215352161
11/02/2012,78.830002,80.110001,78.599998,79.330002,0.278095054
18/02/2012,79.120003,79.379997,78.220001,78.349998,-1.235351034
25/02/2012,78.389999,79.449997,78.089996,79.400002,1.340145535
03/03/2012,79.459999,80.059998,79.07,80.040001,0.80604406
10/03/2012,79.980003,80.730003,79.669998,79.779999,-0.324840076
17/03/2012,79.760002,79.940002,79.209999,79.339996,-0.551520438
24/03/2012,79.32,79.720001,78.720001,78.93,-0.516758282
31/03/2012,78.809998,80.169998,78.660004,80.07,1.44431775
07/04/2012,79.900002,80.089996,79.199997,79.879997,-0.237296116
14/04/2012,79.900002,80.169998,79.120003,79.18,-0.876310749
21/04/2012,79.239998,79.639999,78.669998,78.699997,-0.606217479
28/04/2012,78.769997,79.519997,78.599998,79.470001,0.978404103
05/05/2012,79.910004,80.330002,79.5,80.279999,1.019250019
12/05/2012,80.410004,81.75,80.220001,81.290001,1.258099169
19/05/2012,81.220001,82.459999,80.889999,82.400002,1.365482822
26/05/2012,82.239998,83.540001,82.029999,82.889999,0.594656539
02/06/2012,82.470001,83.07,81.910004,82.510002,-0.458435281
09/06/2012,81.849998,82.720001,81.480003,81.589996,-1.115023606
16/06/2012,81.309998,82.459999,81.160004,82.220001,0.772159616
23/06/2012,82.339996,82.870003,81.43,81.650002,-0.693260755
30/06/2012,81.639999,83.43,81.510002,83.290001,2.008571904
07/07/2012,83.330002,83.82,82.970001,83.300003,0.012008644
14/07/2012,83.25,83.639999,82.730003,83.470001,0.204079224
21/07/2012,83.660004,84.099998,82.339996,82.709999,-0.910509154
28/07/2012,82.690002,83.510002,82.199997,82.379997,-0.398986826
04/08/2012,82.330002,82.870003,82.040001,82.550003,0.206368058
11/08/2012,82.580002,82.879997,82.199997,82.599998,0.060563293
18/08/2012,82.589996,82.720001,81.220001,81.589996,-1.222762741
25/08/2012,81.57,81.82,80.959999,81.25,-0.416712853
01/09/2012,81.239998,81.669998,80.150002,80.25,-1.230769231
08/09/2012,80.169998,80.43,78.599998,78.849998,-1.744550779
15/09/2012,78.870003,79.660004,78.720001,79.330002,0.608755881
22/09/2012,79.400002,80.010002,79.050003,79.940002,0.768939852
29/09/2012,80,80.150002,79.099998,79.339996,-0.750570409
06/10/2012,79.389999,80.209999,79.32,79.690002,0.441146985
13/10/2012,79.709999,79.970001,78.940002,79.639999,-0.062746893
20/10/2012,79.620003,80.269997,79.470001,80.07,0.539930946
27/10/2012,79.919998,80.610001,79.669998,80.589996,0.649426752
03/11/2012,80.629997,81.089996,80.279999,81.029999,0.545977195
10/11/2012,81,81.459999,80.900002,81.260002,0.283849195
17/11/2012,81.160004,81.269997,80.129997,80.190002,-1.316760982
24/11/2012,80.260002,80.589996,80.019997,80.150002,-0.04988153
01/12/2012,80.18,80.660004,79.57,80.419998,0.336863373
08/12/2012,80.489998,80.660004,79.5,79.599998,-1.019646879
15/12/2012,79.629997,79.699997,79.010002,79.620003,0.02513191
22/12/2012,79.620003,79.93,79.360001,79.68,0.07535418
29/12/2012,79.620003,80.870003,79.279999,80.5,1.029116466
05/01/2013,80.510002,80.870003,79.440002,79.559998,-1.167704348
12/01/2013,79.529999,80.190002,79.349998,80.050003,0.615893681
19/01/2013,80.059998,80.150002,79.68,79.75,-0.374769505
26/01/2013,79.790001,79.93,78.919998,79.129997,-0.777433229
02/02/2013,79.190002,80.279999,78.919998,80.25,1.415396237
09/02/2013,80.209999,80.620003,79.839996,80.580002,0.411217445
16/02/2013,80.639999,81.589996,80.269997,81.480003,1.11690367
23/02/2013,81.620003,82.510002,81.07,82.309998,1.018648711
02/03/2013,82.300003,82.919998,81.900002,82.699997,0.473817288
09/03/2013,82.809998,83.169998,82.050003,82.260002,-0.532037504
16/03/2013,82.790001,83.099998,82.290001,82.529999,0.328223916
23/03/2013,82.449997,83.300003,82.150002,82.989998,0.557371872
30/03/2013,83.040001,83.489998,82.269997,82.5,-0.590430187
06/04/2013,82.489998,82.830002,82.050003,82.309998,-0.230305455
13/04/2013,81.959999,82.779999,81.720001,82.709999,0.48596891
20/04/2013,82.309998,83.190002,82.309998,82.480003,-0.278075206
27/04/2013,82.040001,82.519997,81.330002,82.099998,-0.460723795
04/05/2013,81.980003,83.440002,81.720001,83.139999,1.266749117
11/05/2013,83.239998,84.370003,82.959999,84.279999,1.371181157
18/05/2013,84.209999,84.5,83.43,83.699997,-0.688184631
25/05/2013,83.669998,84.370003,82.959999,83.379997,-0.382317815
01/06/2013,83.309998,83.379997,81.080002,81.690002,-2.026859032
08/06/2013,81.599998,82.089996,80.5,80.669998,-1.248627708
15/06/2013,80.620003,82.519997,80.5,82.32,2.045372556
22/06/2013,82.309998,83.339996,82.239998,83.169998,1.03255345
29/06/2013,83.199997,84.529999,82.970001,84.419998,1.50294581
06/07/2013,84.489998,84.75,82.279999,82.989998,-1.693911436
13/07/2013,82.870003,83.459999,82.339996,82.580002,-0.494030618
20/07/2013,82.610001,82.610001,81.550003,81.620003,-1.162507843
27/07/2013,81.5,82.489998,81.410004,81.910004,0.355306284
03/08/2013,81.75,82.489998,80.870003,81.129997,-0.95227318
10/08/2013,81.07,81.940002,81.050003,81.260002,0.160242826
17/08/2013,81.139999,81.720001,80.75,81.339996,0.098442035
24/08/2013,81.339996,82.260002,81.110001,82.089996,0.922055615
31/08/2013,82.019997,82.669998,82.019997,82.150002,0.073097823
07/09/2013,81.699997,82.629997,81.360001,81.449997,-0.852105883
14/09/2013,81.230003,81.349998,80.059998,80.440002,-1.240018462
21/09/2013,80.290001,80.650002,80.110001,80.269997,-0.211343854
28/09/2013,80.029999,80.43,79.629997,80.120003,-0.186861848
05/10/2013,79.68,80.599998,79.68,80.360001,0.299548167
12/10/2013,80.129997,80.75,79.480003,79.639999,-0.895970621
19/10/2013,79.620003,79.82,79,79.18,-0.577597948
26/10/2013,79.150002,80.790001,79.150002,80.730003,1.957568831
02/11/2013,80.690002,81.480003,80.379997,81.209999,0.594569531
09/11/2013,81.290001,81.459999,80.730003,80.839996,-0.455612615
16/11/2013,80.57,81.290001,80.489998,80.709999,-0.160807776
23/11/2013,80.690002,81.019997,80.480003,80.68,-0.037168877
30/11/2013,80.660004,80.989998,80.220001,80.269997,-0.508184184
07/12/2013,80.25,80.419998,79.760002,80.209999,-0.074745238
14/12/2013,80.190002,80.830002,79.809998,80.580002,0.461292862
21/12/2013,80.550003,80.620003,79.690002,80.389999,-0.235794236
28/12/2013,80.339996,80.900002,79.93,80.790001,0.497576819
04/01/2014,80.870003,81.190002,80.529999,80.660004,-0.160907289
11/01/2014,80.580002,81.300003,80.440002,81.260002,0.743860613
18/01/2014,81.18,81.389999,80.150002,80.459999,-0.984497884
25/01/2014,80.459999,81.32,80.300003,81.269997,1.006708936
01/02/2014,81.25,81.32,80.599998,80.690002,-0.713664355
08/02/2014,80.769997,80.830002,80.07,80.129997,-0.694020307
15/02/2014,80.169998,80.419998,79.93,80.239998,0.137278178
22/02/2014,80.279999,80.580002,79.690002,79.779999,-0.573278928
01/03/2014,79.900002,80.269997,79.43,79.720001,-0.075204313
08/03/2014,79.690002,79.93,79.269997,79.440002,-0.351228044
15/03/2014,79.400002,80.349998,79.279999,80.110001,0.843402547
22/03/2014,80.120003,80.290001,79.75,80.18,0.087378603
29/03/2014,80.190002,80.599998,79.959999,80.419998,0.299324021
05/04/2014,80.440002,80.449997,79.330002,79.449997,-1.206168893
12/04/2014,79.620003,79.900002,79.559998,79.830002,0.478294543
19/04/2014,79.860001,79.989998,79.660004,79.769997,-0.075165976
26/04/2014,79.769997,79.919998,79.410004,79.519997,-0.31340104
03/05/2014,79.5,79.919998,78.910004,79.900002,0.477873509
10/05/2014,79.860001,80.339996,79.779999,80.040001,0.175217768
17/05/2014,80.050003,80.440002,79.879997,80.389999,0.437278855
24/05/2014,80.290001,80.580002,80.169998,80.370003,-0.024873741
31/05/2014,80.400002,81.019997,80.239998,80.410004,0.049771057
07/06/2014,80.419998,80.900002,80.300003,80.580002,0.211413993
14/06/2014,80.599998,80.709999,80.150002,80.370003,-0.260609326
21/06/2014,80.370003,80.43,80.010002,80.040001,-0.410603444
28/06/2014,80.010002,80.32,79.739998,80.209999,0.212391302
05/07/2014,80.260002,80.360001,79.980003,80.190002,-0.024930807
12/07/2014,80.190002,80.690002,80.080002,80.519997,0.411516388
19/07/2014,80.519997,81.080002,80.419998,81.029999,0.633385518
26/07/2014,81.019997,81.57,80.980003,81.300003,0.333214863
02/08/2014,81.300003,81.720001,81.260002,81.389999,0.110696183
09/08/2014,81.400002,81.690002,81.360001,81.419998,0.036858337
16/08/2014,81.419998,82.459999,81.379997,82.339996,1.129941074
23/08/2014,82.459999,82.75,82.32,82.75,0.497940272
30/08/2014,82.760002,83.940002,82.75,83.760002,1.220546224
06/09/2014,83.800003,84.519997,83.800003,84.239998,0.573061113
13/09/2014,84.18,84.800003,83.860001,84.800003,0.664773283
20/09/2014,84.809998,85.690002,84.370003,85.639999,0.990561286
27/09/2014,85.620003,86.75,85.449997,86.690002,1.226066105
04/10/2014,86.639999,86.68,84.940002,85.910004,-0.89975543
11/10/2014,85.82,86.010002,84.470001,85.190002,-0.838088658
18/10/2014,85.209999,85.940002,84.739998,85.730003,0.633878375
25/10/2014,85.690002,87.129997,85.190002,86.879997,1.341413694
01/11/2014,87.080002,88.190002,86.879997,87.639999,0.87477213
08/11/2014,87.559998,88.269997,87.220001,87.529999,-0.125513466
15/11/2014,87.540001,88.389999,87.18,88.309998,0.891121911
22/11/2014,88.279999,88.440002,87.519997,88.360001,0.056622128
29/11/2014,88.230003,89.470001,87.779999,89.330002,1.097782921
06/12/2014,89.400002,89.550003,87.910004,88.360001,-1.085862508
13/12/2014,88.209999,89.650002,87.629997,89.599998,1.403346521
20/12/2014,89.629997,90.160004,89.370003,90.029999,0.479911841
27/12/2014,89.980003,91.160004,89.790001,91.080002,1.166281253
03/01/2015,91.129997,92.529999,91.120003,91.940002,0.944224837
10/01/2015,91.879997,93.260002,91.510002,92.519997,0.630840752
17/01/2015,92.709999,95.480003,92.150002,95,2.680504843
24/01/2015,95.199997,95.330002,93.699997,94.800003,-0.210523158
31/01/2015,94.839996,94.879997,93.25,94.699997,-0.105491558
07/02/2015,94.68,95.120003,93.900002,94.199997,-0.527983121
14/02/2015,94.099998,94.790001,93.800003,94.25,0.053081743
21/02/2015,94.32,95.360001,94.059998,95.25,1.061007958
28/02/2015,95.260002,97.730003,95.059998,97.620003,2.488192126
07/03/2015,97.720001,100.389999,97.290001,100.330002,2.776069368
14/03/2015,100.260002,100.269997,96.629997,97.910004,-2.412038226
21/03/2015,97.800003,98.239998,96.169998,97.290001,-0.633237641
28/03/2015,97.389999,98.669998,96.389999,96.75,-0.55504265
04/04/2015,96.739998,99.690002,96.330002,99.389999,2.728681137
11/04/2015,99.349998,99.989998,97,97.519997,-1.881479041
18/04/2015,97.309998,98.459999,96.760002,96.919998,-0.615257402
25/04/2015,96.900002,97.279999,94.400002,95.300003,-1.67147651
02/05/2015,95.220001,95.949997,93.879997,94.790001,-0.535154233
09/05/2015,94.800003,95.260002,93.129997,93.139999,-1.740692038
16/05/2015,93.230003,96.269997,93.230003,96.010002,3.081386119
23/05/2015,96.230003,97.779999,96.169998,96.910004,0.937404418
30/05/2015,96.889999,97.68,94.650002,96.309998,-0.619137318
06/06/2015,96.339996,96.550003,94.32,94.970001,-1.391337377
13/06/2015,95.199997,95.389999,93.559998,94.089996,-0.926613658
20/06/2015,94.059998,95.669998,93.809998,95.470001,1.466686214
27/06/2015,96.260002,96.419998,94.68,95.949997,0.502771546
04/07/2015,95.940002,97.239998,95.449997,96.029999,0.083378846
11/07/2015,95.769997,97.980003,95.629997,97.860001,1.905656586
18/07/2015,97.959999,98.150002,96.889999,97.239998,-0.633561203
25/07/2015,97.199997,97.769997,96.290001,97.370003,0.133694984
01/08/2015,97.220001,98.330002,97.160004,97.559998,0.19512683
08/08/2015,97.57,97.919998,95.93,96.57,-1.014758118
15/08/2015,96.589996,97.080002,94.82,94.830002,-1.801799731
22/08/2015,94.860001,96.32,92.620003,96.110001,1.349782741
29/08/2015,96.139999,96.620003,95.190002,96.230003,0.124859014
05/09/2015,96.150002,96.419998,95.120003,95.190002,-1.080745056
12/09/2015,95.18,95.849998,94.059998,94.860001,-0.346676114
19/09/2015,95.32,96.699997,95.040001,96.269997,1.48639678
26/09/2015,96.260002,96.5,95.220001,95.830002,-0.457042707
03/10/2015,95.82,96.169998,94.690002,94.809998,-1.064389
10/10/2015,94.849998,94.980003,93.809998,94.540001,-0.284776928
17/10/2015,94.68,97.199997,94.550003,97.07,2.676114844
24/10/2015,97.040001,97.82,96.470001,96.949997,-0.123625219
31/10/2015,96.919998,99.349998,96.639999,99.160004,2.279532819
07/11/2015,99.190002,99.5,98.43,98.989998,-0.171446141
14/11/2015,98.970001,99.849998,98.739998,99.57,0.585919802
21/11/2015,99.610001,100.199997,99.309998,100.019997,0.451940343
28/11/2015,100.080002,100.510002,97.589996,98.349998,-1.669665117
05/12/2015,98.349998,98.900002,97.220001,97.57,-0.7930839
12/12/2015,97.620003,99.290001,97.190002,98.699997,1.158139797
19/12/2015,98.720001,98.839996,97.860001,97.980003,-0.729477226
26/12/2015,97.849998,98.75,97.800003,98.629997,0.66339455
02/01/2016,98.690002,99.629997,98.050003,98.540001,-0.091246074
09/01/2016,98.370003,99.330002,98.25,98.959999,0.42622082
16/01/2016,98.800003,99.800003,98.629997,99.57,0.616411688
23/01/2016,99.5,99.830002,98.43,99.610001,0.040173747
30/01/2016,99.540001,99.629997,96.260002,97.029999,-2.590103377
06/02/2016,96.959999,97.480003,95.239998,95.980003,-1.082135433
13/02/2016,96.57,97.169998,96.379997,96.599998,0.64596268
20/02/2016,96.599998,98.260002,96.599998,98.150002,1.604559039
27/02/2016,98.169998,98.580002,97.019997,97.339996,-0.825273544
05/03/2016,97.230003,98.419998,95.940002,96.169998,-1.201970462
12/03/2016,96.199997,97.059998,94.580002,94.989998,-1.226993891
19/03/2016,95.050003,96.360001,95,96.139999,1.210654831
26/03/2016,96.279999,96.400002,94.32,94.620003,-1.581023524
02/04/2016,94.620003,95.07,94.019997,94.239998,-0.401611697
09/04/2016,94.190002,95.199997,93.629997,94.699997,0.488114399
16/04/2016,94.699997,95.199997,93.919998,95.120003,0.443512158
23/04/2016,95.110001,95.110001,93.010002,93.080002,-2.144660361
30/04/2016,93.019997,93.959999,91.919998,93.889999,0.870215925
07/05/2016,93.830002,94.849998,93.68,94.610001,0.766856968
14/05/2016,94.57,95.5,94.330002,95.309998,0.739876327
21/05/2016,95.290001,95.779999,94.940002,95.519997,0.220332604
28/05/2016,95.660004,95.900002,93.870003,94.029999,-1.559880702
04/06/2016,93.870003,94.709999,93.43,94.599998,0.606188457
11/06/2016,94.639999,95.32,94.07,94.209999,-0.412261108
18/06/2016,93.779999,96.699997,93.019997,95.449997,1.316206361
25/06/2016,95.529999,96.709999,95.410004,95.650002,0.209539032
02/07/2016,95.690002,96.699997,95.339996,96.300003,0.67956193
09/07/2016,96.279999,96.790001,95.830002,96.580002,0.290757
16/07/2016,96.589996,97.540001,96.470001,97.470001,0.921514787
23/07/2016,97.349998,97.57,95.379997,95.529999,-1.990358038
30/07/2016,95.510002,96.519997,95,96.190002,0.690885593
06/08/2016,96.220001,96.519997,95.25,95.720001,-0.48861731
13/08/2016,95.68,95.800003,94.080002,94.510002,-1.264102578
20/08/2016,94.5,95.589996,94.209999,95.57,1.121572297
27/08/2016,95.459999,96.260002,95.190002,95.879997,0.324366433
03/09/2016,95.889999,95.889999,94.470001,95.339996,-0.563205066
10/09/2016,95.300003,96.110001,94.940002,96.110001,0.807641108
17/09/2016,96.040001,96.330002,95.050003,95.480003,-0.65549682
24/09/2016,95.510002,95.959999,95.129997,95.459999,-0.020950984
01/10/2016,95.419998,97.190002,95.419998,96.519997,1.110410655
08/10/2016,96.470001,98.129997,96.459999,98.019997,1.554082104
15/10/2016,98.059998,98.809998,97.610001,98.699997,0.693735993
22/10/2016,98.620003,99.120003,98.239998,98.349998,-0.354608927
29/10/2016,98.32,98.699997,96.889999,97.07,-1.301472319
05/11/2016,97.540001,99.129997,95.889999,98.989998,1.977951993
12/11/2016,99,101.480003,99,101.209999,2.242651828
19/11/2016,101.290001,101.919998,100.650002,101.489998,0.276651519
26/11/2016,101.440002,101.830002,100.620003,100.769997,-0.7094305
03/12/2016,100.660004,101.739998,99.43,101.57,0.79389007
10/12/2016,101.690002,103.559998,100.730003,102.949997,1.358665945
17/12/2016,102.93,103.650002,102.519997,103.010002,0.058285577
24/12/2016,103.010002,103.629997,101.910004,102.389999,-0.601886213
31/12/2016,102.379997,103.82,101.300003,102.220001,-0.166029887
07/01/2017,102.260002,102.949997,100.720001,101.18,-1.01741439
14/01/2017,101.660004,101.730003,100.279999,100.739998,-0.434870528
21/01/2017,100.720001,100.82,99.790001,100.529999,-0.208456427
28/01/2017,100.349998,101.019997,99.230003,99.870003,-0.656516469
04/02/2017,99.620003,101.010002,99.620003,100.800003,0.931210546
11/02/2017,100.849998,101.760002,100.410004,100.949997,0.148803567
18/02/2017,100.940002,101.720001,100.660004,101.089996,0.13868153
25/02/2017,101.080002,102.260002,100.690002,101.540001,0.445152852
04/03/2017,101.440002,102.25,101.169998,101.25,-0.285602715
11/03/2017,101.279999,101.790001,100.139999,100.300003,-0.938268642
18/03/2017,100.339996,100.449997,99.529999,99.629997,-0.668001974
25/03/2017,99.43,100.650002,98.860001,100.349998,0.722674919
01/04/2017,100.5,101.260002,100.370003,101.18,0.827107142
08/04/2017,101.129997,101.339996,100.010002,100.559998,-0.612771299
15/04/2017,100.470001,100.470001,99.370003,99.980003,-0.576765127
22/04/2017,98.790001,99.330002,98.699997,99.050003,-0.930186009
29/04/2017,98.93,99.459999,98.540001,98.650002,-0.403837444
06/05/2017,98.5,99.889999,98.5,99.25,0.608208807
13/05/2017,99.160004,99.260002,97.080002,97.150002,-2.115867003
20/05/2017,97.160004,97.550003,96.800003,97.400002,0.257334014
27/05/2017,97.43,97.779999,96.650002,96.720001,-0.698152963
03/06/2017,96.68,97.5,96.510002,97.269997,0.568647637
10/06/2017,97.269997,97.559998,96.32,97.160004,-0.11308009
17/06/2017,97.110001,97.870003,97.050003,97.300003,0.144091184
24/06/2017,97.300003,97.470001,95.470001,95.660004,-1.685507656
01/07/2017,95.620003,96.510002,95.620003,96.010002,0.365877049
08/07/2017,96.040001,96.209999,95.089996,95.110001,-0.937403376
15/07/2017,95.099998,95.349998,93.849998,93.940002,-1.230153494
22/07/2017,93.949997,94.290001,93.150002,93.260002,-0.723866282
29/07/2017,93.360001,93.769997,92.550003,93.540001,0.300234821
05/08/2017,93.5,93.889999,92.93,93.07,-0.502459905
12/08/2017,93.089996,94.150002,93.050003,93.43,0.38680563
19/08/2017,93.43,93.629997,92.419998,92.739998,-0.738522958
26/08/2017,92.360001,93.349998,91.620003,92.809998,0.075479838
02/09/2017,92.660004,92.730003,91.010002,91.330002,-1.594651473
09/09/2017,91.860001,92.660004,91.419998,91.870003,0.591263537
16/09/2017,91.93,92.699997,91.529999,92.169998,0.32654293
23/09/2017,92.32,93.669998,92.209999,93.080002,0.987310426
30/09/2017,93.290001,94.269997,93.120003,93.800003,0.773529206
07/10/2017,93.769997,93.839996,92.75,93.089996,-0.756937076
14/10/2017,93.07,93.800003,93.059998,93.699997,0.655280939
21/10/2017,93.839996,95.150002,93.480003,94.919998,1.302028857
28/10/2017,94.790001,95.019997,94.410004,94.940002,0.02107459
04/11/2017,94.870003,95.150002,94.260002,94.389999,-0.579316398
11/11/2017,94.410004,94.639999,93.400002,93.660004,-0.773381722
18/11/2017,93.709999,94.169998,92.68,92.760002,-0.96092458
25/11/2017,92.690002,93.510002,92.5,92.900002,0.150927121
02/12/2017,93.220001,94.089996,93.040001,93.900002,1.076426242
09/12/2017,93.919998,94.220001,93.279999,93.93,0.031946751
16/12/2017,93.980003,94.029999,93.160004,93.349998,-0.617483232
23/12/2017,93.25,93.400002,92.080002,92.120003,-1.317616525
30/12/2017,92.239998,92.260002,91.75,91.949997,-0.184548409
06/01/2018,92.059998,92.639999,90.900002,90.970001,-1.065792313
13/01/2018,90.940002,91,90.110001,90.57,-0.439706492
20/01/2018,90.669998,90.699997,88.440002,89.07,-1.656177542
27/01/2018,89.019997,89.639999,88.559998,89.199997,0.145949253
03/02/2018,89.190002,90.57,89.019997,90.440002,1.390140181
10/02/2018,90.330002,90.43,88.25,89.099998,-1.48164968
17/02/2018,89.239998,90.239998,89.220001,89.879997,0.875419773
24/02/2018,89.879997,90.93,89.5,89.940002,0.066761239
03/03/2018,89.830002,90.360001,89.410004,90.089996,0.166771177
10/03/2018,90.110001,90.379997,89.559998,90.230003,0.155407932
17/03/2018,90.199997,90.449997,89.400002,89.440002,-0.875541365
24/03/2018,89.470001,90.18,88.940002,89.970001,0.592574897
31/03/2018,89.970001,90.599998,89.82,90.110001,0.155607423
07/04/2018,90.07,90.269997,89.360001,89.800003,-0.344021747
14/04/2018,89.769997,90.480003,89.230003,90.32,0.579061228
21/04/2018,90.32,91.989998,90.32,91.540001,1.350753986
28/04/2018,91.529999,92.900002,91.480003,92.57,1.125190069
05/05/2018,92.57,93.419998,92.370003,92.540001,-0.032406827
12/05/2018,92.550003,93.830002,92.239998,93.639999,1.188672993
19/05/2018,93.669998,94.279999,93.290001,94.190002,0.587359041
26/05/2018,94.25,95.029999,93.720001,94.190002,0
02/06/2018,94.160004,94.32,93.209999,93.550003,-0.679476575
09/06/2018,93.540001,95.129997,93.190002,94.790001,1.325492208
16/06/2018,94.790001,95.529999,94.43,94.519997,-0.28484439
23/06/2018,94.5,95.529999,94.169998,94.629997,0.11637749
30/06/2018,94.629997,95.139999,93.919998,94.040001,-0.623476718
07/07/2018,93.970001,95.239998,93.709999,94.75,0.754996802
14/07/2018,94.690002,95.650002,94.300003,94.459999,-0.306069657
21/07/2018,94.43,94.910004,94.080002,94.68,0.232903877
28/07/2018,94.660004,95.370003,94.160004,95.139999,0.485846008
04/08/2018,95.199997,96.449997,94.989998,96.360001,1.282322906
11/08/2018,95.190002,96.980003,95.160004,96.099998,-0.269824613
18/08/2018,96.129997,96.400002,94.93,95.150002,-0.988549448
25/08/2018,95.169998,95.300003,94.43,95.139999,-0.010512874
01/09/2018,95.190002,95.739998,94.870003,95.370003,0.241753208
08/09/2018,95.43,95.559998,94.360001,94.980003,-0.408933614
15/09/2018,94.93,94.980003,93.809998,94.220001,-0.800170537
22/09/2018,94.230003,95.370003,93.839996,95.190002,1.029506463
29/09/2018,95.110001,96.120003,95,95.620003,0.451729164
06/10/2018,95.620003,96.160004,94.949997,95.220001,-0.418324605
13/10/2018,95.349998,96.089996,94.790001,95.709999,0.514595668
20/10/2018,95.660004,96.860001,95.470001,96.360001,0.679136983
27/10/2018,96.440002,97.199997,95.989998,96.540001,0.1867995
03/11/2018,96.440002,97.010002,95.68,96.910004,0.383263928
10/11/2018,97.050003,97.690002,96.400002,96.470001,-0.454032589
17/11/2018,96.43,96.980003,96.040001,96.919998,0.466463144
24/11/2018,96.93,97.540001,96.629997,97.269997,0.361121551
01/12/2018,97.129997,97.209999,96.379997,96.510002,-0.781325201
08/12/2018,96.720001,97.709999,96.360001,97.440002,0.963630692
15/12/2018,97.43,97.459999,96.169998,96.959999,-0.492613906
22/12/2018,96.940002,97.120003,96.190002,96.389999,-0.587871293
29/12/2018,96.400002,96.959999,95.82,96.190002,-0.207487293
05/01/2019,96.160004,96.160004,95.029999,95.669998,-0.540600883
12/01/2019,95.650002,96.389999,95.470001,96.339996,0.700321955
19/01/2019,96.349998,96.68,95.739998,95.790001,-0.570889582
26/01/2019,95.790001,95.980003,95.160004,95.580002,-0.219228518
02/02/2019,95.599998,96.690002,95.57,96.639999,1.109015461
09/02/2019,96.660004,97.370003,96.620003,96.919998,0.289734068
16/02/2019,96.809998,97.089996,96.290001,96.510002,-0.423025184
23/02/2019,96.519997,96.599998,95.82,96.529999,0.020720132
02/03/2019,96.339996,97.709999,96.330002,97.370003,0.870199947
09/03/2019,97.389999,97.449997,96.389999,96.599998,-0.790803098
16/03/2019,96.57,96.809998,95.739998,96.650002,0.051763976
23/03/2019,96.639999,97.339996,96.410004,97.279999,0.651833406
30/03/2019,97.18,97.519997,96.959999,97.400002,0.123358348
06/04/2019,97.389999,97.400002,96.75,96.970001,-0.441479457
13/04/2019,96.93,97.489998,96.790001,97.470001,0.515623383
20/04/2019,97.379997,98.330002,97.260002,98.010002,0.554017641
27/04/2019,98.029999,98.099998,97.150002,97.519997,-0.499954076
04/05/2019,97.559998,97.739998,97.129997,97.330002,-0.194826708
11/05/2019,97.300003,98.029999,97.029999,98,0.68837767
18/05/2019,97.959999,98.370003,97.550003,97.610001,-0.397958163
25/05/2019,97.57,98.279999,97.550003,97.75,0.143426902
01/06/2019,97.639999,97.800003,96.459999,96.610001,-1.166239386
08/06/2019,96.650002,97.580002,96.580002,97.57,0.993684908
15/06/2019,97.519997,97.769997,96.150002,96.220001,-1.38362099
22/06/2019,96.18,96.389999,95.839996,96.129997,-0.093539804
29/06/2019,96.25,97.440002,96.25,97.25,1.165092099
06/07/2019,97.230003,97.589996,96.790001,96.809998,-0.452444216
13/07/2019,96.839996,97.440002,96.669998,97.150002,0.351207527
20/07/2019,97.150002,98.089996,97.129997,98.010002,0.885229009
27/07/2019,97.989998,98.93,97.900002,98.099998,0.091823281
03/08/2019,98.110001,98.139999,97.209999,97.489998,-0.621814488
10/08/2019,97.540001,98.339996,97.32,98.139999,0.666736089
17/08/2019,98.169998,98.449997,97.589996,97.639999,-0.509476264
24/08/2019,97.589996,99.019997,97.480003,98.919998,1.310937129
31/08/2019,98.830002,99.370003,98.010002,98.389999,-0.535785494
07/09/2019,98.419998,99.099998,97.860001,98.260002,-0.132124201
14/09/2019,98.120003,98.739998,98.029999,98.510002,0.254427025
21/09/2019,98.510002,99.309998,98.290001,99.110001,0.609074193
28/09/2019,99.120003,99.669998,98.639999,98.809998,-0.302697
05/10/2019,98.82,99.25,98.199997,98.300003,-0.516137041
12/10/2019,98.360001,98.650002,97.139999,97.279999,-1.037643915
19/10/2019,97.339996,97.900002,97.150002,97.830002,0.565381379
26/10/2019,97.849998,98,97.110001,97.239998,-0.603091064
02/11/2019,97.220001,98.400002,97.169998,98.349998,1.141505577
09/11/2019,98.370003,98.449997,97.959999,98,-0.35586986
16/11/2019,97.980003,98.309998,97.68,98.269997,0.275507143
23/11/2019,98.269997,98.540001,98.169998,98.269997,0
30/11/2019,98.269997,98.379997,97.360001,97.699997,-0.580034616
07/12/2019,97.68,97.720001,96.720001,97.169998,-0.542475963
14/12/2019,97.18,97.760002,96.93,97.709999,0.555728117
21/12/2019,97.669998,97.82,96.919998,96.919998,-0.808516025
28/12/2019,97,97.110001,96.360001,96.839996,-0.082544368
04/01/2020,96.900002,97.580002,96.540001,97.360001,0.53697338
11/01/2020,97.349998,97.660004,97.089996,97.610001,0.256778962
18/01/2020,97.639999,97.949997,97.389999,97.849998,0.245873371
25/01/2020,97.879997,98.190002,97.360001,97.389999,-0.470106295
01/02/2020,97.370003,98.709999,97.370003,98.68,1.324572352
08/02/2020,98.699997,99.160004,98.599998,99.120003,0.445888731
15/02/2020,99.190002,99.910004,99.139999,99.260002,0.141241925
22/02/2020,99.339996,99.639999,97.959999,98.129997,-1.138429354
29/02/2020,98.080002,98.089996,95.709999,95.949997,-2.221542919
07/03/2020,95.790001,98.809998,94.650002,98.75,2.918189773
14/03/2020,98.470001,102.989998,97.449997,102.82,4.121518987
21/03/2020,101.949997,102.980003,98.269997,98.370003,-4.327948843
28/03/2020,98.309998,100.849998,98.290001,100.580002,2.246618819
04/04/2020,100.660004,100.93,99.360001,99.470001,-1.103600097
11/04/2020,99.489998,100.300003,98.82,99.779999,0.311649741
18/04/2020,99.709999,100.870003,99.650002,100.379997,0.601320912
25/04/2020,100.230003,100.32,98.779999,98.800003,-1.574012799
02/05/2020,99.089996,100.400002,99.089996,99.730003,0.941295518
09/05/2020,99.669998,100.559998,99.580002,100.400002,0.671812875
16/05/2020,100.360001,100.470001,99,99.860001,-0.537849591
23/05/2020,99.769997,99.769997,97.949997,98.339996,-1.522135975
30/05/2020,98.300003,98.32,96.440002,96.940002,-1.423626253
06/06/2020,96.839996,97.449997,95.720001,97.32,0.391992977
13/06/2020,97.089996,97.720001,96.43,97.620003,0.308264488
20/06/2020,97.660004,97.739998,96.389999,97.5,-0.122928699
27/06/2020,97.5,97.800003,96.809998,97.32,-0.184615385
04/07/2020,97.150002,97.199997,96.239998,96.650002,-0.688448418
11/07/2020,96.660004,96.699997,95.779999,95.940002,-0.7346094
18/07/2020,96.010002,96.18,94.330002,94.440002,-1.563477141
25/07/2020,94.349998,94.419998,92.550003,93.489998,-1.005933905
01/08/2020,93.459999,93.989998,92.519997,93.440002,-0.053477378
08/08/2020,93.389999,93.910004,92.93,93.099998,-0.363874136
15/08/2020,93.099998,93.470001,92.129997,93.25,0.16111923
22/08/2020,93.199997,93.360001,92.199997,92.370003,-0.943696515
29/08/2020,92.300003,93.239998,91.75,92.720001,0.378908724
05/09/2020,93.050003,93.660004,92.699997,93.330002,0.657895808
12/09/2020,93.290001,93.589996,92.769997,92.93,-0.428588869
19/09/2020,93.010002,94.739998,92.75,94.580002,1.775532121
26/09/2020,94.580002,94.639999,93.529999,93.839996,-0.782412756
03/10/2020,93.809998,93.900002,93.010002,93.059998,-0.83119995
10/10/2020,93.059998,93.900002,93.010002,93.68,0.666239
17/10/2020,93.720001,93.769997,92.470001,92.769997,-0.971395175
24/10/2020,92.760002,94.099998,92.739998,94.040001,1.368981396
31/10/2020,93.889999,94.300003,92.18,92.230003,-1.924710741
07/11/2020,92.239998,93.209999,92.129997,92.760002,0.574649228
14/11/2020,92.720001,92.839996,92.209999,92.389999,-0.398882053
21/11/2020,92.400002,92.800003,91.760002,91.790001,-0.649418775
28/11/2020,91.779999,92.050003,90.480003,90.699997,-1.187497536
05/12/2020,90.809998,91.239998,90.620003,90.980003,0.308716659
12/12/2020,90.980003,90.980003,89.730003,90.019997,-1.055183522
19/12/2020,89.919998,91.019997,89.919998,90.330002,0.344373484
26/12/2020,90.220001,90.379997,89.519997,89.940002,-0.43175024
02/01/2021,89.93,90.25,89.209999,90.099998,0.177891924
09/01/2021,90.07,90.800003,89.919998,90.779999,0.754718108
16/01/2021,90.730003,90.760002,90.050003,90.239998,-0.594845788
23/01/2021,90.230003,90.879997,90.080002,90.580002,0.376777491
30/01/2021,90.529999,91.599998,90.5,91.040001,0.50783726
06/02/2021,91,91.239998,90.25,90.480003,-0.615112032
13/02/2021,90.449997,91.059998,90.120003,90.360001,-0.132628201
20/02/2021,90.339996,90.970001,89.68,90.93,0.630808979
27/02/2021,90.93,92.190002,90.629997,91.980003,1.15473771
06/03/2021,91.989998,92.5,91.370003,91.68,-0.326161111
13/03/2021,91.660004,92.169998,91.300003,91.919998,0.261777923
20/03/2021,91.739998,92.919998,91.709999,92.769997,0.924716078
27/03/2021,92.720001,93.440002,92.720001,92.93,0.172472788
03/04/2021,93.010002,93.110001,92,92.160004,-0.828576348
10/04/2021,92.18,92.330002,91.489998,91.559998,-0.651048149
17/04/2021,91.540001,91.75,90.809998,90.860001,-0.764522734
24/04/2021,90.830002,91.32,90.419998,91.279999,0.462247409
01/05/2021,91.300003,91.440002,90.190002,90.230003,-1.150302379
08/05/2021,90.230003,90.910004,89.980003,90.32,0.099741768
15/05/2021,90.300003,90.43,89.650002,90.019997,-0.332155669
22/05/2021,90.029999,90.440002,89.540001,90.029999,0.011110865
29/05/2021,90.059998,90.629997,89.660004,90.139999,0.122181496
05/06/2021,90.129997,90.610001,89.839996,90.559998,0.465940764
12/06/2021,90.510002,92.410004,90.349998,92.230003,1.844086834
19/06/2021,92.32,92.370003,91.510002,91.809998,-0.455388687
26/06/2021,91.809998,92.739998,91.699997,92.230003,0.457471963
03/07/2021,92.239998,92.849998,92,92.129997,-0.108431093
10/07/2021,92.099998,92.830002,92.080002,92.690002,0.607842199
17/07/2021,92.709999,93.190002,92.510002,92.910004,0.23735246
24/07/2021,92.910004,92.959999,91.779999,92.169998,-0.796476125
31/07/2021,92.089996,92.839996,91.82,92.800003,0.683525023
07/08/2021,92.779999,93.190002,92.470001,92.519997,-0.301730594
14/08/2021,92.519997,93.730003,92.480003,93.5,1.059233714
21/08/2021,93.459999,93.510002,92.629997,92.690002,-0.866308021
28/08/2021,92.68,92.790001,91.949997,92.040001,-0.701263336
04/09/2021,92.120003,92.860001,92.099998,92.580002,0.586702514
11/09/2021,92.610001,93.25,92.32,93.199997,0.669685663
18/09/2021,93.25,93.519997,92.980003,93.330002,0.139490348
25/09/2021,93.279999,94.5,93.209999,94.040001,0.760740367
02/10/2021,94.07,94.449997,93.68,94.07,0.031900255
09/10/2021,94.099998,94.559998,93.760002,93.940002,-0.138192835
16/10/2021,93.949997,94.169998,93.5,93.610001,-0.351289113
23/10/2021,93.660004,94.300003,93.279999,94.120003,0.544815719
30/10/2021,94.129997,94.620003,93.82,94.32,0.212491493
06/11/2021,94.25,95.269997,93.879997,95.129997,0.858775445
13/11/2021,95.120003,96.239998,94.970001,96.07,0.988124703
20/11/2021,96.07,96.940002,95.75,96.089996,0.02081399
27/11/2021,96.139999,96.639999,95.519997,96.120003,0.031228017
04/12/2021,96.150002,96.589996,95.849998,96.050003,-0.072825632
11/12/2021,96.050003,96.910004,95.849998,96.57,0.541381555
18/12/2021,96.669998,96.690002,95.989998,96.019997,-0.569538159
25/12/2021,96.150002,96.400002,95.57,95.669998,-0.364506364
01/01/2022,95.669998,96.459999,95.629997,95.739998,0.073168184
08/01/2022,95.739998,96.230003,94.629997,95.169998,-0.595362452
15/01/2022,95.169998,95.860001,95.040001,95.639999,0.493854166
22/01/2022,95.639999,97.440002,95.629997,97.269997,1.704305748
29/01/2022,97.220001,97.300003,95.139999,95.480003,-1.8402324
05/02/2022,95.480003,96.110001,95.169998,96.080002,0.628402787
12/02/2022,96.029999,96.440002,95.68,96.040001,-0.041633013
19/02/2022,96.080002,97.739998,95.839996,96.620003,0.603917112
26/02/2022,96.540001,98.919998,96.540001,98.650002,2.101013183
05/03/2022,98.57,99.419998,97.709999,99.120003,0.476432834
12/03/2022,99.129997,99.290001,97.730003,98.230003,-0.897901506
19/03/2022,98.239998,98.970001,98.160004,98.809998,0.590445874
26/03/2022,98.809998,99.370003,97.690002,98.629997,-0.182168813
02/04/2022,98.57,100.190002,98.519997,99.800003,1.186257767
09/04/2022,99.839996,100.760002,99.57,100.5,0.701399779
16/04/2022,100.5,101.330002,99.82,101.220001,0.716418905
23/04/2022,101.120003,103.93,101.040001,102.959999,1.719025867
30/04/2022,103.209999,104.059998,102.349998,103.660004,0.679880543
07/05/2022,103.660004,105.010002,103.370003,104.559998,0.868217215
14/05/2022,104.470001,104.639999,102.660004,103.150002,-1.348504234
21/05/2022,103.029999,103.050003,101.43,101.669998,-1.434807534
28/05/2022,101.639999,102.730003,101.300003,102.139999,0.462280918
04/06/2022,102.169998,104.230003,101.849998,104.150002,1.96789017
11/06/2022,104.209999,105.790001,103.419998,104.699997,0.528079683
18/06/2022,104.650002,104.949997,103.860001,104.190002,-0.487101256
25/06/2022,104.120003,105.639999,103.669998,105.139999,0.911792861
02/07/2022,105.120003,107.790001,104.82,107.010002,1.77858381
09/07/2022,106.919998,109.290001,106.919998,108.059998,0.981212952
16/07/2022,107.980003,108.040001,106.110001,106.730003,-1.230793101
23/07/2022,106.550003,107.43,105.540001,105.900002,-0.777664178
30/07/2022,105.830002,106.93,105.050003,106.620003,0.679887617
06/08/2022,106.580002,106.800003,104.639999,105.629997,-0.928536834
13/08/2022,105.669998,108.220001,105.550003,108.169998,2.404620915
20/08/2022,108.099998,109.269997,107.589996,108.800003,0.5824212
27/08/2022,108.839996,109.980003,108.290001,109.529999,0.670952187
03/09/2022,109.599998,110.790001,108.360001,109,-0.483884785
10/09/2022,108.599998,110.260002,107.68,109.760002,0.697249541
17/09/2022,109.639999,113.230003,109.360001,113.190002,3.124999943
24/09/2022,113.019997,114.779999,111.580002,112.120003,-0.94531229
01/10/2022,112.169998,112.879997,110.059998,112.800003,0.606493027
08/10/2022,112.75,113.919998,112.150002,113.309998,0.452123215
15/10/2022,113.220001,113.940002,111.699997,112.010002,-1.147291521
22/10/2022,111.879997,112.529999,109.540001,110.669998,-1.196325307
29/10/2022,110.669998,113.150002,110.43,110.879997,0.189752421
05/11/2022,110.790001,111.269997,106.279999,106.290001,-4.139606894
12/11/2022,106.480003,107.269997,105.339996,106.93,0.602125312
19/11/2022,106.970001,107.989998,105.629997,105.959999,-0.907136444
26/11/2022,106.059998,107.199997,104.379997,104.550003,-1.330687064
03/12/2022,104.510002,105.82,104.110001,104.809998,0.24868005
10/12/2022,104.93,105.25,103.449997,104.699997,-0.104952774
17/12/2022,104.839996,104.93,103.75,104.309998,-0.372491892
24/12/2022,104.120003,104.400002,103.889999,104.18,-0.124626596
