Security ,date,Return 
DXY,04/01/2000,0.77
DXY,11/01/2000,1.05
DXY,18/01/2000,0.15
DXY,25/01/2000,2.87
DXY,01/02/2000,-0.47
DXY,08/02/2000,0.08
DXY,15/02/2000,-0.13
DXY,22/02/2000,0.66
DXY,29/02/2000,0.85
DXY,07/03/2000,-0.62
DXY,14/03/2000,-0.33
DXY,21/03/2000,0.29
DXY,28/03/2000,0.09
DXY,04/04/2000,0.13
DXY,11/04/2000,0.43
DXY,18/04/2000,1.08
DXY,25/04/2000,2.19
DXY,02/05/2000,1.66
DXY,09/05/2000,-0.8
DXY,16/05/2000,0.45
DXY,23/05/2000,-1.75
DXY,30/05/2000,-1.52
DXY,06/06/2000,-0.46
DXY,13/06/2000,-0.6
DXY,20/06/2000,1.67
DXY,27/06/2000,-0.97
DXY,04/07/2000,-0.05
DXY,11/07/2000,1.58
DXY,18/07/2000,-0.01
DXY,25/07/2000,0.81
DXY,01/08/2000,1.12
DXY,08/08/2000,0.25
DXY,15/08/2000,0.34
DXY,22/08/2000,0
DXY,29/08/2000,-0.04
DXY,05/09/2000,3.55
DXY,12/09/2000,0.55
DXY,19/09/2000,-1.67
DXY,26/09/2000,-0.24
DXY,03/10/2000,0.9
DXY,10/10/2000,1.38
DXY,17/10/2000,0.99
DXY,24/10/2000,-0.25
DXY,31/10/2000,-1.33
DXY,07/11/2000,0.01
DXY,14/11/2000,1.43
DXY,21/11/2000,-0.21
DXY,28/11/2000,-2.89
DXY,05/12/2000,0.51
DXY,12/12/2000,-1.07
DXY,19/12/2000,-1.99
DXY,26/12/2000,-1.14
DXY,02/01/2001,-0.64
DXY,09/01/2001,1.02
DXY,16/01/2001,0.25
DXY,23/01/2001,1.39
DXY,30/01/2001,-1.68
DXY,06/02/2001,1.18
DXY,13/02/2001,0.66
DXY,20/02/2001,0.76
DXY,27/02/2001,-1.09
DXY,06/03/2001,0.42
DXY,13/03/2001,2.85
DXY,20/03/2001,0.01
DXY,27/03/2001,1.85
DXY,03/04/2001,-1.82
DXY,10/04/2001,0.84
DXY,17/04/2001,-1.21
DXY,24/04/2001,0.94
DXY,01/05/2001,-0.46
DXY,08/05/2001,1.58
DXY,15/05/2001,-0.53
DXY,22/05/2001,1.42
DXY,29/05/2001,0.85
DXY,05/06/2001,0.72
DXY,12/06/2001,-1.41
DXY,19/06/2001,-0.03
DXY,26/06/2001,1.14
DXY,03/07/2001,0.18
DXY,10/07/2001,-0.49
DXY,17/07/2001,-1.22
DXY,24/07/2001,-0.55
DXY,31/07/2001,-0.67
DXY,07/08/2001,-1.21
DXY,14/08/2001,-1.4
DXY,21/08/2001,-0.01
DXY,28/08/2001,0.25
DXY,04/09/2001,0.79
DXY,11/09/2001,-2.23
DXY,18/09/2001,0.74
DXY,25/09/2001,0.14
DXY,02/10/2001,-0.36
DXY,09/10/2001,1.09
DXY,16/10/2001,1.7
DXY,23/10/2001,-1.13
DXY,30/10/2001,0.09
DXY,06/11/2001,0.7
DXY,13/11/2001,1.38
DXY,20/11/2001,0.15
DXY,27/11/2001,-0.98
DXY,04/12/2001,0.26
DXY,11/12/2001,-1.14
DXY,18/12/2001,2.62
DXY,25/12/2001,-1.01
DXY,01/01/2002,-0.36
DXY,08/01/2002,0.27
DXY,15/01/2002,0.87
DXY,22/01/2002,2.02
DXY,29/01/2002,-0.95
DXY,05/02/2002,-0.39
DXY,12/02/2002,0.27
DXY,19/02/2002,0.31
DXY,26/02/2002,-0.27
DXY,05/03/2002,-0.91
DXY,12/03/2002,-0.2
DXY,19/03/2002,0.51
DXY,26/03/2002,-0.28
DXY,02/04/2002,0.37
DXY,09/04/2002,-0.47
DXY,16/04/2002,-1.03
DXY,23/04/2002,-1.32
DXY,30/04/2002,-1.07
DXY,07/05/2002,0.43
DXY,14/05/2002,-1.17
DXY,21/05/2002,0.16
DXY,28/05/2002,-1.5
DXY,04/06/2002,-0.18
DXY,11/06/2002,-0.23
DXY,18/06/2002,-2.38
DXY,25/06/2002,-1.57
DXY,02/07/2002,-0.2
DXY,09/07/2002,-1.53
DXY,16/07/2002,0.08
DXY,23/07/2002,2.24
DXY,30/07/2002,0.16
DXY,06/08/2002,0.13
DXY,13/08/2002,0.1
DXY,20/08/2002,0.32
DXY,27/08/2002,-0.82
DXY,03/09/2002,0.11
DXY,10/09/2002,1.06
DXY,17/09/2002,-0.35
DXY,24/09/2002,-0.92
DXY,01/10/2002,0.64
DXY,08/10/2002,-0.37
DXY,15/10/2002,1.01
DXY,22/10/2002,-0.99
DXY,29/10/2002,-0.97
DXY,05/11/2002,-1.46
DXY,12/11/2002,0.6
DXY,19/11/2002,1.27
DXY,26/11/2002,-0.18
DXY,03/12/2002,-1.04
DXY,10/12/2002,-1.12
DXY,17/12/2002,-0.4
DXY,24/12/2002,-1.57
DXY,31/12/2002,-0.04
DXY,07/01/2003,-0.49
DXY,14/01/2003,-0.91
DXY,21/01/2003,-1.28
DXY,28/01/2003,0.64
DXY,04/02/2003,0.37
DXY,11/02/2003,-0.23
DXY,18/02/2003,-0.38
DXY,25/02/2003,-0.56
DXY,04/03/2003,-1.26
DXY,11/03/2003,2.95
DXY,18/03/2003,0.24
DXY,25/03/2003,-1.9
DXY,01/04/2003,2
DXY,08/04/2003,-1.07
DXY,15/04/2003,-0.37
DXY,22/04/2003,-0.92
DXY,29/04/2003,-2.33
DXY,06/05/2003,-1.89
DXY,13/05/2003,-0.81
DXY,20/05/2003,-0.78
DXY,27/05/2003,0.31
DXY,03/06/2003,-0.04
DXY,10/06/2003,-0.96
DXY,17/06/2003,1.82
DXY,24/06/2003,0.69
DXY,01/07/2003,0.82
DXY,08/07/2003,0.59
DXY,15/07/2003,0.04
DXY,22/07/2003,-1.09
DXY,29/07/2003,1.18
DXY,05/08/2003,-0.32
DXY,12/08/2003,1.54
DXY,19/08/2003,1.52
DXY,26/08/2003,-0.84
DXY,02/09/2003,-0.86
DXY,09/09/2003,-1.21
DXY,16/09/2003,-2.22
DXY,23/09/2003,-0.82
DXY,30/09/2003,-0.72
DXY,07/10/2003,-0.56
DXY,14/10/2003,0.59
DXY,21/10/2003,-0.89
DXY,28/10/2003,2.24
DXY,04/11/2003,-0.65
DXY,11/11/2003,-1.63
DXY,18/11/2003,0.07
DXY,25/11/2003,-1.35
DXY,02/12/2003,-1.77
DXY,09/12/2003,-0.33
DXY,16/12/2003,-0.53
DXY,23/12/2003,-0.73
DXY,30/12/2003,-1.47
DXY,06/01/2004,-0.6
DXY,13/01/2004,2.47
DXY,20/01/2004,-0.47
DXY,27/01/2004,0.32
DXY,03/02/2004,-1.75
DXY,10/02/2004,-0.62
DXY,17/02/2004,1.84
DXY,24/02/2004,0.55
DXY,02/03/2004,0.55
DXY,09/03/2004,0.92
DXY,16/03/2004,-1.13
DXY,23/03/2004,0.93
DXY,30/03/2004,0.67
DXY,06/04/2004,-0.3
DXY,13/04/2004,0.96
DXY,20/04/2004,0.91
DXY,27/04/2004,0.15
DXY,04/05/2004,0.88
DXY,11/05/2004,-0.61
DXY,18/05/2004,-0.57
DXY,25/05/2004,-1.69
DXY,01/06/2004,-0.79
DXY,08/06/2004,1.92
DXY,15/06/2004,-0.72
DXY,22/06/2004,-0.64
DXY,29/06/2004,-0.55
DXY,06/07/2004,-0.95
DXY,13/07/2004,-0.24
DXY,20/07/2004,2.12
DXY,27/07/2004,0.81
DXY,03/08/2004,-1.52
DXY,10/08/2004,-0.49
DXY,17/08/2004,1.25
DXY,24/08/2004,0.71
DXY,31/08/2004,-0.18
DXY,07/09/2004,-1.09
DXY,14/09/2004,0.5
DXY,21/09/2004,-0.79
DXY,28/09/2004,0.1
DXY,05/10/2004,-0.95
DXY,12/10/2004,-0.59
DXY,19/10/2004,-2.36
DXY,26/10/2004,0.27
DXY,02/11/2004,-1.3
DXY,09/11/2004,-0.11
DXY,16/11/2004,-0.96
DXY,23/11/2004,-1.51
DXY,30/11/2004,-0.79
DXY,07/12/2004,1.01
DXY,14/12/2004,-0.52
DXY,21/12/2004,-1.16
DXY,28/12/2004,0.72
DXY,04/01/2005,2.45
DXY,11/01/2005,-0.28
DXY,18/01/2005,0.22
DXY,25/01/2005,0.43
DXY,01/02/2005,1.72
DXY,08/02/2005,-1.27
DXY,15/02/2005,-0.49
DXY,22/02/2005,-1.24
DXY,01/03/2005,0.34
DXY,08/03/2005,-0.99
DXY,15/03/2005,1.11
DXY,22/03/2005,2.1
DXY,29/03/2005,0.19
DXY,05/04/2005,-0.73
DXY,12/04/2005,-0.19
DXY,19/04/2005,-0.21
DXY,26/04/2005,0.8
DXY,03/05/2005,0.18
DXY,10/05/2005,1.75
DXY,17/05/2005,0.33
DXY,24/05/2005,0.02
DXY,31/05/2005,1.37
DXY,07/06/2005,1.54
DXY,14/06/2005,-0.52
DXY,21/06/2005,-0.05
DXY,28/06/2005,2.24
DXY,05/07/2005,-1.07
DXY,12/07/2005,0.2
DXY,19/07/2005,-0.04
DXY,26/07/2005,-0.89
DXY,02/08/2005,-0.99
DXY,09/08/2005,-0.68
DXY,16/08/2005,0.94
DXY,23/08/2005,0.12
DXY,30/08/2005,-2.21
DXY,06/09/2005,1.63
DXY,13/09/2005,0.83
DXY,20/09/2005,0.76
DXY,27/09/2005,1.14
DXY,04/10/2005,-0.74
DXY,11/10/2005,0.38
DXY,18/10/2005,0.35
DXY,25/10/2005,-0.04
DXY,01/11/2005,1.35
DXY,08/11/2005,0.92
DXY,15/11/2005,-0.11
DXY,22/11/2005,-1.14
DXY,29/11/2005,0.55
DXY,06/12/2005,-1.24
DXY,13/12/2005,-0.53
DXY,20/12/2005,1.08
DXY,27/12/2005,0.36
DXY,03/01/2006,-2.11
DXY,10/01/2006,-0.4
DXY,17/01/2006,-1.06
DXY,24/01/2006,1.67
DXY,31/01/2006,0.97
DXY,07/02/2006,0.28
DXY,14/02/2006,0.11
DXY,21/02/2006,-0.01
DXY,28/02/2006,-0.82
DXY,07/03/2006,0.72
DXY,14/03/2006,-1.56
DXY,21/03/2006,1.05
DXY,28/03/2006,-0.49
DXY,04/04/2006,0.1
DXY,11/04/2006,-1.2
DXY,18/04/2006,-1.34
DXY,25/04/2006,-1.69
DXY,02/05/2006,-0.86
DXY,09/05/2006,-0.81
DXY,16/05/2006,-0.22
DXY,23/05/2006,1.08
DXY,30/05/2006,-1.31
DXY,06/06/2006,2.03
DXY,13/06/2006,0.54
DXY,20/06/2006,0.21
DXY,27/06/2006,-1.51
DXY,04/07/2006,0.38
DXY,11/07/2006,1.71
DXY,18/07/2006,-0.71
DXY,25/07/2006,-1.2
DXY,01/08/2006,-0.64
DXY,08/08/2006,1.05
DXY,15/08/2006,-1.18
DXY,22/08/2006,0.71
DXY,29/08/2006,-0.34
DXY,05/09/2006,1.15
DXY,12/09/2006,-0.13
DXY,19/09/2006,-0.61
DXY,26/09/2006,0.35
DXY,03/10/2006,1.09
DXY,10/10/2006,0.55
DXY,17/10/2006,-0.33
DXY,24/10/2006,-1.29
DXY,31/10/2006,0.19
DXY,07/11/2006,-0.45
DXY,14/11/2006,0.07
DXY,21/11/2006,-2.24
DXY,28/11/2006,-1.22
DXY,05/12/2006,0.76
DXY,12/12/2006,1.03
DXY,19/12/2006,-0.05
DXY,26/12/2006,-0.26
DXY,02/01/2007,1.05
DXY,09/01/2007,0.51
DXY,16/01/2007,-0.01
DXY,23/01/2007,0.09
DXY,30/01/2007,-0.02
DXY,06/02/2007,0.08
DXY,13/02/2007,-1.24
DXY,20/02/2007,-0.19
DXY,27/02/2007,0.26
DXY,06/03/2007,-0.34
DXY,13/03/2007,-0.56
DXY,20/03/2007,-0.37
DXY,27/03/2007,-0.25
DXY,03/04/2007,0.28
DXY,10/04/2007,-1.24
DXY,17/04/2007,-0.4
DXY,24/04/2007,-0.35
DXY,01/05/2007,0.28
DXY,08/05/2007,0.48
DXY,15/05/2007,0.35
DXY,22/05/2007,-0.04
DXY,29/05/2007,-0.33
DXY,05/06/2007,0.79
DXY,12/06/2007,0
DXY,19/06/2007,-0.47
DXY,26/06/2007,-1.13
DXY,03/07/2007,0.05
DXY,10/07/2007,-1.12
DXY,17/07/2007,-0.21
DXY,24/07/2007,0.62
DXY,31/07/2007,-0.74
DXY,07/08/2007,1
DXY,14/08/2007,0.43
DXY,21/08/2007,-0.81
DXY,28/08/2007,0.06
DXY,04/09/2007,-1.2
DXY,11/09/2007,-0.13
DXY,18/09/2007,-1.49
DXY,25/09/2007,-0.8
DXY,02/10/2007,0.99
DXY,09/10/2007,-0.74
DXY,16/10/2007,-0.04
DXY,23/10/2007,-1.56
DXY,30/10/2007,-0.53
DXY,06/11/2007,-0.69
DXY,13/11/2007,-0.16
DXY,20/11/2007,-1.21
DXY,27/11/2007,1.43
DXY,04/12/2007,0.17
DXY,11/12/2007,1.76
DXY,18/12/2007,0.22
DXY,25/12/2007,-1.12
DXY,01/01/2008,-0.69
DXY,08/01/2008,-0.74
DXY,15/01/2008,1.67
DXY,22/01/2008,-1.68
DXY,29/01/2008,-0.28
DXY,05/02/2008,1.61
DXY,12/02/2008,-0.63
DXY,19/02/2008,-0.75
DXY,26/02/2008,-2.42
DXY,04/03/2008,-0.96
DXY,11/03/2008,-2.1
DXY,18/03/2008,2.09
DXY,25/03/2008,-1.58
DXY,01/04/2008,0.56
DXY,08/04/2008,-0.44
DXY,15/04/2008,-0.32
DXY,22/04/2008,1.59
DXY,29/04/2008,0.55
DXY,06/05/2008,-0.33
DXY,13/05/2008,0.12
DXY,20/05/2008,-1.57
DXY,27/05/2008,1.45
DXY,03/06/2008,-0.11
DXY,10/06/2008,1.04
DXY,17/06/2008,-0.24
DXY,24/06/2008,-1.32
DXY,01/07/2008,0.29
DXY,08/07/2008,-1.03
DXY,15/07/2008,0.1
DXY,22/07/2008,0.92
DXY,29/07/2008,1.11
DXY,05/08/2008,3.63
DXY,12/08/2008,1.3
DXY,19/08/2008,-0.43
DXY,26/08/2008,1.11
DXY,02/09/2008,2.51
DXY,09/09/2008,-0.85
DXY,16/09/2008,-3.5
DXY,23/09/2008,1.73
DXY,30/09/2008,5.43
DXY,07/10/2008,0.24
DXY,14/10/2008,1.49
DXY,21/10/2008,4.61
DXY,28/10/2008,-0.67
DXY,04/11/2008,-0.51
DXY,11/11/2008,1.05
DXY,18/11/2008,-0.84
DXY,25/11/2008,0.74
DXY,02/12/2008,-1.34
DXY,09/12/2008,-3.85
DXY,16/12/2008,-1.43
DXY,23/12/2008,-0.51
DXY,30/12/2008,2.43
DXY,06/01/2009,0.46
DXY,13/01/2009,2.05
DXY,20/01/2009,0.01
DXY,27/01/2009,1.58
DXY,03/02/2009,-1.49
DXY,10/02/2009,2.21
DXY,17/02/2009,0.67
DXY,24/02/2009,1.95
DXY,03/03/2009,0.08
DXY,10/03/2009,-2.31
DXY,17/03/2009,-4.05
DXY,24/03/2009,2.92
DXY,31/03/2009,-1.51
DXY,07/04/2009,0.08
DXY,14/04/2009,2.36
DXY,21/04/2009,-1.08
DXY,28/04/2009,-2.02
DXY,05/05/2009,-1.54
DXY,12/05/2009,-0.01
DXY,19/05/2009,-3.28
DXY,26/05/2009,-0.99
DXY,02/06/2009,2.2
DXY,09/06/2009,0.28
DXY,16/06/2009,-0.44
DXY,23/06/2009,-1.16
DXY,30/06/2009,0.76
DXY,07/07/2009,-0.4
DXY,14/07/2009,-1.52
DXY,21/07/2009,-0.35
DXY,28/07/2009,-1.26
DXY,04/08/2009,2.09
DXY,11/08/2009,0.04
DXY,18/08/2009,-1.29
DXY,25/08/2009,-0.13
DXY,01/09/2009,-0.19
DXY,08/09/2009,-1.69
DXY,15/09/2009,0.1
DXY,22/09/2009,0.35
DXY,29/09/2009,-0.53
DXY,06/10/2009,-0.67
DXY,13/10/2009,-0.81
DXY,20/10/2009,0.73
DXY,27/10/2009,0.3
DXY,03/11/2009,-1.65
DXY,10/11/2009,-0.16
DXY,17/11/2009,0.24
DXY,24/11/2009,-0.28
DXY,01/12/2009,1.19
DXY,08/12/2009,0.77
DXY,15/12/2009,2.21
DXY,22/12/2009,-0.53
DXY,29/12/2009,-0.13
DXY,05/01/2010,-0.68
DXY,12/01/2010,0.42
DXY,19/01/2010,1.13
DXY,26/01/2010,1.34
DXY,02/02/2010,1.34
DXY,09/02/2010,0.02
DXY,16/02/2010,0.24
DXY,23/02/2010,0.19
DXY,02/03/2010,-0.29
DXY,09/03/2010,-0.22
DXY,16/03/2010,0.5
DXY,23/03/2010,0.88
DXY,30/03/2010,-0.33
DXY,06/04/2010,-0.65
DXY,13/04/2010,0.55
DXY,20/04/2010,0.59
DXY,27/04/2010,0.97
DXY,04/05/2010,2.3
DXY,11/05/2010,2.44
DXY,18/05/2010,0
DXY,25/05/2010,0.44
DXY,01/06/2010,2.09
DXY,08/06/2010,-2.14
DXY,15/06/2010,-0.67
DXY,22/06/2010,-0.33
DXY,29/06/2010,-1.21
DXY,06/07/2010,-0.48
DXY,13/07/2010,-2.01
DXY,20/07/2010,-0.51
DXY,27/07/2010,-1.4
DXY,03/08/2010,-0.28
DXY,10/08/2010,2.25
DXY,17/08/2010,0.71
DXY,24/08/2010,0.05
DXY,31/08/2010,-1.35
DXY,07/09/2010,-0.16
DXY,14/09/2010,-0.7
DXY,21/09/2010,-2.46
DXY,28/09/2010,-1.12
DXY,05/10/2010,-1.29
DXY,12/10/2010,-0.66
DXY,19/10/2010,0.22
DXY,26/10/2010,0.26
DXY,02/11/2010,-0.35
DXY,09/11/2010,1.93
DXY,16/11/2010,0.2
DXY,23/11/2010,2.75
DXY,30/11/2010,-1.57
DXY,07/12/2010,-0.36
DXY,14/12/2010,1.7
DXY,21/12/2010,-0.32
DXY,28/12/2010,-1.54
DXY,04/01/2011,2.21
DXY,11/01/2011,-1.9
DXY,18/01/2011,-1.63
DXY,25/01/2011,-0.4
DXY,01/02/2011,0.37
DXY,08/02/2011,0.74
DXY,15/02/2011,-1.17
DXY,22/02/2011,-1.03
DXY,01/03/2011,-0.51
DXY,08/03/2011,-0.2
DXY,15/03/2011,-1.24
DXY,22/03/2011,0.97
DXY,29/03/2011,-0.29
DXY,05/04/2011,-1.12
DXY,12/04/2011,0.59
DXY,19/04/2011,-2
DXY,26/04/2011,-1.41
DXY,03/05/2011,2.45
DXY,10/05/2011,0.98
DXY,17/05/2011,0.83
DXY,24/05/2011,-1.5
DXY,31/05/2011,-1.35
DXY,07/06/2011,0.76
DXY,14/06/2011,0.7
DXY,21/06/2011,0.48
DXY,28/06/2011,-1.47
DXY,05/07/2011,2.3
DXY,12/07/2011,-0.67
DXY,19/07/2011,-1.88
DXY,26/07/2011,0.27
DXY,02/08/2011,0.71
DXY,09/08/2011,-1.27
DXY,16/08/2011,0.31
DXY,23/08/2011,-0.47
DXY,30/08/2011,1.99
DXY,06/09/2011,3.17
DXY,13/09/2011,-0.23
DXY,20/09/2011,1.25
DXY,27/09/2011,1.39
DXY,04/10/2011,-2.33
DXY,11/10/2011,-0.59
DXY,18/10/2011,-1.45
DXY,25/10/2011,0.2
DXY,01/11/2011,1.04
DXY,08/11/2011,0.78
DXY,15/11/2011,0.95
DXY,22/11/2011,1.26
DXY,29/11/2011,-0.86
DXY,06/12/2011,1.22
DXY,13/12/2011,0.85
DXY,20/12/2011,-0.3
DXY,27/12/2011,0.2
DXY,03/01/2012,1.1
DXY,10/01/2012,0.47
DXY,17/01/2012,-2.14
DXY,24/01/2012,-0.67
DXY,31/01/2012,-0.09
DXY,07/02/2012,-0.19
DXY,14/02/2012,0.49
DXY,21/02/2012,-0.97
DXY,28/02/2012,0.97
DXY,06/03/2012,0.69
DXY,13/03/2012,-0.53
DXY,20/03/2012,-0.65
DXY,27/03/2012,-0.14
DXY,03/04/2012,1.15
DXY,10/04/2012,-0.23
DXY,17/04/2012,-0.16
DXY,24/04/2012,-0.79
DXY,01/05/2012,1.03
DXY,08/05/2012,1.26
DXY,15/05/2012,0.6
DXY,22/05/2012,1.63
DXY,29/05/2012,0.18
DXY,05/06/2012,-0.05
DXY,12/06/2012,-0.69
DXY,19/06/2012,0.63
DXY,26/06/2012,-0.72
DXY,03/07/2012,1.58
DXY,10/07/2012,-0.08
DXY,17/07/2012,0.75
DXY,24/07/2012,-1.1
DXY,31/07/2012,-0.63
DXY,07/08/2012,0.21
DXY,14/08/2012,0.02
DXY,21/08/2012,-0.97
DXY,28/08/2012,-0.5
DXY,04/09/2012,-1.1
DXY,11/09/2012,-1.68
DXY,18/09/2012,0.65
DXY,25/09/2012,0.38
DXY,02/10/2012,-0.35
DXY,09/10/2012,0.25
DXY,16/10/2012,-0.11
DXY,23/10/2012,0.53
DXY,30/10/2012,0.85
DXY,06/11/2012,0.36
DXY,13/11/2012,-0.21
DXY,20/11/2012,-0.77
DXY,27/11/2012,-0.46
DXY,04/12/2012,0.56
DXY,11/12/2012,-0.95
DXY,18/12/2012,0.09
DXY,25/12/2012,0.16
DXY,01/01/2013,0.61
DXY,08/01/2013,-0.96
DXY,15/01/2013,0.7
DXY,22/01/2013,-0.34
DXY,29/01/2013,-0.29
DXY,05/02/2013,0.96
DXY,12/02/2013,0.34
DXY,19/02/2013,1.35
DXY,26/02/2013,0.67
DXY,05/03/2013,0.43
DXY,12/03/2013,0.15
DXY,19/03/2013,0.22
DXY,26/03/2013,-0.17
DXY,02/04/2013,0.02
DXY,09/04/2013,-0.4
DXY,16/04/2013,0.32
DXY,23/04/2013,-0.64
DXY,30/04/2013,0.21
DXY,07/05/2013,1.14
DXY,14/05/2013,0.66
DXY,21/05/2013,-0.13
DXY,28/05/2013,-1.22
DXY,04/06/2013,-1.25
DXY,11/06/2013,-1.32
DXY,18/06/2013,2.31
DXY,25/06/2013,0.67
DXY,02/07/2013,1.47
DXY,09/07/2013,-1.38
DXY,16/07/2013,-0.99
DXY,23/07/2013,-0.68
DXY,30/07/2013,0.27
DXY,06/08/2013,-0.67
DXY,13/08/2013,-0.12
DXY,20/08/2013,0.17
DXY,27/08/2013,0.88
DXY,03/09/2013,-0.37
DXY,10/09/2013,-0.66
DXY,17/09/2013,-0.98
DXY,24/09/2013,-0.29
DXY,01/10/2013,-0.35
DXY,08/10/2013,0.4
DXY,15/10/2013,-0.72
DXY,22/10/2013,-0.54
DXY,29/10/2013,1.64
DXY,05/11/2013,0.67
DXY,12/11/2013,-0.32
DXY,19/11/2013,0.11
DXY,26/11/2013,-0.01
DXY,03/12/2013,-0.96
DXY,10/12/2013,-0.07
DXY,17/12/2013,0.47
DXY,24/12/2013,-0.56
DXY,31/12/2013,0.81
DXY,07/01/2014,-0.17
DXY,14/01/2014,0.93
DXY,21/01/2014,-0.94
DXY,28/01/2014,0.63
DXY,04/02/2014,-0.42
DXY,11/02/2014,-0.67
DXY,18/02/2014,0.1
DXY,25/02/2014,-0.17
DXY,04/03/2014,-0.4
DXY,11/03/2014,-0.45
DXY,18/03/2014,0.68
DXY,25/03/2014,0.21
DXY,01/04/2014,0.15
DXY,08/04/2014,-0.61
DXY,15/04/2014,0.28
DXY,22/04/2014,-0.34
DXY,29/04/2014,-0.24
DXY,06/05/2014,0.52
DXY,13/05/2014,0.11
DXY,20/05/2014,0.5
DXY,27/05/2014,0.31
DXY,03/06/2014,0.01
DXY,10/06/2014,-0.22
DXY,17/06/2014,-0.26
DXY,24/06/2014,-0.6
DXY,01/07/2014,0.55
DXY,08/07/2014,-0.04
DXY,15/07/2014,0.46
DXY,22/07/2014,0.58
DXY,29/07/2014,0.37
DXY,05/08/2014,0.17
DXY,12/08/2014,0.14
DXY,19/08/2014,1.19
DXY,26/08/2014,0.24
DXY,02/09/2014,1.79
DXY,09/09/2014,0.04
DXY,16/09/2014,0.49
DXY,23/09/2014,1.09
DXY,30/09/2014,0.14
DXY,07/10/2014,-0.33
DXY,14/10/2014,-0.56
DXY,21/10/2014,0.65
DXY,28/10/2014,2.12
DXY,04/11/2014,0.57
DXY,11/11/2014,0.14
DXY,18/11/2014,0.25
DXY,25/11/2014,-0.23
DXY,02/12/2014,1.24
DXY,09/12/2014,-0.65
DXY,16/12/2014,1.48
DXY,23/12/2014,0.47
DXY,30/12/2014,1.32
DXY,06/01/2015,0.66
DXY,13/01/2015,0.59
DXY,20/01/2015,2.46
DXY,27/01/2015,-0.32
DXY,03/02/2015,-0.05
DXY,10/02/2015,-0.12
DXY,17/02/2015,0.24
DXY,24/02/2015,0.94
DXY,03/03/2015,2.23
DXY,10/03/2015,2.06
DXY,17/03/2015,-2.58
DXY,24/03/2015,0.98
DXY,31/03/2015,-0.89
DXY,07/04/2015,2.45
DXY,14/04/2015,-1.56
DXY,21/04/2015,-1.19
DXY,28/04/2015,-1.33
DXY,05/05/2015,-0.49
DXY,12/05/2015,-0.86
DXY,19/05/2015,2.35
DXY,26/05/2015,1.03
DXY,02/06/2015,-2.15
DXY,09/06/2015,-0.51
DXY,16/06/2015,-0.51
DXY,23/06/2015,0.49
DXY,30/06/2015,1.59
DXY,07/07/2015,0.58
DXY,14/07/2015,1.21
DXY,21/07/2015,-1.56
DXY,28/07/2015,1.03
DXY,04/08/2015,-0.34
DXY,11/08/2015,-0.35
DXY,18/08/2015,-3.63
DXY,25/08/2015,2.83
DXY,01/09/2015,0.2
DXY,08/09/2015,-0.93
DXY,15/09/2015,0.67
DXY,22/09/2015,0.15
DXY,29/09/2015,0.08
DXY,06/10/2015,-1.32
DXY,13/10/2015,0.13
DXY,20/10/2015,2
DXY,27/10/2015,0.07
DXY,03/11/2015,2.11
DXY,10/11/2015,0.46
DXY,17/11/2015,0.36
DXY,24/11/2015,0.37
DXY,01/12/2015,-1.51
DXY,08/12/2015,-1.07
DXY,15/12/2015,0.88
DXY,22/12/2015,-0.55
DXY,29/12/2015,0.97
DXY,05/01/2016,-0.14
DXY,12/01/2016,0.4
DXY,19/01/2016,0.24
DXY,26/01/2016,-0.36
DXY,02/02/2016,-2.45
DXY,09/02/2016,-0.61
DXY,16/02/2016,1.46
DXY,23/02/2016,0.85
DXY,01/03/2016,-1.16
DXY,08/03/2016,-0.46
DXY,15/03/2016,-1.38
DXY,22/03/2016,0.68
DXY,29/03/2016,-1.49
DXY,05/04/2016,-0.59
DXY,12/04/2016,0.57
DXY,19/04/2016,0.37
DXY,26/04/2016,-2.33
DXY,03/05/2016,1.64
DXY,10/05/2016,0.45
DXY,17/05/2016,0.7
DXY,24/05/2016,0.3
DXY,31/05/2016,-1.7
DXY,07/06/2016,0.5
DXY,14/06/2016,-0.81
DXY,21/06/2016,3.13
DXY,28/06/2016,-1.13
DXY,05/07/2016,1.17
DXY,12/07/2016,-0.01
DXY,19/07/2016,0.76
DXY,26/07/2016,-1.62
DXY,02/08/2016,0.72
DXY,09/08/2016,-0.8
DXY,16/08/2016,-1.16
DXY,23/08/2016,1.12
DXY,30/08/2016,0.21
DXY,06/09/2016,-0.71
DXY,13/09/2016,0.78
DXY,20/09/2016,-0.55
DXY,27/09/2016,0.46
DXY,04/10/2016,1.22
DXY,11/10/2016,1
DXY,18/10/2016,0.8
DXY,25/10/2016,-0.22
DXY,01/11/2016,-0.68
DXY,08/11/2016,2.38
DXY,15/11/2016,0.94
DXY,22/11/2016,0.28
DXY,29/11/2016,-1.17
DXY,06/12/2016,0.82
DXY,13/12/2016,2.16
DXY,20/12/2016,-0.2
DXY,27/12/2016,-0.06
DXY,03/01/2017,-0.91
DXY,10/01/2017,-0.32
DXY,17/01/2017,-1.42
DXY,24/01/2017,0.27
DXY,31/01/2017,-0.52
DXY,07/02/2017,1.05
DXY,14/02/2017,-0.01
DXY,21/02/2017,0.18
DXY,28/02/2017,0.5
DXY,07/03/2017,-0.26
DXY,14/03/2017,-0.96
DXY,21/03/2017,-1.23
DXY,28/03/2017,1.38
DXY,04/04/2017,0.48
DXY,11/04/2017,-0.71
DXY,18/04/2017,-1.21
DXY,25/04/2017,0.05
DXY,02/05/2017,0.01
DXY,09/05/2017,-0.24
DXY,16/05/2017,-1.95
DXY,23/05/2017,0.51
DXY,30/05/2017,-0.69
DXY,06/06/2017,0.35
DXY,13/06/2017,0.4
DXY,20/06/2017,-0.1
DXY,27/06/2017,-1.26
DXY,04/07/2017,-0.16
DXY,11/07/2017,-0.96
DXY,18/07/2017,-1.21
DXY,25/07/2017,-1.19
DXY,01/08/2017,0.61
DXY,08/08/2017,0.03
DXY,15/08/2017,-0.39
DXY,22/08/2017,-0.96
DXY,29/08/2017,0.47
DXY,05/09/2017,-0.84
DXY,12/09/2017,0.21
DXY,19/09/2017,0.65
DXY,26/09/2017,0.98
DXY,03/10/2017,0.19
DXY,10/10/2017,-0.49
DXY,17/10/2017,0.71
DXY,24/10/2017,0.59
DXY,31/10/2017,0.24
DXY,07/11/2017,-0.24
DXY,14/11/2017,-0.43
DXY,21/11/2017,-1.25
DXY,28/11/2017,0.31
DXY,05/12/2017,0.73
DXY,12/12/2017,-0.18
DXY,19/12/2017,-0.37
DXY,26/12/2017,-1.32
DXY,02/01/2018,0.23
DXY,09/01/2018,-2.05
DXY,16/01/2018,-0.04
DXY,23/01/2018,-1.21
DXY,30/01/2018,0.27
DXY,06/02/2018,0.74
DXY,13/02/2018,-1.23
DXY,20/02/2018,0.81
DXY,27/02/2018,0.29
DXY,06/03/2018,-0.2
DXY,13/03/2018,0
DXY,20/03/2018,-0.97
DXY,27/03/2018,1.15
DXY,03/04/2018,-0.23
DXY,10/04/2018,-0.46
DXY,17/04/2018,1.69
DXY,24/04/2018,0.99
DXY,01/05/2018,0.99
DXY,08/05/2018,-0.17
DXY,15/05/2018,1.18
DXY,22/05/2018,0.79
DXY,29/05/2018,-0.42
DXY,05/06/2018,-0.47
DXY,12/06/2018,1.25
DXY,19/06/2018,-0.5
DXY,26/06/2018,0.63
DXY,03/07/2018,-0.83
DXY,10/07/2018,0.46
DXY,17/07/2018,0.17
DXY,24/07/2018,-0.33
DXY,31/07/2018,1.06
DXY,07/08/2018,1.08
DXY,14/08/2018,-0.51
DXY,21/08/2018,-1.17
DXY,28/08/2018,0.36
DXY,04/09/2018,0.03
DXY,11/09/2018,-0.67
DXY,18/09/2018,-0.26
DXY,25/09/2018,1.1
DXY,02/10/2018,0.49
DXY,09/10/2018,-0.73
DXY,16/10/2018,0.99
DXY,23/10/2018,0.59
DXY,30/10/2018,-0.24
DXY,06/11/2018,1.24
DXY,13/11/2018,-1.38
DXY,20/11/2018,0.91
DXY,27/11/2018,-0.03
DXY,04/12/2018,0.19
DXY,11/12/2018,-0.12
DXY,18/12/2018,-0.57
DXY,25/12/2018,-0.39
DXY,01/01/2019,-0.48
DXY,08/01/2019,-0.13
DXY,15/01/2019,0.78
DXY,22/01/2019,-0.61
DXY,29/01/2019,0.1
DXY,05/02/2019,1.26
DXY,12/02/2019,-0.14
DXY,19/02/2019,-0.53
DXY,26/02/2019,0.28
DXY,05/03/2019,0.56
DXY,12/03/2019,-0.72
DXY,19/03/2019,0.05
DXY,26/03/2019,0.7
DXY,02/04/2019,-0.21
DXY,09/04/2019,-0.11
DXY,16/04/2019,0.35
DXY,23/04/2019,0.6
DXY,30/04/2019,-0.35
DXY,07/05/2019,-0.21
DXY,14/05/2019,0.63
DXY,21/05/2019,-0.18
DXY,28/05/2019,-0.62
DXY,04/06/2019,-0.39
DXY,11/06/2019,0.83
DXY,18/06/2019,-1.62
DXY,25/06/2019,0.9
DXY,02/07/2019,0.56
DXY,09/07/2019,-0.46
DXY,16/07/2019,0.34
DXY,23/07/2019,0.8
DXY,30/07/2019,-0.55
DXY,06/08/2019,-0.12
DXY,13/08/2019,1
DXY,20/08/2019,-0.27
DXY,27/08/2019,0.98
DXY,03/09/2019,-0.77
DXY,10/09/2019,0.38
DXY,17/09/2019,-0.05
DXY,24/09/2019,0.79
DXY,01/10/2019,-0.39
DXY,08/10/2019,-0.55
DXY,15/10/2019,-1.14
DXY,22/10/2019,0.44
DXY,29/10/2019,-0.26
DXY,05/11/2019,0.71
DXY,12/11/2019,-0.42
DXY,19/11/2019,0.54
DXY,26/11/2019,-0.47
DXY,03/12/2019,-0.22
DXY,10/12/2019,-0.58
DXY,17/12/2019,0.61
DXY,24/12/2019,-0.94
DXY,31/12/2019,-0.07
DXY,07/01/2020,0.7
DXY,14/01/2020,0.25
DXY,21/01/2020,0.38
DXY,28/01/2020,-0.16
DXY,04/02/2020,1.05
DXY,11/02/2020,0.29
DXY,18/02/2020,0.17
DXY,25/02/2020,-1.94
DXY,03/03/2020,-2.53
DXY,10/03/2020,3.36
DXY,17/03/2020,4.49
DXY,24/03/2020,-3.23
DXY,31/03/2020,1.52
DXY,07/04/2020,-1.33
DXY,14/04/2020,0.61
DXY,21/04/2020,0.08
DXY,28/04/2020,-0.56
DXY,05/05/2020,0.76
DXY,12/05/2020,-0.57
DXY,19/05/2020,0.19
DXY,26/05/2020,-2.03
DXY,02/06/2020,-1.24
DXY,09/06/2020,0.06
DXY,16/06/2020,0.37
DXY,23/06/2020,0.52
DXY,30/06/2020,-0.77
DXY,07/07/2020,-0.34
DXY,14/07/2020,-0.65
DXY,21/07/2020,-2.25
DXY,28/07/2020,-0.18
DXY,04/08/2020,0.09
DXY,11/08/2020,-0.78
DXY,18/08/2020,0.48
DXY,25/08/2020,-1.24
DXY,01/09/2020,0.63
DXY,08/09/2020,0.38
DXY,15/09/2020,0.5
DXY,22/09/2020,0.77
DXY,29/09/2020,-0.8
DXY,06/10/2020,-0.47
DXY,13/10/2020,0.39
DXY,20/10/2020,-0.41
DXY,27/10/2020,1.07
DXY,03/11/2020,-1.4
DXY,10/11/2020,-0.17
DXY,17/11/2020,-0.06
DXY,24/11/2020,-0.69
DXY,01/12/2020,-1.18
DXY,08/12/2020,-0.09
DXY,15/12/2020,-0.74
DXY,22/12/2020,0.33
DXY,29/12/2020,-0.51
DXY,05/01/2021,0.73
DXY,12/01/2021,0.27
DXY,19/01/2021,-0.43
DXY,26/01/2021,0.7
DXY,02/02/2021,-0.1
DXY,09/02/2021,-0.64
DXY,16/02/2021,-0.38
DXY,23/02/2021,1.14
DXY,02/03/2021,1.39
DXY,09/03/2021,-0.52
DXY,16/03/2021,-0.03
DXY,23/03/2021,1.24
DXY,30/03/2021,-0.37
DXY,06/04/2021,-0.5
DXY,13/04/2021,-1.16
DXY,20/04/2021,-0.29
DXY,27/04/2021,0.15
DXY,04/05/2021,-0.81
DXY,11/05/2021,0.01
DXY,18/05/2021,-0.43
DXY,25/05/2021,0.01
DXY,01/06/2021,0.12
DXY,08/06/2021,0.63
DXY,15/06/2021,1.48
DXY,22/06/2021,0.02
DXY,29/06/2021,0.41
DXY,06/07/2021,-0.03
DXY,13/07/2021,0.72
DXY,20/07/2021,-0.26
DXY,27/07/2021,-0.65
DXY,03/08/2021,0.98
DXY,10/08/2021,-0.34
DXY,17/08/2021,0.36
DXY,24/08/2021,-0.33
DXY,31/08/2021,-0.46
DXY,07/09/2021,0.43
DXY,14/09/2021,0.67
DXY,21/09/2021,0.15
DXY,28/09/2021,0.46
DXY,05/10/2021,0.54
DXY,12/10/2021,-0.39
DXY,19/10/2021,-0.15
DXY,26/10/2021,0.07
DXY,02/11/2021,0.18
DXY,09/11/2021,1.45
DXY,16/11/2021,1.14
DXY,23/11/2021,-0.17
DXY,30/11/2021,-0.05
DXY,07/12/2021,0.03
DXY,14/12/2021,0.24
DXY,21/12/2021,-0.48
DXY,28/12/2021,0.16
DXY,04/01/2022,-0.26
DXY,11/01/2022,-0.76
DXY,18/01/2022,0.69
DXY,25/01/2022,0.65
DXY,01/02/2022,-1.18
DXY,08/02/2022,1.02
DXY,15/02/2022,-0.34
DXY,22/02/2022,0.7
DXY,01/03/2022,2.67
DXY,08/03/2022,-0.23
DXY,15/03/2022,-0.57
DXY,22/03/2022,0.6
DXY,29/03/2022,-0.1
DXY,05/04/2022,0.95
DXY,12/04/2022,0.85
DXY,19/04/2022,0.96
DXY,26/04/2022,1.96
DXY,03/05/2022,-0.09
DXY,10/05/2022,0.52
DXY,17/05/2022,-2.03
DXY,24/05/2022,-0.7
DXY,31/05/2022,1.06
DXY,07/06/2022,2.58
DXY,14/06/2022,-0.57
DXY,21/06/2022,-0.52
DXY,28/06/2022,1.2
DXY,05/07/2022,2.69
DXY,12/07/2022,-0.6
DXY,19/07/2022,-0.83
DXY,26/07/2022,-0.97
DXY,02/08/2022,0.94
DXY,09/08/2022,0.1
DXY,16/08/2022,2.35
DXY,23/08/2022,-0.19
DXY,30/08/2022,0.63
DXY,06/09/2022,-1.1
DXY,13/09/2022,1.3
DXY,20/09/2022,3.97
DXY,27/09/2022,-2.06
DXY,04/10/2022,1.24
DXY,11/10/2022,-0.97
DXY,18/10/2022,-0.04
DXY,25/10/2022,-0.41
DXY,01/11/2022,-1.26
DXY,08/11/2022,-3.14
DXY,15/11/2022,1.11
DXY,22/11/2022,-1.08
DXY,29/11/2022,-1.3
DXY,06/12/2022,-0.15
DXY,13/12/2022,-0.39
DXY,20/12/2022,-0.39
DXY,27/12/2022,-0.76
US10Y,04/01/2000,0.85057
US10Y,11/01/2000,1.98081
US10Y,18/01/2000,1.63126
US10Y,25/01/2000,0.63457
US10Y,01/02/2000,-1.09792
US10Y,08/02/2000,-1.44014
US10Y,15/02/2000,0.39574
US10Y,22/02/2000,-1.49333
US10Y,29/02/2000,-1.65448
US10Y,07/03/2000,0.1252
US10Y,14/03/2000,-0.6252
US10Y,21/03/2000,-2.29632
US10Y,28/03/2000,-0.86929
US10Y,04/04/2000,-2.01364
US10Y,11/04/2000,-2.6185
US10Y,18/04/2000,1.49762
US10Y,25/04/2000,1.10664
US10Y,02/05/2000,3.51575
US10Y,09/05/2000,4.03717
US10Y,16/05/2000,-0.49276
US10Y,23/05/2000,0.40235
US10Y,30/05/2000,-1.47195
US10Y,06/06/2000,-3.32421
US10Y,13/06/2000,-1.00324
US10Y,20/06/2000,-1.50376
US10Y,27/06/2000,1.65948
US10Y,04/07/2000,-1.32223
US10Y,11/07/2000,-0.24814
US10Y,18/07/2000,1.26036
US10Y,25/07/2000,-0.88438
US10Y,01/08/2000,-0.39656
US10Y,08/08/2000,-1.32714
US10Y,15/08/2000,-2.65636
US10Y,22/08/2000,0.13817
US10Y,29/08/2000,-0.72439
US10Y,05/09/2000,-0.49514
US10Y,12/09/2000,0.42776
US10Y,19/09/2000,1.21697
US10Y,26/09/2000,0.61834
US10Y,03/10/2000,-0.47798
US10Y,10/10/2000,0.30017
US10Y,17/10/2000,-2.00941
US10Y,24/10/2000,-1.64049
US10Y,31/10/2000,1.45493
US10Y,07/11/2000,1.60895
US10Y,14/11/2000,-0.03442
US10Y,21/11/2000,-1.99725
US10Y,28/11/2000,-1.26493
US10Y,05/12/2000,-2.09964
US10Y,12/12/2000,-2.87168
US10Y,19/12/2000,-2.39521
US10Y,26/12/2000,-3.3263
US10Y,02/01/2001,0.54536
US10Y,09/01/2001,-1.30178
US10Y,16/01/2001,3.56715
US10Y,23/01/2001,0.53063
US10Y,30/01/2001,1.61228
US10Y,06/02/2001,-2.3045
US10Y,13/02/2001,-1.97216
US10Y,20/02/2001,1.28205
US10Y,27/02/2001,-1.07108
US10Y,06/03/2001,-2.71654
US10Y,13/03/2001,-0.32376
US10Y,20/03/2001,-2.43605
US10Y,27/03/2001,0.49938
US10Y,03/04/2001,2.69151
US10Y,10/04/2001,0.12097
US10Y,17/04/2001,4.61136
US10Y,24/04/2001,0.55823
US10Y,01/05/2001,1.33997
US10Y,08/05/2001,-1.0578
US10Y,15/05/2001,3.01642
US10Y,22/05/2001,0.74129
US10Y,29/05/2001,1.13135
US10Y,05/06/2001,-1.77353
US10Y,12/06/2001,-1.59259
US10Y,19/06/2001,-0.86564
US10Y,26/06/2001,-1.29081
US10Y,03/07/2001,3.11538
US10Y,10/07/2001,0.42894
US10Y,17/07/2001,-2.39554
US10Y,24/07/2001,-2.35921
US10Y,31/07/2001,0.15588
US10Y,07/08/2001,0.66148
US10Y,14/08/2001,-3.51759
US10Y,21/08/2001,-1.5625
US10Y,28/08/2001,-0.2035
US10Y,04/09/2001,-1.05016
US10Y,11/09/2001,0.30912
US10Y,18/09/2001,-4.67386
US10Y,25/09/2001,1.68103
US10Y,02/10/2001,-2.88258
US10Y,09/10/2001,-0.86207
US10Y,16/10/2001,2.10237
US10Y,23/10/2001,-0.43122
US10Y,30/10/2001,-1.9489
US10Y,06/11/2001,-4.947
US10Y,13/11/2001,0.42983
US10Y,20/11/2001,10.67669
US10Y,27/11/2001,4.77634
US10Y,04/12/2001,-4.2394
US10Y,11/12/2001,6.08333
US10Y,18/12/2001,1.37471
US10Y,25/12/2001,-0.9105
US10Y,01/01/2002,0.53763
US10Y,08/01/2002,0.06806
US10Y,15/01/2002,-3.57559
US10Y,22/01/2002,-0.44337
US10Y,29/01/2002,2.67206
US10Y,05/02/2002,-1.53785
US10Y,12/02/2002,-1.36163
US10Y,19/02/2002,-0.0203
US10Y,26/02/2002,-0.95431
US10Y,05/03/2002,1.43501
US10Y,12/03/2002,6.1439
US10Y,19/03/2002,1.59939
US10Y,26/03/2002,1.01199
US10Y,02/04/2002,0.04638
US10Y,09/04/2002,-2.56838
US10Y,16/04/2002,-1.06585
US10Y,23/04/2002,0.23086
US10Y,30/04/2002,-1.99616
US10Y,07/05/2002,-0.19585
US10Y,14/05/2002,2.59027
US10Y,21/05/2002,0
US10Y,28/05/2002,-1.44415
US10Y,04/06/2002,-1.60116
US10Y,11/06/2002,-0.15779
US10Y,18/06/2002,-3.1213
US10Y,25/06/2002,-1.50897
US10Y,02/07/2002,-0.33126
US10Y,09/07/2002,0.2285
US10Y,16/07/2002,-3.17098
US10Y,23/07/2002,-1.71233
US10Y,30/07/2002,-1.48084
US10Y,06/08/2002,-2.65252
US10Y,13/08/2002,-2.99728
US10Y,20/08/2002,-1.63858
US10Y,27/08/2002,1.18991
US10Y,03/09/2002,-2.98683
US10Y,10/09/2002,-3.17576
US10Y,17/09/2002,-1.15173
US10Y,24/09/2002,-4.60993
US10Y,01/10/2002,-1.22146
US10Y,08/10/2002,-1.12903
US10Y,15/10/2002,3.24905
US10Y,22/10/2002,9.91442
US10Y,29/10/2002,-1.24581
US10Y,05/11/2002,-2.47453
US10Y,12/11/2002,-2.61194
US10Y,19/11/2002,1.81354
US10Y,26/11/2002,3.713
US10Y,03/12/2002,2.44315
US10Y,10/12/2002,-3.09327
US10Y,17/12/2002,-0.73099
US10Y,24/12/2002,-2.20913
US10Y,31/12/2002,-3.3007
US10Y,07/01/2003,5.45101
US10Y,14/01/2003,1.41538
US10Y,21/01/2003,-1.33495
US10Y,28/01/2003,-2.33702
US10Y,04/02/2003,0.9068
US10Y,11/02/2003,-0.54918
US10Y,18/02/2003,-1.41817
US10Y,25/02/2003,-1.71865
US10Y,04/03/2003,-3.73057
US10Y,11/03/2003,-2.47578
US10Y,18/03/2003,3.69757
US10Y,25/03/2003,6.70569
US10Y,01/04/2003,-2.74314
US10Y,08/04/2003,1.58974
US10Y,15/04/2003,0.45432
US10Y,22/04/2003,0.18844
US10Y,29/04/2003,-0.9906
US10Y,06/05/2003,-1.36778
US10Y,13/05/2003,-5.59836
US10Y,20/05/2003,-5.54951
US10Y,27/05/2003,-2.93779
US10Y,03/06/2003,0.41543
US10Y,10/06/2003,-2.48227
US10Y,17/06/2003,-3.21212
US10Y,24/06/2003,4.75892
US10Y,01/07/2003,5.26001
US10Y,08/07/2003,4.48609
US10Y,15/07/2003,2.01087
US10Y,22/07/2003,8.20458
US10Y,29/07/2003,4.72674
US10Y,05/08/2003,3.8552
US10Y,12/08/2003,-2.03712
US10Y,19/08/2003,4.20518
US10Y,26/08/2003,-0.26608
US10Y,02/09/2003,0.15562
US10Y,09/09/2003,-1.22087
US10Y,16/09/2003,-3.50562
US10Y,23/09/2003,-1.90964
US10Y,30/09/2003,-3.27635
US10Y,07/10/2003,1.32548
US10Y,14/10/2003,4.46948
US10Y,21/10/2003,2.49275
US10Y,28/10/2003,-3.16742
US10Y,04/11/2003,1.54206
US10Y,11/11/2003,2.39301
US10Y,18/11/2003,-4.22472
US10Y,25/11/2003,-1.5955
US10Y,02/12/2003,3.54077
US10Y,09/12/2003,-0.37997
US10Y,16/12/2003,-1.2945
US10Y,23/12/2003,-1.8267
US10Y,30/12/2003,0.78721
US10Y,06/01/2004,2.66272
US10Y,13/01/2004,-4.04611
US10Y,20/01/2004,-3.17155
US10Y,27/01/2004,1.24069
US10Y,03/02/2004,2.5
US10Y,10/02/2004,-1.05213
US10Y,17/02/2004,-1.82455
US10Y,24/02/2004,-0.11077
US10Y,02/03/2004,-0.88714
US10Y,09/03/2004,-3.1825
US10Y,16/03/2004,-3.74936
US10Y,23/03/2004,0
US10Y,30/03/2004,2.18783
US10Y,06/04/2004,6.26632
US10Y,13/04/2004,4.4226
US10Y,20/04/2004,3.57647
US10Y,27/04/2004,0.95411
US10Y,04/05/2004,2.0252
US10Y,11/05/2004,4.23467
US10Y,18/05/2004,1.18493
US10Y,25/05/2004,-0.66918
US10Y,01/06/2004,-1.89474
US10Y,08/06/2004,2.103
US10Y,15/06/2004,0.93527
US10Y,22/06/2004,-1.7595
US10Y,29/06/2004,-0.42391
US10Y,06/07/2004,-3.36313
US10Y,13/07/2004,-1.14537
US10Y,20/07/2004,-0.93583
US10Y,27/07/2004,1.39451
US10Y,03/08/2004,0.44366
US10Y,10/08/2004,-4.0636
US10Y,17/08/2004,-2.11786
US10Y,24/08/2004,-0.04704
US10Y,31/08/2004,-1.03529
US10Y,07/09/2004,0.3923
US10Y,14/09/2004,-1.00651
US10Y,21/09/2004,-1.81818
US10Y,28/09/2004,-2.09552
US10Y,05/10/2004,3.63365
US10Y,12/10/2004,0.6244
US10Y,19/10/2004,-2.95943
US10Y,26/10/2004,-1.52484
US10Y,02/11/2004,2.1978
US10Y,09/11/2004,1.85728
US10Y,16/11/2004,1.12764
US10Y,23/11/2004,-1.16251
US10Y,30/11/2004,2.85646
US10Y,07/12/2004,0.44341
US10Y,14/12/2004,-3.39219
US10Y,21/12/2004,0.4329
US10Y,28/12/2004,2.07136
US10Y,04/01/2005,0.22287
US10Y,11/01/2005,0.2809
US10Y,18/01/2005,-1.43557
US10Y,25/01/2005,-1.14861
US10Y,01/02/2005,0.04792
US10Y,08/02/2005,-1.62835
US10Y,15/02/2005,-0.92502
US10Y,22/02/2005,3.86978
US10Y,01/03/2005,2.04613
US10Y,08/03/2005,0.97357
US10Y,15/03/2005,3.85675
US10Y,22/03/2005,0.17683
US10Y,29/03/2005,1.77626
US10Y,05/04/2005,-2.56911
US10Y,12/04/2005,-0.93458
US10Y,19/04/2005,-3.4142
US10Y,26/04/2005,-0.74419
US10Y,03/05/2005,-1.26523
US10Y,10/05/2005,0.56953
US10Y,17/05/2005,-2.02926
US10Y,24/05/2005,-1.63776
US10Y,31/05/2005,-0.58766
US10Y,07/06/2005,-3.15271
US10Y,14/06/2005,2.74669
US10Y,21/06/2005,1.33663
US10Y,28/06/2005,-3.7616
US10Y,05/07/2005,2.15736
US10Y,12/07/2005,1.86335
US10Y,19/07/2005,2.2439
US10Y,26/07/2005,1.00191
US10Y,02/08/2005,1.13368
US10Y,09/08/2005,2.05511
US10Y,16/08/2005,-1.7849
US10Y,23/08/2005,-1.58434
US10Y,30/08/2005,-0.89962
US10Y,06/09/2005,-3.48782
US10Y,13/09/2005,2.77228
US10Y,20/09/2005,1.92678
US10Y,27/09/2005,0.33081
US10Y,04/10/2005,2.02544
US10Y,11/10/2005,0.81948
US10Y,18/10/2005,2.57584
US10Y,25/10/2005,-0.40179
US10Y,01/11/2005,2.64455
US10Y,08/11/2005,1.04803
US10Y,15/11/2005,-0.82109
US10Y,22/11/2005,-2.65795
US10Y,29/11/2005,-0.45882
US10Y,06/12/2005,1.58516
US10Y,13/12/2005,0.17707
US10Y,20/12/2005,-1.50243
US10Y,27/12/2005,-1.02064
US10Y,03/01/2006,-0.7932
US10Y,10/01/2006,0.1028
US10Y,17/01/2006,0.29667
US10Y,24/01/2006,-0.56883
US10Y,31/01/2006,3.47826
US10Y,07/02/2006,0.84034
US10Y,14/02/2006,0.39474
US10Y,21/02/2006,-0.01092
US10Y,28/02/2006,-0.33861
US10Y,07/03/2006,2.54274
US10Y,14/03/2006,1.36811
US10Y,21/03/2006,-1.18094
US10Y,28/03/2006,0.68289
US10Y,04/04/2006,2.92497
US10Y,11/04/2006,1.35914
US10Y,18/04/2006,1.7371
US10Y,25/04/2006,0.44933
US10Y,02/05/2006,1.5507
US10Y,09/05/2006,0.54816
US10Y,16/05/2006,0.11682
US10Y,23/05/2006,-1.20576
US10Y,30/05/2006,-0.34449
US10Y,06/06/2006,-0.20741
US10Y,13/06/2006,-1.18765
US10Y,20/06/2006,2.44391
US10Y,27/06/2006,1.8772
US10Y,04/07/2006,-0.33589
US10Y,11/07/2006,-0.66442
US10Y,18/07/2006,-1.31834
US10Y,25/07/2006,-0.74656
US10Y,01/08/2006,-0.673
US10Y,08/08/2006,-1.59426
US10Y,15/08/2006,0.24301
US10Y,22/08/2006,-2.14141
US10Y,29/08/2006,-0.86705
US10Y,05/09/2006,-1.03082
US10Y,12/09/2006,0.83114
US10Y,19/09/2006,-0.20868
US10Y,26/09/2006,-3.26223
US10Y,03/10/2006,-0.08647
US10Y,10/10/2006,0.76807
US10Y,17/10/2006,2.84487
US10Y,24/10/2006,0.25052
US10Y,31/10/2006,-2.20741
US10Y,07/11/2006,-0.93697
US10Y,14/11/2006,-0.98882
US10Y,21/11/2006,0.13026
US10Y,28/11/2006,-1.50694
US10Y,05/12/2006,-1.86021
US10Y,12/12/2006,1.12158
US10Y,19/12/2006,1.95209
US10Y,26/12/2006,0.03264
US10Y,02/01/2007,1.95759
US10Y,09/01/2007,-0.75733
US10Y,16/01/2007,1.83792
US10Y,23/01/2007,0.85488
US10Y,30/01/2007,1.88363
US10Y,06/02/2007,-1.0682
US10Y,13/02/2007,-0.83056
US10Y,20/02/2007,-1.53894
US10Y,27/02/2007,-1.20149
US10Y,06/03/2007,-2.36763
US10Y,13/03/2007,-0.08818
US10Y,20/03/2007,0.44131
US10Y,27/03/2007,0.92267
US10Y,03/04/2007,1.13191
US10Y,10/04/2007,1.50667
US10Y,17/04/2007,0.38168
US10Y,24/04/2007,-1.52091
US10Y,01/05/2007,0.0858
US10Y,08/05/2007,-0.34291
US10Y,15/05/2007,0.60215
US10Y,22/05/2007,2.18042
US10Y,29/05/2007,1.77824
US10Y,05/06/2007,1.29496
US10Y,12/06/2007,3.8961
US10Y,19/06/2007,0.89844
US10Y,26/06/2007,-0.77429
US10Y,03/07/2007,-1.32657
US10Y,10/07/2007,1.52234
US10Y,17/07/2007,-0.83739
US10Y,24/07/2007,-2.0817
US10Y,31/07/2007,-3.28921
US10Y,07/08/2007,-1.57611
US10Y,14/08/2007,0.9271
US10Y,21/08/2007,-3.08977
US10Y,28/08/2007,-0.8617
US10Y,04/09/2007,-1.23859
US10Y,11/09/2007,-2.83828
US10Y,18/09/2007,1.22283
US10Y,25/09/2007,3.44519
US10Y,02/10/2007,-0.95156
US10Y,09/10/2007,0.49127
US10Y,16/10/2007,1.51005
US10Y,23/10/2007,-4.40925
US10Y,30/10/2007,-1.79131
US10Y,06/11/2007,-0.228
US10Y,13/11/2007,-2.25091
US10Y,20/11/2007,-3.07423
US10Y,27/11/2007,-4.78775
US10Y,04/12/2007,-0.08866
US10Y,11/12/2007,2.38337
US10Y,18/12/2007,3.07083
US10Y,25/12/2007,-0.82893
US10Y,01/01/2008,0.90854
US10Y,08/01/2008,-6.7467
US10Y,15/01/2008,-1.75077
US10Y,22/01/2008,-4.48113
US10Y,29/01/2008,-0.68587
US10Y,05/02/2008,1.43646
US10Y,12/02/2008,-0.4902
US10Y,19/02/2008,3.99562
US10Y,26/02/2008,1.47368
US10Y,04/03/2008,-5.29046
US10Y,11/03/2008,-1.75246
US10Y,18/03/2008,-3.51171
US10Y,25/03/2008,-0.41883
US10Y,01/04/2008,1.87092
US10Y,08/04/2008,1.70843
US10Y,15/04/2008,-1.11982
US10Y,22/04/2008,6.05889
US10Y,29/04/2008,2.82968
US10Y,06/05/2008,-0.05192
US10Y,13/05/2008,-0.72727
US10Y,20/05/2008,0.52329
US10Y,27/05/2008,0.924
US10Y,03/06/2008,3.52031
US10Y,10/06/2008,0.1993
US10Y,17/06/2008,4.82347
US10Y,24/06/2008,-1.18596
US10Y,01/07/2008,-3.1205
US10Y,08/07/2008,-1.88305
US10Y,15/07/2008,-1.9697
US10Y,22/07/2008,4.99742
US10Y,29/07/2008,0.44161
US10Y,05/08/2008,-2.05178
US10Y,12/08/2008,-1.14713
US10Y,19/08/2008,-2.5227
US10Y,26/08/2008,-1.24224
US10Y,02/09/2008,-0.87788
US10Y,09/09/2008,-3.29147
US10Y,16/09/2008,-1.69492
US10Y,23/09/2008,2.39155
US10Y,30/09/2008,3.15046
US10Y,07/10/2008,-5.00263
US10Y,14/10/2008,7.60809
US10Y,21/10/2008,1.37798
US10Y,28/10/2008,-4.87805
US10Y,04/11/2008,5.28846
US10Y,11/11/2008,-4.04617
US10Y,18/11/2008,-2.07535
US10Y,25/11/2008,-12.85097
US10Y,02/12/2008,-12.32962
US10Y,09/12/2008,-5.79505
US10Y,16/12/2008,-3.75094
US10Y,23/12/2008,-16.212
US10Y,30/12/2008,0
US10Y,06/01/2009,12.90698
US10Y,13/01/2009,-0.39135
US10Y,20/01/2009,-4.56989
US10Y,27/01/2009,13.71614
US10Y,03/02/2009,7.46951
US10Y,10/02/2009,5.8156
US10Y,17/02/2009,-7.33914
US10Y,24/02/2009,0.90416
US10Y,03/03/2009,6.02151
US10Y,10/03/2009,-1.62272
US10Y,17/03/2009,1.16838
US10Y,24/03/2009,-10.80163
US10Y,31/03/2009,5.02666
US10Y,07/04/2009,3.26323
US10Y,14/04/2009,0.94803
US10Y,21/04/2009,0.73043
US10Y,28/04/2009,3.38398
US10Y,05/05/2009,6.07882
US10Y,12/05/2009,1.38539
US10Y,19/05/2009,-1.73913
US10Y,26/05/2009,6.58976
US10Y,02/06/2009,7.9911
US10Y,09/06/2009,3.73421
US10Y,16/06/2009,1.1117
US10Y,23/06/2009,-2.09424
US10Y,30/06/2009,-4.65241
US10Y,07/07/2009,-1.50028
US10Y,14/07/2009,-3.37367
US10Y,21/07/2009,6.06953
US10Y,28/07/2009,2.61111
US10Y,04/08/2009,-1.24526
US10Y,11/08/2009,4.11184
US10Y,18/08/2009,-6.00316
US10Y,25/08/2009,-2.7451
US10Y,01/09/2009,-1.20968
US10Y,08/09/2009,-1.31195
US10Y,15/09/2009,0.85672
US10Y,22/09/2009,1.58172
US10Y,29/09/2009,-3.11419
US10Y,06/10/2009,-3.15476
US10Y,13/10/2009,1.5673
US10Y,20/10/2009,3.66112
US10Y,27/10/2009,1.86807
US10Y,03/11/2009,-0.68768
US10Y,10/11/2009,2.13503
US10Y,17/11/2009,-4.37853
US10Y,24/11/2009,-0.97489
US10Y,01/12/2009,-3.19212
US10Y,08/12/2009,4.96148
US10Y,15/12/2009,3.64063
US10Y,22/12/2009,2.60623
US10Y,29/12/2009,5.32855
US10Y,05/01/2010,0.06553
US10Y,12/01/2010,0.17027
US10Y,19/01/2010,-2.00052
US10Y,26/01/2010,-2.70847
US10Y,02/02/2010,0.49369
US10Y,09/02/2010,-0.49127
US10Y,16/02/2010,1.48108
US10Y,23/02/2010,1.62162
US10Y,02/03/2010,-3.29787
US10Y,09/03/2010,0.9901
US10Y,16/03/2010,0.98039
US10Y,23/03/2010,-0.80906
US10Y,30/03/2010,5.32898
US10Y,06/04/2010,1.60041
US10Y,13/04/2010,-1.37195
US10Y,20/04/2010,-1.18496
US10Y,27/04/2010,-1.19917
US10Y,04/05/2010,-1.84697
US10Y,11/05/2010,-5.53763
US10Y,18/05/2010,-0.96756
US10Y,25/05/2010,-6.78161
US10Y,01/06/2010,1.34094
US10Y,08/06/2010,-0.89734
US10Y,15/06/2010,0.4911
US10Y,22/06/2010,-1.28283
US10Y,29/06/2010,-4.64109
US10Y,06/07/2010,-3.634
US10Y,13/07/2010,3.29966
US10Y,20/07/2010,-2.21643
US10Y,27/07/2010,-0.06667
US10Y,03/08/2010,-0.40027
US10Y,10/08/2010,-3.34896
US10Y,17/08/2010,-7.41511
US10Y,24/08/2010,-3.14371
US10Y,31/08/2010,-1.77743
US10Y,07/09/2010,3.65854
US10Y,14/09/2010,3.68121
US10Y,21/09/2010,-0.51245
US10Y,28/09/2010,-6.10743
US10Y,05/10/2010,-1.33229
US10Y,12/10/2010,-3.99126
US10Y,19/10/2010,4.15719
US10Y,26/10/2010,2.70056
US10Y,02/11/2010,3.3256
US10Y,09/11/2010,-1.94611
US10Y,16/11/2010,6.67939
US10Y,23/11/2010,1.89624
US10Y,30/11/2010,0.50913
US10Y,07/12/2010,5.57205
US10Y,14/12/2010,9.79484
US10Y,21/12/2010,2.71248
US10Y,28/12/2010,-0.01467
US10Y,04/01/2011,-1.68745
US10Y,11/01/2011,1.31343
US10Y,18/01/2011,-0.70713
US10Y,25/01/2011,1.24629
US10Y,01/02/2011,0.41032
US10Y,08/02/2011,6.30473
US10Y,15/02/2011,0.05491
US10Y,22/02/2011,-2.23655
US10Y,01/03/2011,-3.4386
US10Y,08/03/2011,2.32558
US10Y,15/03/2011,-3.75
US10Y,22/03/2011,-3.01063
US10Y,29/03/2011,4.74741
US10Y,05/04/2011,0.81348
US10Y,12/04/2011,2.82421
US10Y,19/04/2011,-3.47534
US10Y,26/04/2011,-1.42276
US10Y,03/05/2011,-1.97349
US10Y,10/05/2011,-3.72596
US10Y,17/05/2011,-0.99875
US10Y,24/05/2011,-0.69357
US10Y,31/05/2011,-2.22222
US10Y,07/06/2011,-2.53247
US10Y,14/06/2011,0.53298
US10Y,21/06/2011,-1.85553
US10Y,28/06/2011,0.06752
US10Y,05/07/2011,7.11876
US10Y,12/07/2011,-4.37795
US10Y,19/07/2011,-3.22793
US10Y,26/07/2011,2.11028
US10Y,02/08/2011,-5.06667
US10Y,09/08/2011,-13.69382
US10Y,16/08/2011,-8.29943
US10Y,23/08/2011,-6.21118
US10Y,30/08/2011,5.77105
US10Y,06/09/2011,-6.3059
US10Y,13/09/2011,-5.29833
US10Y,20/09/2011,2.01613
US10Y,27/09/2011,-7.6087
US10Y,04/10/2011,2.13904
US10Y,11/10/2011,7.46073
US10Y,18/10/2011,7.77101
US10Y,25/10/2011,-0.5425
US10Y,01/11/2011,1.54545
US10Y,08/11/2011,-7.60967
US10Y,15/11/2011,-1.40504
US10Y,22/11/2011,-2.80098
US10Y,29/11/2011,-1.0364
US10Y,06/12/2011,5.8493
US10Y,13/12/2011,-2.79923
US10Y,20/12/2011,-6.0576
US10Y,27/12/2011,5.70825
US10Y,03/01/2012,-3.75
US10Y,10/01/2012,3.68831
US10Y,17/01/2012,-4.43387
US10Y,24/01/2012,6.42202
US10Y,31/01/2012,-5.41872
US10Y,07/02/2012,0.3125
US10Y,14/02/2012,3.01142
US10Y,21/02/2012,0.55444
US10Y,28/02/2012,-1.35338
US10Y,06/03/2012,1.21951
US10Y,13/03/2012,2.71084
US10Y,20/03/2012,13.97849
US10Y,27/03/2012,-3.00172
US10Y,03/04/2012,-1.50309
US10Y,10/04/2012,-5.02693
US10Y,17/04/2012,-3.78072
US10Y,24/04/2012,-2.4558
US10Y,01/05/2012,-0.50352
US10Y,08/05/2012,-2.53036
US10Y,15/05/2012,-5.08827
US10Y,22/05/2012,-4.7046
US10Y,29/05/2012,0.31573
US10Y,05/06/2012,-10.84406
US10Y,12/06/2012,5.77664
US10Y,19/06/2012,-1.94175
US10Y,26/06/2012,2.22772
US10Y,03/07/2012,-0.96852
US10Y,10/07/2012,-4.49267
US10Y,17/07/2012,-2.848
US10Y,24/07/2012,-1.71278
US10Y,31/07/2012,0.53619
US10Y,07/08/2012,5.6
US10Y,14/08/2012,6.06061
US10Y,21/08/2012,7.85714
US10Y,28/08/2012,-7.72627
US10Y,04/09/2012,-3.55861
US10Y,11/09/2012,3.31783
US10Y,18/09/2012,8.88355
US10Y,25/09/2012,-2.97685
US10Y,02/10/2012,-6.47727
US10Y,09/10/2012,3.73633
US10Y,16/10/2012,0.26354
US10Y,23/10/2012,6.30841
US10Y,30/10/2012,-1.37363
US10Y,06/11/2012,-2.84123
US10Y,13/11/2012,-6.82339
US10Y,20/11/2012,-1.29231
US10Y,27/11/2012,4.27057
US10Y,04/12/2012,-2.89985
US10Y,11/12/2012,0
US10Y,18/12/2012,8.37438
US10Y,25/12/2012,2.13068
US10Y,01/01/2013,-2.36439
US10Y,08/01/2013,8.49003
US10Y,15/01/2013,-0.94538
US10Y,22/01/2013,-1.11347
US10Y,29/01/2013,4.55764
US10Y,05/02/2013,3.89744
US10Y,12/02/2013,-1.38203
US10Y,19/02/2013,1.22623
US10Y,26/02/2013,-3.68356
US10Y,05/03/2013,-3.08008
US10Y,12/03/2013,7.09746
US10Y,19/03/2013,-1.38477
US10Y,26/03/2013,-2.80843
US10Y,02/04/2013,-3.50877
US10Y,09/04/2013,-5.13369
US10Y,16/04/2013,0.11274
US10Y,23/04/2013,-2.7027
US10Y,30/04/2013,-0.81019
US10Y,07/05/2013,1.75029
US10Y,14/05/2013,7.79817
US10Y,21/05/2013,2.87234
US10Y,28/05/2013,6.1272
US10Y,04/06/2013,4.16565
US10Y,11/06/2013,0.74836
US10Y,18/06/2013,1.85701
US10Y,25/06/2013,13.30902
US10Y,02/07/2013,0.88496
US10Y,09/07/2013,5.16348
US10Y,16/07/2013,-1.19431
US10Y,23/07/2013,-3.22333
US10Y,30/07/2013,3.40999
US10Y,06/08/2013,2.07055
US10Y,13/08/2013,-1.72802
US10Y,20/08/2013,7.18654
US10Y,27/08/2013,0.57061
US10Y,03/09/2013,-0.97518
US10Y,10/09/2013,5.13876
US10Y,17/09/2013,-1.29428
US10Y,24/09/2013,-6.21118
US10Y,01/10/2013,-2.64901
US10Y,08/10/2013,-0.07559
US10Y,15/10/2013,2.49622
US10Y,22/10/2013,-3.54244
US10Y,29/10/2013,-3.28998
US10Y,05/11/2013,3.56013
US10Y,12/11/2013,3.80061
US10Y,19/11/2013,-0.42318
US10Y,26/11/2013,1.92166
US10Y,03/12/2013,0.52574
US10Y,10/12/2013,2.93959
US10Y,17/12/2013,0.70077
US10Y,24/12/2013,1.9485
US10Y,31/12/2013,2.8157
US10Y,07/01/2014,-0.82988
US10Y,14/01/2014,-2.39331
US10Y,21/01/2014,-1.83471
US10Y,28/01/2014,-2.46288
US10Y,04/02/2014,-4.51289
US10Y,11/02/2014,1.95049
US10Y,18/02/2014,1.08536
US10Y,25/02/2014,-0.49136
US10Y,04/03/2014,-2.85296
US10Y,11/03/2014,3.91566
US10Y,18/03/2014,-2.75362
US10Y,25/03/2014,2.90611
US10Y,01/04/2014,-1.3034
US10Y,08/04/2014,0.95378
US10Y,15/04/2014,-3.48837
US10Y,22/04/2014,2.03313
US10Y,29/04/2014,-0.4428
US10Y,06/05/2014,-2.59451
US10Y,13/05/2014,-0.15221
US10Y,20/05/2014,-3.81098
US10Y,27/05/2014,0.63391
US10Y,03/06/2014,-1.49606
US10Y,10/06/2014,4.39648
US10Y,17/06/2014,0.30628
US10Y,24/06/2014,0
US10Y,01/07/2014,-2.67176
US10Y,08/07/2014,2.94118
US10Y,15/07/2014,-2.78095
US10Y,22/07/2014,-2.11599
US10Y,29/07/2014,-0.32026
US10Y,05/08/2014,1.76707
US10Y,12/08/2014,-3.23599
US10Y,19/08/2014,-2.44698
US10Y,26/08/2014,0.50167
US10Y,02/09/2014,-1.41431
US10Y,09/09/2014,3.79747
US10Y,16/09/2014,4.87805
US10Y,23/09/2014,0.3876
US10Y,30/09/2014,-2.3166
US10Y,07/10/2014,-4.34783
US10Y,14/10/2014,-4.85537
US10Y,21/10/2014,-4.71227
US10Y,28/10/2014,3.91978
US10Y,04/11/2014,2.80702
US10Y,11/11/2014,0.78925
US10Y,18/11/2014,-0.95238
US10Y,25/11/2014,-1.02564
US10Y,02/12/2014,-3.7133
US10Y,09/12/2014,1.61435
US10Y,16/12/2014,-5.9135
US10Y,23/12/2014,2.81426
US10Y,30/12/2014,1.96168
US10Y,06/01/2015,-7.15884
US10Y,13/01/2015,-5.54217
US10Y,20/01/2015,-7.14286
US10Y,27/01/2015,1.53846
US10Y,03/02/2015,-6.38528
US10Y,10/02/2015,10.52023
US10Y,17/02/2015,6.56381
US10Y,24/02/2015,1.69325
US10Y,03/03/2015,-1.64093
US10Y,10/03/2015,6.0844
US10Y,17/03/2015,-2.86772
US10Y,24/03/2015,-8.19048
US10Y,31/03/2015,1.55602
US10Y,07/04/2015,-3.47293
US10Y,14/04/2015,2.53968
US10Y,21/04/2015,-1.96078
US10Y,28/04/2015,3.36842
US10Y,05/05/2015,7.73931
US10Y,12/05/2015,5.38752
US10Y,19/05/2015,-0.08969
US10Y,26/05/2015,-1.25673
US10Y,02/06/2015,-1.36364
US10Y,09/06/2015,9.76959
US10Y,16/06/2015,0.41982
US10Y,23/06/2015,-2.00669
US10Y,30/06/2015,1.96246
US10Y,07/07/2015,-1.67364
US10Y,14/07/2015,0.51064
US10Y,21/07/2015,-0.16935
US10Y,28/07/2015,-3.56234
US10Y,04/08/2015,-1.84697
US10Y,11/08/2015,-0.71685
US10Y,18/08/2015,-1.7148
US10Y,25/08/2015,-4.59137
US10Y,01/09/2015,5.19731
US10Y,08/09/2015,-0.38884
US10Y,15/09/2015,1.95178
US10Y,22/09/2015,-1.08108
US10Y,29/09/2015,-3.36976
US10Y,06/10/2015,-3.67578
US10Y,13/10/2015,2.49511
US10Y,20/10/2015,-2.72076
US10Y,27/10/2015,0.98135
US10Y,03/11/2015,5.73372
US10Y,10/11/2015,5.97426
US10Y,17/11/2015,-1.12749
US10Y,24/11/2015,-1.22807
US10Y,01/12/2015,-2.19805
US10Y,08/12/2015,2.24745
US10Y,15/12/2015,-1.42096
US10Y,22/12/2015,0.63063
US10Y,29/12/2015,1.61146
US10Y,05/01/2016,-0.11013
US10Y,12/01/2016,-5.09372
US10Y,19/01/2016,-3.92658
US10Y,26/01/2016,-1.91052
US10Y,02/02/2016,-3.35306
US10Y,09/02/2016,-7.14286
US10Y,16/02/2016,-5.76923
US10Y,23/02/2016,2.97376
US10Y,01/03/2016,-0.453
US10Y,08/03/2016,5.68828
US10Y,15/03/2016,4.95156
US10Y,22/03/2016,-1.64103
US10Y,29/03/2016,-2.37226
US10Y,05/04/2016,-4.83311
US10Y,12/04/2016,-2.3569
US10Y,19/04/2016,2.29885
US10Y,26/04/2016,6.40449
US10Y,03/05/2016,-2.53432
US10Y,10/05/2016,-3.79198
US10Y,17/05/2016,-2.02703
US10Y,24/05/2016,6.55172
US10Y,31/05/2016,-0.35059
US10Y,07/06/2016,-4.51962
US10Y,14/06/2016,-6.23583
US10Y,21/06/2016,-1.20919
US10Y,28/06/2016,-3.05998
US10Y,05/07/2016,-8.14394
US10Y,12/07/2016,-2.26804
US10Y,19/07/2016,9.14205
US10Y,26/07/2016,1.54639
US10Y,02/08/2016,-4.06091
US10Y,09/08/2016,3.04233
US10Y,16/08/2016,-1.15533
US10Y,23/08/2016,0.90909
US10Y,30/08/2016,1.6731
US10Y,06/09/2016,-0.31646
US10Y,13/09/2016,4.50794
US10Y,20/09/2016,3.28068
US10Y,27/09/2016,-5.17647
US10Y,04/10/2016,-0.12407
US10Y,11/10/2016,8.22981
US10Y,18/10/2016,1.69297
US10Y,25/10/2016,-0.6772
US10Y,01/11/2016,4.20455
US10Y,08/11/2016,-0.43621
US10Y,15/11/2016,18.83899
US10Y,22/11/2016,5.89862
US10Y,29/11/2016,1.6101
US10Y,06/12/2016,2.78373
US10Y,13/12/2016,1.5
US10Y,20/12/2016,5.50082
US10Y,27/12/2016,-0.58366
US10Y,03/01/2017,-3.13112
US10Y,10/01/2017,-2.94949
US10Y,17/01/2017,-1.4363
US10Y,24/01/2017,3.48469
US10Y,31/01/2017,1.79592
US10Y,07/02/2017,-1.60385
US10Y,14/02/2017,-1.79299
US10Y,21/02/2017,1.76349
US10Y,28/02/2017,-3.52701
US10Y,07/03/2017,5.24091
US10Y,14/03/2017,4.17671
US10Y,21/03/2017,-4.08635
US10Y,28/03/2017,-3.45659
US10Y,04/04/2017,-0.74938
US10Y,11/04/2017,-1.42617
US10Y,18/04/2017,-4.68085
US10Y,25/04/2017,1.07143
US10Y,02/05/2017,1.85512
US10Y,09/05/2017,2.8621
US10Y,16/05/2017,-0.5059
US10Y,23/05/2017,-4.91525
US10Y,30/05/2017,-0.06684
US10Y,06/06/2017,-2.87625
US10Y,13/06/2017,1.0101
US10Y,20/06/2017,-1.63636
US10Y,27/06/2017,-0.09242
US10Y,04/07/2017,5.80481
US10Y,11/07/2017,3.51913
US10Y,18/07/2017,-2.11149
US10Y,25/07/2017,-1.89819
US10Y,01/08/2017,0.87951
US10Y,08/08/2017,-1.22058
US10Y,15/08/2017,-1.85349
US10Y,22/08/2017,-0.98921
US10Y,29/08/2017,-1.7257
US10Y,05/09/2017,-1.80222
US10Y,12/09/2017,-0.98824
US10Y,19/09/2017,5.22814
US10Y,26/09/2017,1.80668
US10Y,03/10/2017,3.10559
US10Y,10/10/2017,1.11876
US10Y,17/10/2017,-1.61702
US10Y,24/10/2017,2.59516
US10Y,31/10/2017,1.77066
US10Y,07/11/2017,-3.06545
US10Y,14/11/2017,1.11111
US10Y,21/11/2017,-0.42265
US10Y,28/11/2017,-1.10357
US10Y,05/12/2017,2.06009
US10Y,12/12/2017,-0.16821
US10Y,19/12/2017,0.33698
US10Y,26/12/2017,4.11419
US10Y,02/01/2018,-2.11694
US10Y,09/01/2018,2.24511
US10Y,16/01/2018,2.53828
US10Y,23/01/2018,3.10413
US10Y,30/01/2018,1.90549
US10Y,06/02/2018,3.9641
US10Y,13/02/2018,2.23022
US10Y,20/02/2018,1.68895
US10Y,27/02/2018,0.34602
US10Y,06/03/2018,-1.37931
US10Y,13/03/2018,0.41958
US10Y,20/03/2018,-0.97493
US10Y,27/03/2018,-0.35162
US10Y,03/04/2018,-2.69936
US10Y,10/04/2018,1.32366
US10Y,17/04/2018,0.85898
US10Y,24/04/2018,4.54223
US10Y,01/05/2018,1.222
US10Y,08/05/2018,-0.8719
US10Y,15/05/2018,1.62382
US10Y,22/05/2018,2.3968
US10Y,29/05/2018,-4.99025
US10Y,05/06/2018,-1.31737
US10Y,12/06/2018,2.28849
US10Y,19/06/2018,-0.61017
US10Y,26/06/2018,-1.22783
US10Y,03/07/2018,-1.79558
US10Y,10/07/2018,0.12307
US10Y,17/07/2018,0.01756
US10Y,24/07/2018,1.96629
US10Y,31/07/2018,2.06612
US10Y,07/08/2018,0.20243
US10Y,14/08/2018,-2.15488
US10Y,21/08/2018,-1.7894
US10Y,28/08/2018,-0.56062
US10Y,04/09/2018,1.39183
US10Y,11/09/2018,1.755
US10Y,18/09/2018,2.2541
US10Y,25/09/2018,2.87241
US10Y,02/10/2018,-0.58442
US10Y,09/10/2018,4.34357
US10Y,16/10/2018,-0.90767
US10Y,23/10/2018,0.63171
US10Y,30/10/2018,-2.57376
US10Y,06/11/2018,2.64175
US10Y,13/11/2018,0.36095
US10Y,20/11/2018,-3.4871
US10Y,27/11/2018,-0.84251
US10Y,04/12/2018,-2.02614
US10Y,11/12/2018,-4.43629
US10Y,18/12/2018,0.45375
US10Y,25/12/2018,-3.66574
US10Y,01/01/2019,-0.90171
US10Y,08/01/2019,-3.03913
US10Y,15/01/2019,2.25225
US10Y,22/01/2019,1.04626
US10Y,29/01/2019,-0.38147
US10Y,05/02/2019,-1.75055
US10Y,12/02/2019,-1.18782
US10Y,19/02/2019,0.30053
US10Y,26/02/2019,-0.37453
US10Y,05/03/2019,2.40602
US10Y,12/03/2019,-3.0837
US10Y,19/03/2019,-1.21212
US10Y,26/03/2019,-5.21472
US10Y,02/04/2019,-1.61812
US10Y,09/04/2019,3.28947
US10Y,16/04/2019,1.11465
US10Y,23/04/2019,1.5748
US10Y,30/04/2019,-2.09302
US10Y,07/05/2019,-0.47506
US10Y,14/05/2019,-2.70485
US10Y,21/05/2019,-1.88062
US10Y,28/05/2019,-3.33333
US10Y,04/06/2019,-6.89655
US10Y,11/06/2019,-1.57407
US10Y,18/06/2019,-1.50517
US10Y,25/06/2019,-3.24737
US10Y,02/07/2019,-0.5923
US10Y,09/07/2019,0.79444
US10Y,16/07/2019,3.84236
US10Y,23/07/2019,-2.46679
US10Y,30/07/2019,0.48638
US10Y,06/08/2019,-10.35818
US10Y,13/08/2019,-8.20734
US10Y,20/08/2019,-8.11765
US10Y,27/08/2019,-0.6402
US10Y,03/09/2019,-4.31701
US10Y,10/09/2019,6.93603
US10Y,17/09/2019,14.48363
US10Y,24/09/2019,-4.40044
US10Y,01/10/2019,-2.7618
US10Y,08/10/2019,-8.16568
US10Y,15/10/2019,9.375
US10Y,22/10/2019,4.27099
US10Y,29/10/2019,2.0339
US10Y,05/11/2019,-1.99336
US10Y,12/11/2019,7.20339
US10Y,19/11/2019,-3.66271
US10Y,26/11/2019,-4.04814
US10Y,03/12/2019,1.19726
US10Y,10/12/2019,2.42254
US10Y,17/12/2019,2.20022
US10Y,24/12/2019,3.22928
US10Y,31/12/2019,-0.93848
US10Y,07/01/2020,-3.68421
US10Y,14/01/2020,0.76503
US10Y,21/01/2020,-2.11497
US10Y,28/01/2020,-6.14958
US10Y,04/02/2020,-7.55608
US10Y,11/02/2020,2.80971
US10Y,18/02/2020,-1.08696
US10Y,25/02/2020,-8.94819
US10Y,03/03/2020,-18.89655
US10Y,10/03/2020,-32.31293
US10Y,17/03/2020,10.30151
US10Y,24/03/2020,9.79499
US10Y,31/03/2020,-20.53942
US10Y,07/04/2020,-14.09922
US10Y,14/04/2020,14.74164
US10Y,21/04/2020,-17.88079
US10Y,28/04/2020,0.96774
US10Y,05/05/2020,2.55591
US10Y,12/05/2020,7.78816
US10Y,19/05/2020,-3.46821
US10Y,26/05/2020,1.42216
US10Y,02/06/2020,-0.51661
US10Y,09/06/2020,25.22255
US10Y,16/06/2020,-15.16588
US10Y,23/06/2020,0
US10Y,30/06/2020,-7.5419
US10Y,07/07/2020,2.34139
US10Y,14/07/2020,-5.23985
US10Y,21/07/2020,-2.49221
US10Y,28/07/2020,-4.47284
US10Y,04/08/2020,-7.69231
US10Y,11/08/2020,5.07246
US10Y,18/08/2020,19.65517
US10Y,25/08/2020,-4.61095
US10Y,01/09/2020,7.85498
US10Y,08/09/2020,-5.46218
US10Y,15/09/2020,1.33333
US10Y,22/09/2020,0.5848
US10Y,29/09/2020,-2.90698
US10Y,06/10/2020,8.08383
US10Y,13/10/2020,8.03324
US10Y,20/10/2020,-2.05128
US10Y,27/10/2020,8.63874
US10Y,03/11/2020,3.37349
US10Y,10/11/2020,1.1655
US10Y,17/11/2020,2.24654
US10Y,24/11/2020,-2.87324
US10Y,01/12/2020,0.92807
US10Y,08/12/2020,8.04598
US10Y,15/12/2020,-2.34043
US10Y,22/12/2020,2.17865
US10Y,29/12/2020,0.74627
US10Y,05/01/2021,-0.79365
US10Y,12/01/2021,18.4
US10Y,19/01/2021,0.45045
US10Y,26/01/2021,-2.78027
US10Y,02/02/2021,0.1845
US10Y,09/02/2021,7.91897
US10Y,16/02/2021,2.60239
US10Y,23/02/2021,10.76923
US10Y,02/03/2021,8.55856
US10Y,09/03/2021,6.639
US10Y,16/03/2021,3.11284
US10Y,23/03/2021,5.66038
US10Y,30/03/2021,-0.2381
US10Y,06/04/2021,2.02864
US10Y,13/04/2021,-2.69006
US10Y,20/04/2021,-4.08654
US10Y,27/04/2021,-0.62657
US10Y,04/05/2021,3.02648
US10Y,11/05/2021,-1.59119
US10Y,18/05/2021,2.73632
US10Y,25/05/2021,-1.81598
US10Y,01/06/2021,-1.51048
US10Y,08/06/2021,-1.34585
US10Y,15/06/2021,-5.58376
US10Y,22/06/2021,1.07527
US10Y,29/06/2021,-0.13298
US10Y,06/07/2021,-4.46072
US10Y,13/07/2021,-5.22648
US10Y,20/07/2021,-5.73529
US10Y,27/07/2021,0
US10Y,03/08/2021,-3.74415
US10Y,10/08/2021,4.05186
US10Y,17/08/2021,1.55763
US10Y,24/08/2021,-3.22086
US10Y,31/08/2021,4.4374
US10Y,07/09/2021,0.72079
US10Y,14/09/2021,-0.41431
US10Y,21/09/2021,0.75643
US10Y,28/09/2021,8.40841
US10Y,05/10/2021,4.98615
US10Y,12/10/2021,4.05673
US10Y,19/10/2021,0.28526
US10Y,26/10/2021,4.42478
US10Y,02/11/2021,-5.56901
US10Y,09/11/2021,-3.20513
US10Y,16/11/2021,5.96026
US10Y,23/11/2021,0.375
US10Y,30/11/2021,-5.51059
US10Y,07/12/2021,-6.02965
US10Y,14/12/2021,3.08555
US10Y,21/12/2021,-1.63265
US10Y,28/12/2021,2.5242
US10Y,04/01/2022,6.30691
US10Y,11/01/2022,10.7868
US10Y,18/01/2022,1.51775
US10Y,25/01/2022,0.87447
US10Y,01/02/2022,1.11857
US10Y,08/02/2022,4.09292
US10Y,15/02/2022,5.41977
US10Y,22/02/2022,-0.95766
US10Y,01/03/2022,-3.61323
US10Y,08/03/2022,-3.90707
US10Y,15/03/2022,12.1978
US10Y,22/03/2022,9.99021
US10Y,29/03/2022,6.94568
US10Y,05/04/2022,0.08326
US10Y,12/04/2022,12.31281
US10Y,19/04/2022,4.72222
US10Y,26/04/2022,0.65429
US10Y,03/05/2022,2.03795
US10Y,10/05/2022,4.26997
US10Y,17/05/2022,-3.96301
US10Y,24/05/2022,-2.81981
US10Y,31/05/2022,-1.89314
US10Y,07/06/2022,7.0514
US10Y,14/06/2022,8.76011
US10Y,21/06/2022,1.99814
US10Y,28/06/2022,-4.14579
US10Y,05/07/2022,-6.68568
US10Y,12/07/2022,1.73175
US10Y,19/07/2022,-1.40187
US10Y,26/07/2022,-2.91131
US10Y,02/08/2022,-5.99721
US10Y,09/08/2022,2.44807
US10Y,16/08/2022,2.09993
US10Y,23/08/2022,5.1773
US10Y,30/08/2022,3.91099
US10Y,06/09/2022,4.96431
US10Y,13/09/2022,3.1221
US10Y,20/09/2022,4.13669
US10Y,27/09/2022,7.94473
US10Y,04/10/2022,-0.8
US10Y,11/10/2022,3.56183
US10Y,18/10/2022,3.36145
US10Y,25/10/2022,5.17328
US10Y,01/11/2022,-3.58166
US10Y,08/11/2022,2.87271
US10Y,15/11/2022,-5.99422
US10Y,22/11/2022,-3.45711
US10Y,29/11/2022,-1.65782
US10Y,06/12/2022,-3.81659
US10Y,13/12/2022,-1.34605
US10Y,20/12/2022,0.4548
US10Y,27/12/2022,5.68761
