Date,Federal Funds Effective Rate
07/01/1970,8.45
14/01/1970,8.96
21/01/1970,9.3
28/01/1970,9.04
04/02/1970,9.22
11/02/1970,9.18
18/02/1970,9.39
25/02/1970,8.41
04/03/1970,8.32
11/03/1970,7.71
18/03/1970,7.82
25/03/1970,7.45
01/04/1970,7.93
08/04/1970,7.68
15/04/1970,8.02
22/04/1970,8.21
29/04/1970,8.43
06/05/1970,8.47
13/05/1970,7.97
20/05/1970,7.84
27/05/1970,7.65
03/06/1970,7.84
10/06/1970,7.98
17/06/1970,7.8
24/06/1970,7.21
01/07/1970,7.23
08/07/1970,7.34
15/07/1970,7.59
22/07/1970,7.16
29/07/1970,6.89
05/08/1970,6.93
12/08/1970,6.83
19/08/1970,6.64
26/08/1970,6.34
02/09/1970,6.47
09/09/1970,6.65
16/09/1970,6.47
23/09/1970,5.84
30/09/1970,6.06
07/10/1970,6.36
14/10/1970,6.22
21/10/1970,6.18
28/10/1970,6.11
04/11/1970,6.07
11/11/1970,5.8
18/11/1970,5.7
25/11/1970,5.16
02/12/1970,5.5
09/12/1970,4.91
16/12/1970,5.07
23/12/1970,4.84
30/12/1970,4.82
06/01/1971,3.82
13/01/1971,4.27
20/01/1971,4.13
27/01/1971,4.23
03/02/1971,4.09
10/02/1971,3.59
17/02/1971,4.14
24/02/1971,3.47
03/03/1971,3.41
10/03/1971,3.29
17/03/1971,3.93
24/03/1971,3.7
31/03/1971,4.02
07/04/1971,3.98
14/04/1971,4.2
21/04/1971,4.27
28/04/1971,4.15
05/05/1971,4.41
12/05/1971,4.59
19/05/1971,4.56
26/05/1971,4.68
02/06/1971,4.83
09/06/1971,4.77
16/06/1971,4.9
23/06/1971,4.97
30/06/1971,5.08
07/07/1971,5.18
14/07/1971,5.13
21/07/1971,5.47
28/07/1971,5.38
04/08/1971,5.57
11/08/1971,5.59
18/08/1971,5.59
25/08/1971,5.48
01/09/1971,5.59
08/09/1971,5.73
15/09/1971,5.59
22/09/1971,5.46
29/09/1971,5.43
06/10/1971,5.33
13/10/1971,5.29
20/10/1971,5.14
27/10/1971,5.11
03/11/1971,5.17
10/11/1971,4.93
17/11/1971,4.88
24/11/1971,4.86
01/12/1971,4.68
08/12/1971,4.59
15/12/1971,4.2
22/12/1971,3.9
29/12/1971,4.05
05/01/1972,3.57
12/01/1972,3.72
19/01/1972,3.54
26/01/1972,3.43
02/02/1972,3.23
09/02/1972,3.25
16/02/1972,3.43
23/02/1972,3.34
01/03/1972,3.18
08/03/1972,3.43
15/03/1972,3.88
22/03/1972,3.91
29/03/1972,4.09
05/04/1972,4.16
12/04/1972,4.18
19/04/1972,4.05
26/04/1972,4.2
03/05/1972,4.25
10/05/1972,4.2
17/05/1972,4.32
24/05/1972,4.24
31/05/1972,4.37
07/06/1972,4.48
14/06/1972,4.46
21/06/1972,4.4
28/06/1972,4.49
05/07/1972,4.61
12/07/1972,4.62
19/07/1972,4.46
26/07/1972,4.54
02/08/1972,4.56
09/08/1972,4.69
16/08/1972,4.86
23/08/1972,4.75
30/08/1972,4.9
06/09/1972,4.9
13/09/1972,4.69
20/09/1972,4.93
27/09/1972,4.99
04/10/1972,5.15
11/10/1972,5.09
18/10/1972,4.91
25/10/1972,5.01
01/11/1972,5.06
08/11/1972,5.25
15/11/1972,4.89
22/11/1972,4.98
29/11/1972,5.03
06/12/1972,5.17
13/12/1972,5.29
20/12/1972,5.38
27/12/1972,5.34
03/01/1973,5.61
10/01/1973,5.66
17/01/1973,5.86
24/01/1973,6.03
31/01/1973,6.35
07/02/1973,6.22
14/02/1973,6.58
21/02/1973,6.79
28/02/1973,6.75
07/03/1973,7.02
14/03/1973,7.13
21/03/1973,6.96
28/03/1973,7.11
04/04/1973,7.18
11/04/1973,6.84
18/04/1973,7.24
25/04/1973,7.14
02/05/1973,7.43
09/05/1973,7.6
16/05/1973,7.82
23/05/1973,8.06
30/05/1973,7.95
06/06/1973,8.43
13/06/1973,8.17
20/06/1973,8.56
27/06/1973,8.59
04/07/1973,10.22
11/07/1973,9.52
18/07/1973,10.22
25/07/1973,10.58
01/08/1973,10.57
08/08/1973,10.39
15/08/1973,10.39
22/08/1973,10.52
29/08/1973,10.79
05/09/1973,10.79
12/09/1973,10.74
19/09/1973,10.8
26/09/1973,10.84
03/10/1973,10.72
10/10/1973,9.87
17/10/1973,10.07
24/10/1973,9.98
31/10/1973,9.9
07/11/1973,9.71
14/11/1973,10.03
21/11/1973,10.23
28/11/1973,10.09
05/12/1973,10.17
12/12/1973,10.04
19/12/1973,10.18
26/12/1973,9.52
02/01/1974,9.87
09/01/1974,9.76
16/01/1974,9.77
23/01/1974,9.6
30/01/1974,9.47
06/02/1974,9.13
13/02/1974,8.93
20/02/1974,9.07
27/02/1974,8.81
06/03/1974,8.98
13/03/1974,9.03
20/03/1974,9.33
27/03/1974,9.61
03/04/1974,9.93
10/04/1974,10.02
17/04/1974,10.36
24/04/1974,10.78
01/05/1974,11.17
08/05/1974,11.29
15/05/1974,11.46
22/05/1974,10.95
29/05/1974,11.54
05/06/1974,11.45
12/06/1974,11.6
19/06/1974,11.85
26/06/1974,11.97
03/07/1974,13.55
10/07/1974,13.34
17/07/1974,13.04
24/07/1974,12.6
31/07/1974,12.29
07/08/1974,12.09
14/08/1974,12.02
21/08/1974,12.23
28/08/1974,11.84
04/09/1974,11.64
11/09/1974,11.48
18/09/1974,11.41
25/09/1974,11.12
02/10/1974,11.04
09/10/1974,10.43
16/10/1974,10.11
23/10/1974,9.81
30/10/1974,9.72
06/11/1974,9.63
13/11/1974,9.37
20/11/1974,9.34
27/11/1974,9.46
04/12/1974,9.02
11/12/1974,8.86
18/12/1974,8.72
25/12/1974,8.45
01/01/1975,7.35
08/01/1975,7.7
15/01/1975,7.22
22/01/1975,7.17
29/01/1975,6.99
05/02/1975,6.46
12/02/1975,6.28
19/02/1975,6.29
26/02/1975,6.15
05/03/1975,5.88
12/03/1975,5.44
19/03/1975,5.38
26/03/1975,5.53
02/04/1975,5.59
09/04/1975,5.28
16/04/1975,5.44
23/04/1975,5.54
30/04/1975,5.71
07/05/1975,5.42
14/05/1975,5.2
21/05/1975,5.13
28/05/1975,5.14
04/06/1975,5.24
11/06/1975,5.15
18/06/1975,5.31
25/06/1975,5.72
02/07/1975,6.31
09/07/1975,6.06
16/07/1975,5.93
23/07/1975,6.14
30/07/1975,6.25
06/08/1975,6.09
13/08/1975,6.08
20/08/1975,6.15
27/08/1975,6.23
03/09/1975,6.06
10/09/1975,6.15
17/09/1975,6.28
24/09/1975,6.29
01/10/1975,6.36
08/10/1975,6.06
15/10/1975,5.82
22/10/1975,5.73
29/10/1975,5.65
05/11/1975,5.17
12/11/1975,5.24
19/11/1975,5.24
26/11/1975,5.28
03/12/1975,5.25
10/12/1975,5.26
17/12/1975,5.17
24/12/1975,5.18
31/12/1975,5.18
07/01/1976,5.12
14/01/1976,4.76
21/01/1976,4.81
28/01/1976,4.8
04/02/1976,4.82
11/02/1976,4.73
18/02/1976,4.7
25/02/1976,4.8
03/03/1976,4.95
10/03/1976,4.86
17/03/1976,4.77
24/03/1976,4.79
31/03/1976,4.84
07/04/1976,4.73
14/04/1976,4.77
21/04/1976,4.78
28/04/1976,4.93
05/05/1976,5.03
12/05/1976,5.02
19/05/1976,5.28
26/05/1976,5.5
02/06/1976,5.54
09/06/1976,5.44
16/06/1976,5.47
23/06/1976,5.48
30/06/1976,5.58
07/07/1976,5.37
14/07/1976,5.27
21/07/1976,5.3
28/07/1976,5.28
04/08/1976,5.36
11/08/1976,5.25
18/08/1976,5.29
25/08/1976,5.28
01/09/1976,5.28
08/09/1976,5.25
15/09/1976,5.22
22/09/1976,5.21
29/09/1976,5.32
06/10/1976,5.17
13/10/1976,5.02
20/10/1976,4.97
27/10/1976,4.99
03/11/1976,5.06
10/11/1976,4.98
17/11/1976,5.02
24/11/1976,4.9
01/12/1976,4.78
08/12/1976,4.67
15/12/1976,4.68
22/12/1976,4.63
29/12/1976,4.66
05/01/1977,4.47
12/01/1977,4.55
19/01/1977,4.65
26/01/1977,4.72
02/02/1977,4.6
09/02/1977,4.66
16/02/1977,4.7
23/02/1977,4.74
02/03/1977,4.68
09/03/1977,4.63
16/03/1977,4.62
23/03/1977,4.77
30/03/1977,4.74
06/04/1977,4.6
13/04/1977,4.65
20/04/1977,4.71
27/04/1977,4.82
04/05/1977,5.15
11/05/1977,5.31
18/05/1977,5.34
25/05/1977,5.45
01/06/1977,5.36
08/06/1977,5.31
15/06/1977,5.37
22/06/1977,5.43
29/06/1977,5.43
06/07/1977,5.35
13/07/1977,5.33
20/07/1977,5.35
27/07/1977,5.45
03/08/1977,5.8
10/08/1977,5.7
17/08/1977,5.94
24/08/1977,5.99
31/08/1977,6.02
07/09/1977,5.97
14/09/1977,6.05
21/09/1977,6.1
28/09/1977,6.35
05/10/1977,6.41
12/10/1977,6.41
19/10/1977,6.5
26/10/1977,6.49
02/11/1977,6.5
09/11/1977,6.58
16/11/1977,6.42
23/11/1977,6.51
30/11/1977,6.55
07/12/1977,6.51
14/12/1977,6.49
21/12/1977,6.54
28/12/1977,6.65
04/01/1978,6.69
11/01/1978,6.58
18/01/1978,6.78
25/01/1978,6.72
01/02/1978,6.8
08/02/1978,6.75
15/02/1978,6.76
22/02/1978,6.78
01/03/1978,6.8
08/03/1978,6.76
15/03/1978,6.77
22/03/1978,6.77
29/03/1978,6.82
05/04/1978,6.86
12/04/1978,6.74
19/04/1978,6.78
26/04/1978,7
03/05/1978,7.27
10/05/1978,7.32
17/05/1978,7.34
24/05/1978,7.43
31/05/1978,7.36
07/06/1978,7.47
14/06/1978,7.49
21/06/1978,7.53
28/06/1978,7.78
05/07/1978,7.72
12/07/1978,7.72
19/07/1978,7.94
26/07/1978,7.88
02/08/1978,7.89
09/08/1978,7.83
16/08/1978,7.87
23/08/1978,8.14
30/08/1978,8.28
06/09/1978,8.3
13/09/1978,8.33
20/09/1978,8.36
27/09/1978,8.62
04/10/1978,8.85
11/10/1978,8.71
18/10/1978,8.78
25/10/1978,9.24
01/11/1978,9.29
08/11/1978,9.77
15/11/1978,9.68
22/11/1978,9.68
29/11/1978,9.85
06/12/1978,9.87
13/12/1978,9.79
20/12/1978,9.75
27/12/1978,10.25
03/01/1979,10.59
10/01/1979,9.97
17/01/1979,10.05
24/01/1979,10.05
31/01/1979,10.12
07/02/1979,10.06
14/02/1979,10.15
21/02/1979,9.97
28/02/1979,10.06
07/03/1979,10.07
14/03/1979,10.21
21/03/1979,10.09
28/03/1979,10
04/04/1979,9.95
11/04/1979,9.93
18/04/1979,9.96
25/04/1979,10.09
02/05/1979,10.22
09/05/1979,10.25
16/05/1979,10.25
23/05/1979,10.17
30/05/1979,10.28
06/06/1979,10.23
13/06/1979,10.23
20/06/1979,10.28
27/06/1979,10.32
04/07/1979,10.42
11/07/1979,10.28
18/07/1979,10.35
25/07/1979,10.63
01/08/1979,10.75
08/08/1979,10.67
15/08/1979,10.8
22/08/1979,11.04
29/08/1979,11.16
05/09/1979,11.02
12/09/1979,11.3
19/09/1979,11.37
26/09/1979,11.61
03/10/1979,11.91
10/10/1979,12
17/10/1979,13.22
24/10/1979,15.14
31/10/1979,15.61
07/11/1979,13.77
14/11/1979,13.3
21/11/1979,13.1
28/11/1979,12.46
05/12/1979,13.77
12/12/1979,13.79
19/12/1979,13.9
26/12/1979,13.49
02/01/1980,14.04
09/01/1980,13.94
16/01/1980,13.91
23/01/1980,13.77
30/01/1980,13.54
06/02/1980,12.8
13/02/1980,13.64
20/02/1980,14.87
27/02/1980,14.62
05/03/1980,16.17
12/03/1980,16.45
19/03/1980,16.24
26/03/1980,17.78
02/04/1980,19.39
09/04/1980,19.04
16/04/1980,18.35
23/04/1980,17.56
30/04/1980,15.12
07/05/1980,12.96
14/05/1980,10.85
21/05/1980,10.71
28/05/1980,9.46
04/06/1980,10.74
11/06/1980,9.68
18/06/1980,8.99
25/06/1980,9.08
02/07/1980,9.41
09/07/1980,9.26
16/07/1980,8.98
23/07/1980,8.68
30/07/1980,8.98
06/08/1980,9.6
13/08/1980,8.85
20/08/1980,9.35
27/08/1980,10.03
03/09/1980,10.47
10/09/1980,10.22
17/09/1980,10.64
24/09/1980,10.85
01/10/1980,12.38
08/10/1980,12.59
15/10/1980,12.64
22/10/1980,12.55
29/10/1980,13.17
05/11/1980,13.99
12/11/1980,14.65
19/11/1980,15.22
26/11/1980,17.43
03/12/1980,17.72
10/12/1980,18.82
17/12/1980,19.83
24/12/1980,19.44
31/12/1980,18.45
07/01/1981,20.06
14/01/1981,19.64
21/01/1981,19.35
28/01/1981,18.12
04/02/1981,17.19
11/02/1981,16.51
18/02/1981,15.81
25/02/1981,14.96
04/03/1981,15.73
11/03/1981,15.53
18/03/1981,14.13
25/03/1981,13.48
01/04/1981,14.93
08/04/1981,15.43
15/04/1981,15.33
22/04/1981,15.55
29/04/1981,16.28
06/05/1981,18.91
13/05/1981,18.21
20/05/1981,18.89
27/05/1981,18.71
03/06/1981,18.4
10/06/1981,19.33
17/06/1981,19.1
24/06/1981,19.2
01/07/1981,18.84
08/07/1981,19.93
15/07/1981,18.76
22/07/1981,19.05
29/07/1981,18.54
05/08/1981,18.25
12/08/1981,18.29
19/08/1981,18.19
26/08/1981,17.41
02/09/1981,16.89
09/09/1981,16.5
16/09/1981,16.09
23/09/1981,15.33
30/09/1981,15
07/10/1981,15.46
14/10/1981,14.93
21/10/1981,15.32
28/10/1981,14.87
04/11/1981,14.79
11/11/1981,14.01
18/11/1981,13.17
25/11/1981,12.42
02/12/1981,12.48
09/12/1981,12.04
16/12/1981,12.26
23/12/1981,12.43
30/12/1981,12.54
06/01/1982,12.98
13/01/1982,12.42
20/01/1982,12.96
27/01/1982,13.98
03/02/1982,14.77
10/02/1982,15.19
17/02/1982,15.61
24/02/1982,13.86
03/03/1982,14.07
10/03/1982,14.35
17/03/1982,14.89
24/03/1982,14.48
31/03/1982,14.99
07/04/1982,15.15
14/04/1982,14.68
21/04/1982,15.01
28/04/1982,14.72
05/05/1982,15.53
12/05/1982,14.97
19/05/1982,14.67
26/05/1982,13.7
02/06/1982,13.43
09/06/1982,13.6
16/06/1982,14.24
23/06/1982,14.17
30/06/1982,14.81
07/07/1982,14.47
14/07/1982,13.18
21/07/1982,12.14
28/07/1982,11.02
04/08/1982,11.15
11/08/1982,10.9
18/08/1982,10.11
25/08/1982,9.04
01/09/1982,10.15
08/09/1982,10.14
15/09/1982,10.27
22/09/1982,10.31
29/09/1982,10.12
06/10/1982,10.77
13/10/1982,9.6
20/10/1982,9.53
27/10/1982,9.44
03/11/1982,9.43
10/11/1982,9.45
17/11/1982,9.61
24/11/1982,8.91
01/12/1982,8.69
08/12/1982,8.84
15/12/1982,8.86
22/12/1982,8.69
29/12/1982,8.79
05/01/1983,10.21
12/01/1983,8.42
19/01/1983,8.49
26/01/1983,8.44
02/02/1983,8.53
09/02/1983,8.5
16/02/1983,8.62
23/02/1983,8.47
02/03/1983,8.44
09/03/1983,8.59
16/03/1983,8.57
23/03/1983,8.75
30/03/1983,8.88
06/04/1983,9.43
13/04/1983,8.76
20/04/1983,8.7
27/04/1983,8.58
04/05/1983,8.8
11/05/1983,8.48
18/05/1983,8.59
25/05/1983,8.72
01/06/1983,8.77
08/06/1983,8.84
15/06/1983,8.84
22/06/1983,9.14
29/06/1983,8.9
06/07/1983,9.39
13/07/1983,9.21
20/07/1983,9.43
27/07/1983,9.46
03/08/1983,9.59
10/08/1983,9.66
17/08/1983,9.67
24/08/1983,9.41
31/08/1983,9.44
07/09/1983,9.53
14/09/1983,9.54
21/09/1983,9.48
28/09/1983,9.04
05/10/1983,10
12/10/1983,9.46
19/10/1983,9.36
26/10/1983,9.36
02/11/1983,9.4
09/11/1983,9.36
16/11/1983,9.42
23/11/1983,9.26
30/11/1983,9.27
07/12/1983,9.49
14/12/1983,9.52
21/12/1983,9.62
28/12/1983,8.96
04/01/1984,10.06
11/01/1984,9.53
18/01/1984,9.54
25/01/1984,9.53
01/02/1984,9.41
08/02/1984,9.58
15/02/1984,9.53
22/02/1984,9.6
29/02/1984,9.62
07/03/1984,9.74
14/03/1984,9.79
21/03/1984,10.04
28/03/1984,9.97
04/04/1984,10.41
11/04/1984,10.13
18/04/1984,10.37
25/04/1984,9.98
02/05/1984,10.7
09/05/1984,10.46
16/05/1984,10.52
23/05/1984,9.75
30/05/1984,10.3
06/06/1984,10.72
13/06/1984,10.85
20/06/1984,11.49
27/06/1984,11.27
04/07/1984,10.91
11/07/1984,11.25
18/07/1984,11.21
25/07/1984,11.19
01/08/1984,11.53
08/08/1984,11.59
15/08/1984,11.63
22/08/1984,11.77
29/08/1984,11.5
05/09/1984,11.68
12/09/1984,11.52
19/09/1984,11.46
26/09/1984,10.73
03/10/1984,11.2
10/10/1984,10.01
17/10/1984,10.22
24/10/1984,9.45
31/10/1984,9.73
07/11/1984,9.87
14/11/1984,9.55
21/11/1984,9.47
28/11/1984,9
05/12/1984,8.83
12/12/1984,8.7
19/12/1984,7.99
26/12/1984,7.95
02/01/1985,8.75
09/01/1985,8.27
16/01/1985,8.23
23/01/1985,8.19
30/01/1985,8.45
06/02/1985,8.59
13/02/1985,8.44
20/02/1985,8.57
27/02/1985,8.4
06/03/1985,8.63
13/03/1985,8.52
20/03/1985,8.75
27/03/1985,8.38
03/04/1985,8.68
10/04/1985,8.45
17/04/1985,8.46
24/04/1985,7.69
01/05/1985,8.35
08/05/1985,8.19
15/05/1985,8.14
22/05/1985,7.91
29/05/1985,7.6
05/06/1985,7.75
12/06/1985,7.62
19/06/1985,7.13
26/06/1985,7.46
03/07/1985,8.06
10/07/1985,8.07
17/07/1985,7.77
24/07/1985,7.88
31/07/1985,7.64
07/08/1985,7.92
14/08/1985,7.88
21/08/1985,8.06
28/08/1985,7.78
04/09/1985,7.88
11/09/1985,7.8
18/09/1985,7.85
25/09/1985,7.96
02/10/1985,8.12
09/10/1985,7.84
16/10/1985,8.03
23/10/1985,8.14
30/10/1985,7.89
06/11/1985,8.3
13/11/1985,7.95
20/11/1985,8.13
27/11/1985,7.71
04/12/1985,8.49
11/12/1985,8.03
18/12/1985,8.05
25/12/1985,8.02
01/01/1986,9.55
08/01/1986,8.2
15/01/1986,7.94
22/01/1986,7.87
29/01/1986,7.83
05/02/1986,7.97
12/02/1986,7.85
19/02/1986,7.84
26/02/1986,7.82
05/03/1986,7.89
12/03/1986,7.52
19/03/1986,7.47
26/03/1986,7.25
02/04/1986,7.39
09/04/1986,7.05
16/04/1986,6.97
23/04/1986,6.92
30/04/1986,6.88
07/05/1986,6.87
14/05/1986,6.82
21/05/1986,6.87
28/05/1986,6.85
04/06/1986,6.95
11/06/1986,6.89
18/06/1986,6.87
25/06/1986,6.86
02/07/1986,7.02
09/07/1986,6.87
16/07/1986,6.51
23/07/1986,6.42
30/07/1986,6.32
06/08/1986,6.36
13/08/1986,6.31
20/08/1986,6.38
27/08/1986,5.87
03/09/1986,5.83
10/09/1986,5.82
17/09/1986,5.88
24/09/1986,5.81
01/10/1986,6.08
08/10/1986,5.75
15/10/1986,5.83
22/10/1986,5.91
29/10/1986,5.86
05/11/1986,6.02
12/11/1986,5.98
19/11/1986,6.13
26/11/1986,6
03/12/1986,6.25
10/12/1986,5.97
17/12/1986,6.3
24/12/1986,6.31
31/12/1986,9.2
07/01/1987,7.62
14/01/1987,6.01
21/01/1987,6.01
28/01/1987,6.13
04/02/1987,6.22
11/02/1987,6.14
18/02/1987,6.21
25/02/1987,5.95
04/03/1987,6.06
11/03/1987,6.12
18/03/1987,6.08
25/03/1987,6.14
01/04/1987,6.21
08/04/1987,6.13
15/04/1987,6.41
22/04/1987,6.26
29/04/1987,6.5
06/05/1987,7.3
13/05/1987,6.75
20/05/1987,6.77
27/05/1987,6.8
03/06/1987,6.65
10/06/1987,6.7
17/06/1987,6.75
24/06/1987,6.79
01/07/1987,6.61
08/07/1987,6.64
15/07/1987,6.52
22/07/1987,6.57
29/07/1987,6.63
05/08/1987,6.75
12/08/1987,6.58
19/08/1987,6.74
26/08/1987,6.76
02/09/1987,6.85
09/09/1987,6.95
16/09/1987,7.21
23/09/1987,7.26
30/09/1987,7.56
07/10/1987,7.43
14/10/1987,7.59
21/10/1987,7.37
28/10/1987,7.03
04/11/1987,6.43
11/11/1987,6.68
18/11/1987,6.77
25/11/1987,6.78
02/12/1987,6.89
09/12/1987,6.84
16/12/1987,6.58
23/12/1987,6.75
30/12/1987,6.81
06/01/1988,7.02
13/01/1988,6.81
20/01/1988,6.89
27/01/1988,6.66
03/02/1988,6.77
10/02/1988,6.38
17/02/1988,6.65
24/02/1988,6.64
02/03/1988,6.6
09/03/1988,6.51
16/03/1988,6.61
23/03/1988,6.51
30/03/1988,6.62
06/04/1988,6.82
13/04/1988,6.81
20/04/1988,6.93
27/04/1988,6.85
04/05/1988,6.82
11/05/1988,7.02
18/05/1988,7.04
25/05/1988,7.14
01/06/1988,7.41
08/06/1988,7.37
15/06/1988,7.43
22/06/1988,7.54
29/06/1988,7.63
06/07/1988,7.81
13/07/1988,7.59
20/07/1988,7.83
27/07/1988,7.8
03/08/1988,7.84
10/08/1988,7.75
17/08/1988,8.19
24/08/1988,8.02
31/08/1988,8.15
07/09/1988,8.15
14/09/1988,8.13
21/09/1988,8.17
28/09/1988,8.24
05/10/1988,8.38
12/10/1988,8.27
19/10/1988,8.27
26/10/1988,8.29
02/11/1988,8.36
09/11/1988,8.31
16/11/1988,8.26
23/11/1988,8.33
30/11/1988,8.44
07/12/1988,8.59
14/12/1988,8.51
21/12/1988,8.87
28/12/1988,8.86
04/01/1989,9.22
11/01/1989,9.08
18/01/1989,9.13
25/01/1989,9.06
01/02/1989,9.16
08/02/1989,9.1
15/02/1989,9.27
22/02/1989,9.39
01/03/1989,9.8
08/03/1989,9.83
15/03/1989,9.83
22/03/1989,9.86
29/03/1989,9.88
05/04/1989,9.71
12/04/1989,9.82
19/04/1989,9.95
26/04/1989,9.86
03/05/1989,9.88
10/05/1989,9.86
17/05/1989,9.75
24/05/1989,9.74
31/05/1989,9.84
07/06/1989,9.68
14/06/1989,9.35
21/06/1989,9.48
28/06/1989,9.58
05/07/1989,9.58
12/07/1989,9.31
19/07/1989,9.24
26/07/1989,9.14
02/08/1989,8.95
09/08/1989,8.98
16/08/1989,9.04
23/08/1989,9.01
30/08/1989,8.96
06/09/1989,8.96
13/09/1989,8.96
20/09/1989,9.05
27/09/1989,9.02
04/10/1989,9.18
11/10/1989,8.93
18/10/1989,8.76
25/10/1989,8.72
01/11/1989,8.8
08/11/1989,8.69
15/11/1989,8.46
22/11/1989,8.46
29/11/1989,8.51
06/12/1989,8.52
13/12/1989,8.47
20/12/1989,8.52
27/12/1989,8.38
03/01/1990,8.32
10/01/1990,8.22
17/01/1990,8.2
24/01/1990,8.23
31/01/1990,8.24
07/02/1990,8.22
14/02/1990,8.21
21/02/1990,8.25
28/02/1990,8.27
07/03/1990,8.28
14/03/1990,8.27
21/03/1990,8.27
28/03/1990,8.26
04/04/1990,8.33
11/04/1990,8.25
18/04/1990,8.27
25/04/1990,8.24
02/05/1990,8.12
09/05/1990,8.2
16/05/1990,8.16
23/05/1990,8.22
30/05/1990,8.19
06/06/1990,8.26
13/06/1990,8.3
20/06/1990,8.28
27/06/1990,8.28
04/07/1990,8.33
11/07/1990,8.28
18/07/1990,8.14
25/07/1990,8.05
01/08/1990,8.03
08/08/1990,8.07
15/08/1990,8.13
22/08/1990,8.3
29/08/1990,8.08
05/09/1990,8.25
12/09/1990,8.12
19/09/1990,8.18
26/09/1990,8.26
03/10/1990,8.23
10/10/1990,8.2
17/10/1990,7.96
24/10/1990,7.99
31/10/1990,8.17
07/11/1990,7.97
14/11/1990,7.94
21/11/1990,7.8
28/11/1990,7.56
05/12/1990,7.6
12/12/1990,7.25
19/12/1990,7.29
26/12/1990,7.16
02/01/1991,7.17
09/01/1991,6.4
16/01/1991,6.77
23/01/1991,6.88
30/01/1991,7.46
06/02/1991,6.32
13/02/1991,6.29
20/02/1991,6.26
27/02/1991,6.31
06/03/1991,6.47
13/03/1991,6.17
20/03/1991,6.1
27/03/1991,6.1
03/04/1991,6
10/04/1991,5.9
17/04/1991,5.69
24/04/1991,5.92
01/05/1991,5.92
08/05/1991,5.79
15/05/1991,5.78
22/05/1991,5.79
29/05/1991,5.72
05/06/1991,5.91
12/06/1991,5.75
19/06/1991,5.78
26/06/1991,5.79
03/07/1991,6.34
10/07/1991,5.79
17/07/1991,5.85
24/07/1991,5.75
31/07/1991,5.79
07/08/1991,5.83
14/08/1991,5.62
21/08/1991,5.68
28/08/1991,5.58
04/09/1991,5.6
11/09/1991,5.56
18/09/1991,5.44
25/09/1991,5.29
02/10/1991,5.33
09/10/1991,5.19
16/10/1991,5.28
23/10/1991,5.24
30/10/1991,5.1
06/11/1991,5.05
13/11/1991,4.74
20/11/1991,4.89
27/11/1991,4.68
04/12/1991,4.79
11/12/1991,4.54
18/12/1991,4.49
25/12/1991,4.22
01/01/1992,4.19
08/01/1992,4.19
15/01/1992,4.01
22/01/1992,3.87
29/01/1992,4.01
05/02/1992,4.17
12/02/1992,3.93
19/02/1992,4.2
26/02/1992,3.96
04/03/1992,4.08
11/03/1992,3.95
18/03/1992,4.04
25/03/1992,3.94
01/04/1992,4.09
08/04/1992,3.98
15/04/1992,3.65
22/04/1992,3.47
29/04/1992,3.65
06/05/1992,3.77
13/05/1992,3.84
20/05/1992,3.89
27/05/1992,3.8
03/06/1992,3.85
10/06/1992,3.69
17/06/1992,3.73
24/06/1992,3.72
01/07/1992,3.87
08/07/1992,3.24
15/07/1992,3.28
22/07/1992,3.22
29/07/1992,3.18
05/08/1992,3.33
12/08/1992,3.24
19/08/1992,3.33
26/08/1992,3.27
02/09/1992,3.33
09/09/1992,3.09
16/09/1992,3.28
23/09/1992,3.07
30/09/1992,3.41
07/10/1992,3.2
14/10/1992,3.2
21/10/1992,3.05
28/10/1992,2.96
04/11/1992,3.07
11/11/1992,2.91
18/11/1992,2.97
25/11/1992,3.1
02/12/1992,3.37
09/12/1992,2.94
16/12/1992,2.93
23/12/1992,2.94
30/12/1992,2.86
06/01/1993,3.03
13/01/1993,2.98
20/01/1993,3.1
27/01/1993,2.94
03/02/1993,3.15
10/02/1993,2.92
17/02/1993,3.06
24/02/1993,2.91
03/03/1993,3.24
10/03/1993,3.02
17/03/1993,3.04
24/03/1993,2.93
31/03/1993,3.18
07/04/1993,3.11
14/04/1993,2.93
21/04/1993,2.91
28/04/1993,2.87
05/05/1993,2.98
12/05/1993,2.9
19/05/1993,3.01
26/05/1993,3.07
02/06/1993,3.09
09/06/1993,2.96
16/06/1993,3.01
23/06/1993,3
30/06/1993,3.13
07/07/1993,3.1
14/07/1993,3.01
21/07/1993,3.09
28/07/1993,3.03
04/08/1993,3.1
11/08/1993,2.98
18/08/1993,3.06
25/08/1993,2.98
01/09/1993,3.08
08/09/1993,2.99
15/09/1993,3.03
22/09/1993,3.12
29/09/1993,3.05
06/10/1993,3.24
13/10/1993,2.91
20/10/1993,2.97
27/10/1993,2.97
03/11/1993,3.04
10/11/1993,2.96
17/11/1993,3.03
24/11/1993,2.98
01/12/1993,3.09
08/12/1993,2.92
15/12/1993,2.94
22/12/1993,2.99
29/12/1993,2.99
05/01/1994,3
12/01/1994,2.98
19/01/1994,3.13
26/01/1994,2.97
02/02/1994,3.17
09/02/1994,3.2
16/02/1994,3.25
23/02/1994,3.25
02/03/1994,3.28
09/03/1994,3.25
16/03/1994,3.19
23/03/1994,3.31
30/03/1994,3.49
06/04/1994,3.69
13/04/1994,3.37
20/04/1994,3.59
27/04/1994,3.59
04/05/1994,3.76
11/05/1994,3.7
18/05/1994,4.02
25/05/1994,4.22
01/06/1994,4.27
08/06/1994,4.13
15/06/1994,4.21
22/06/1994,4.19
29/06/1994,4.19
06/07/1994,4.38
13/07/1994,4.3
20/07/1994,4.3
27/07/1994,4.28
03/08/1994,4.28
10/08/1994,4.26
17/08/1994,4.35
24/08/1994,4.66
31/08/1994,4.72
07/09/1994,4.74
14/09/1994,4.7
21/09/1994,4.73
28/09/1994,4.66
05/10/1994,5.07
12/10/1994,4.62
19/10/1994,4.72
26/10/1994,4.72
02/11/1994,4.77
09/11/1994,4.74
16/11/1994,5.22
23/11/1994,5.53
30/11/1994,5.85
07/12/1994,5.47
14/12/1994,5.48
21/12/1994,5.56
28/12/1994,5.45
04/01/1995,5.4
11/01/1995,5.53
18/01/1995,5.45
25/01/1995,5.42
01/02/1995,5.63
08/02/1995,5.95
15/02/1995,5.93
22/02/1995,5.94
01/03/1995,5.88
08/03/1995,5.93
15/03/1995,5.94
22/03/1995,5.97
29/03/1995,6.06
05/04/1995,6.2
12/04/1995,5.98
19/04/1995,6.07
26/04/1995,5.99
03/05/1995,6.05
10/05/1995,6
17/05/1995,6.02
24/05/1995,5.99
31/05/1995,6.02
07/06/1995,6.03
14/06/1995,6.02
21/06/1995,6
28/06/1995,5.95
05/07/1995,6.21
12/07/1995,5.81
19/07/1995,5.72
26/07/1995,5.75
02/08/1995,5.83
09/08/1995,5.73
16/08/1995,5.74
23/08/1995,5.7
30/08/1995,5.71
06/09/1995,5.77
13/09/1995,5.73
20/09/1995,5.78
27/09/1995,5.8
04/10/1995,6
11/10/1995,5.72
18/10/1995,5.71
25/10/1995,5.76
01/11/1995,5.76
08/11/1995,5.71
15/11/1995,5.74
22/11/1995,5.81
29/11/1995,5.91
06/12/1995,5.75
13/12/1995,5.73
20/12/1995,5.9
27/12/1995,5.48
03/01/1996,5.35
10/01/1996,5.53
17/01/1996,5.61
24/01/1996,5.44
31/01/1996,5.53
07/02/1996,5.21
14/02/1996,5.09
21/02/1996,5.17
28/02/1996,5.31
06/03/1996,5.57
13/03/1996,5.24
20/03/1996,5.36
27/03/1996,5.22
03/04/1996,5.3
10/04/1996,5.08
17/04/1996,5.24
24/04/1996,5.24
01/05/1996,5.3
08/05/1996,5.22
15/05/1996,5.26
22/05/1996,5.22
29/05/1996,5.19
05/06/1996,5.33
12/06/1996,5.24
19/06/1996,5.45
26/06/1996,5.21
03/07/1996,5.53
10/07/1996,5.26
17/07/1996,5.23
24/07/1996,5.25
31/07/1996,5.53
07/08/1996,5.38
14/08/1996,5.1
21/08/1996,5.18
28/08/1996,5.21
04/09/1996,5.39
11/09/1996,5.16
18/09/1996,5.22
25/09/1996,5.34
02/10/1996,5.4
09/10/1996,5.14
16/10/1996,5.22
23/10/1996,5.22
30/10/1996,5.27
06/11/1996,5.32
13/11/1996,5.21
20/11/1996,5.41
27/11/1996,5.3
04/12/1996,5.52
11/12/1996,5.22
18/12/1996,5.38
25/12/1996,5.18
01/01/1997,5.37
08/01/1997,5.28
15/01/1997,5.19
22/01/1997,5.19
29/01/1997,5.18
05/02/1997,5.3
12/02/1997,5.05
19/02/1997,5.22
26/02/1997,5.16
05/03/1997,5.36
12/03/1997,5.19
19/03/1997,5.26
26/03/1997,5.4
02/04/1997,5.86
09/04/1997,5.37
16/04/1997,5.48
23/04/1997,5.48
30/04/1997,5.61
07/05/1997,5.55
14/05/1997,5.49
21/05/1997,5.52
28/05/1997,5.43
04/06/1997,5.54
11/06/1997,5.48
18/06/1997,5.62
25/06/1997,5.42
02/07/1997,5.82
09/07/1997,5.48
16/07/1997,5.44
23/07/1997,5.43
30/07/1997,5.57
06/08/1997,5.62
13/08/1997,5.45
20/08/1997,5.59
27/08/1997,5.56
03/09/1997,5.64
10/09/1997,5.48
17/09/1997,5.58
24/09/1997,5.45
01/10/1997,5.58
08/10/1997,5.46
15/10/1997,5.45
22/10/1997,5.54
29/10/1997,5.5
05/11/1997,5.6
12/11/1997,5.5
19/11/1997,5.51
26/11/1997,5.49
03/12/1997,5.58
10/12/1997,5.4
17/12/1997,5.66
24/12/1997,5.44
31/12/1997,5.45
07/01/1998,5.74
14/01/1998,5.45
21/01/1998,5.53
28/01/1998,5.53
04/02/1998,5.52
11/02/1998,5.43
18/02/1998,5.54
25/02/1998,5.51
04/03/1998,5.6
11/03/1998,5.45
18/03/1998,5.47
25/03/1998,5.43
01/04/1998,5.6
08/04/1998,5.48
15/04/1998,5.47
22/04/1998,5.37
29/04/1998,5.4
06/05/1998,5.35
13/05/1998,5.49
20/05/1998,5.6
27/05/1998,5.45
03/06/1998,5.63
10/06/1998,5.43
17/06/1998,5.58
24/06/1998,5.42
01/07/1998,5.88
08/07/1998,5.47
15/07/1998,5.49
22/07/1998,5.5
29/07/1998,5.54
05/08/1998,5.61
12/08/1998,5.5
19/08/1998,5.59
26/08/1998,5.48
02/09/1998,5.61
09/09/1998,5.47
16/09/1998,5.54
23/09/1998,5.42
30/09/1998,5.58
07/10/1998,5.22
14/10/1998,5.14
21/10/1998,4.87
28/10/1998,4.95
04/11/1998,5.22
11/11/1998,4.8
18/11/1998,4.89
25/11/1998,4.54
02/12/1998,4.86
09/12/1998,4.68
16/12/1998,4.97
23/12/1998,4.69
30/12/1998,4.48
06/01/1999,4.3
13/01/1999,4.75
20/01/1999,4.64
27/01/1999,4.66
03/02/1999,4.75
10/02/1999,4.77
17/02/1999,4.75
24/02/1999,4.75
03/03/1999,4.85
10/03/1999,4.8
17/03/1999,4.79
24/03/1999,4.79
31/03/1999,4.84
07/04/1999,4.8
14/04/1999,4.68
21/04/1999,4.61
28/04/1999,4.79
05/05/1999,4.9
12/05/1999,4.7
19/05/1999,4.76
26/05/1999,4.73
02/06/1999,4.65
09/06/1999,4.71
16/06/1999,4.73
23/06/1999,4.71
30/06/1999,4.95
07/07/1999,5
14/07/1999,4.97
21/07/1999,4.96
28/07/1999,5.01
04/08/1999,5.06
11/08/1999,4.96
18/08/1999,5.03
25/08/1999,5.02
01/09/1999,5.34
08/09/1999,5.16
15/09/1999,5.24
22/09/1999,5.16
29/09/1999,5.27
06/10/1999,5.27
13/10/1999,5.17
20/10/1999,5.18
27/10/1999,5.18
03/11/1999,5.27
10/11/1999,5.2
17/11/1999,5.44
24/11/1999,5.52
01/12/1999,5.63
08/12/1999,5.45
15/12/1999,5.44
22/12/1999,5.46
29/12/1999,5.01
05/01/2000,4.72
12/01/2000,5.62
19/01/2000,5.59
26/01/2000,5.43
02/02/2000,5.66
09/02/2000,5.71
16/02/2000,5.75
23/02/2000,5.72
01/03/2000,5.77
08/03/2000,5.73
15/03/2000,5.79
22/03/2000,5.81
29/03/2000,6.01
05/04/2000,6.12
12/04/2000,5.98
19/04/2000,6.04
26/04/2000,5.97
03/05/2000,6.06
10/05/2000,5.96
17/05/2000,6.16
24/05/2000,6.5
31/05/2000,6.53
07/06/2000,6.49
14/06/2000,6.5
21/06/2000,6.51
28/06/2000,6.53
05/07/2000,6.85
12/07/2000,6.44
19/07/2000,6.5
26/07/2000,6.5
02/08/2000,6.49
09/08/2000,6.45
16/08/2000,6.53
23/08/2000,6.46
30/08/2000,6.54
06/09/2000,6.56
13/09/2000,6.5
20/09/2000,6.5
27/09/2000,6.5
04/10/2000,6.58
11/10/2000,6.47
18/10/2000,6.49
25/10/2000,6.51
01/11/2000,6.55
08/11/2000,6.49
15/11/2000,6.52
22/11/2000,6.51
29/11/2000,6.5
06/12/2000,6.57
13/12/2000,6.47
20/12/2000,6.53
27/12/2000,6.48
03/01/2001,5.88
10/01/2001,5.91
17/01/2001,6.02
24/01/2001,5.96
31/01/2001,5.94
07/02/2001,5.51
14/02/2001,5.47
21/02/2001,5.5
28/02/2001,5.5
07/03/2001,5.49
14/03/2001,5.46
21/03/2001,5.33
28/03/2001,5
04/04/2001,5.21
11/04/2001,4.96
18/04/2001,4.98
25/04/2001,4.42
02/05/2001,4.53
09/05/2001,4.43
16/05/2001,4.37
23/05/2001,3.98
30/05/2001,3.98
06/06/2001,4.08
13/06/2001,4
20/06/2001,3.95
27/06/2001,3.91
04/07/2001,3.89
11/07/2001,3.67
18/07/2001,3.76
25/07/2001,3.81
01/08/2001,3.79
08/08/2001,3.7
15/08/2001,3.75
22/08/2001,3.63
29/08/2001,3.52
05/09/2001,3.63
12/09/2001,3.49
19/09/2001,2.47
26/09/2001,2.99
03/10/2001,2.71
10/10/2001,2.44
17/10/2001,2.44
24/10/2001,2.49
31/10/2001,2.55
07/11/2001,2.36
14/11/2001,2.03
21/11/2001,2.01
28/11/2001,1.95
05/12/2001,2.02
12/12/2001,1.88
19/12/2001,1.84
26/12/2001,1.77
02/01/2002,1.63
09/01/2002,1.64
16/01/2002,1.74
23/01/2002,1.74
30/01/2002,1.78
06/02/2002,1.74
13/02/2002,1.72
20/02/2002,1.75
27/02/2002,1.75
06/03/2002,1.74
13/03/2002,1.71
20/03/2002,1.76
27/03/2002,1.7
03/04/2002,1.77
10/04/2002,1.71
17/04/2002,1.78
24/04/2002,1.7
01/05/2002,1.81
08/05/2002,1.74
15/05/2002,1.75
22/05/2002,1.71
29/05/2002,1.78
05/06/2002,1.78
12/06/2002,1.74
19/06/2002,1.75
26/06/2002,1.75
03/07/2002,1.75
10/07/2002,1.73
17/07/2002,1.74
24/07/2002,1.72
31/07/2002,1.72
07/08/2002,1.74
14/08/2002,1.72
21/08/2002,1.73
28/08/2002,1.76
04/09/2002,1.81
11/09/2002,1.73
18/09/2002,1.73
25/09/2002,1.72
02/10/2002,1.8
09/10/2002,1.73
16/10/2002,1.75
23/10/2002,1.72
30/10/2002,1.79
06/11/2002,1.7
13/11/2002,1.21
20/11/2002,1.28
27/11/2002,1.27
04/12/2002,1.24
11/12/2002,1.23
18/12/2002,1.27
25/12/2002,1.23
01/01/2003,1.2
08/01/2003,1.2
15/01/2003,1.26
22/01/2003,1.23
29/01/2003,1.24
05/02/2003,1.29
12/02/2003,1.22
19/02/2003,1.3
26/02/2003,1.24
05/03/2003,1.29
12/03/2003,1.21
19/03/2003,1.27
26/03/2003,1.22
02/04/2003,1.28
09/04/2003,1.23
16/04/2003,1.27
23/04/2003,1.26
30/04/2003,1.28
07/05/2003,1.26
14/05/2003,1.25
21/05/2003,1.27
28/05/2003,1.24
04/06/2003,1.26
11/06/2003,1.24
18/06/2003,1.25
25/06/2003,1.21
02/07/2003,1.13
09/07/2003,0.96
16/07/2003,1.02
23/07/2003,1.01
30/07/2003,1.04
06/08/2003,0.97
13/08/2003,0.98
20/08/2003,1.18
27/08/2003,1
03/09/2003,1.01
10/09/2003,0.96
17/09/2003,1.02
24/09/2003,1
01/10/2003,1.07
08/10/2003,0.99
15/10/2003,1.03
22/10/2003,1
29/10/2003,1
05/11/2003,1.01
12/11/2003,0.99
19/11/2003,0.99
26/11/2003,0.99
03/12/2003,1
10/12/2003,0.98
17/12/2003,1
24/12/2003,0.99
31/12/2003,0.96
07/01/2004,0.97
14/01/2004,0.99
21/01/2004,1
28/01/2004,1.02
04/02/2004,1.01
11/02/2004,1
18/02/2004,1.01
25/02/2004,1
03/03/2004,1.03
10/03/2004,1
17/03/2004,1
24/03/2004,0.99
31/03/2004,1.01
07/04/2004,1.01
14/04/2004,1.01
21/04/2004,1
28/04/2004,1
05/05/2004,1.02
12/05/2004,0.99
19/05/2004,1.02
26/05/2004,0.99
02/06/2004,1.01
09/06/2004,0.99
16/06/2004,1.01
23/06/2004,1
30/06/2004,1.11
07/07/2004,1.28
14/07/2004,1.25
21/07/2004,1.25
28/07/2004,1.26
04/08/2004,1.27
11/08/2004,1.36
18/08/2004,1.42
25/08/2004,1.51
01/09/2004,1.53
08/09/2004,1.5
15/09/2004,1.49
22/09/2004,1.64
29/09/2004,1.76
06/10/2004,1.82
13/10/2004,1.73
20/10/2004,1.76
27/10/2004,1.74
03/11/2004,1.78
10/11/2004,1.79
17/11/2004,2
24/11/2004,2
01/12/2004,2.02
08/12/2004,2
15/12/2004,2.15
22/12/2004,2.24
29/12/2004,2.27
05/01/2005,2.14
12/01/2005,2.25
19/01/2005,2.28
26/01/2005,2.27
02/02/2005,2.43
09/02/2005,2.5
16/02/2005,2.5
23/02/2005,2.52
02/03/2005,2.51
09/03/2005,2.5
16/03/2005,2.55
23/03/2005,2.71
30/03/2005,2.77
06/04/2005,2.81
13/04/2005,2.76
20/04/2005,2.78
27/04/2005,2.74
04/05/2005,2.96
11/05/2005,2.99
18/05/2005,3.01
25/05/2005,3.01
01/06/2005,3.02
08/06/2005,2.98
15/06/2005,3.02
22/06/2005,2.98
29/06/2005,3.11
06/07/2005,3.29
13/07/2005,3.22
20/07/2005,3.26
27/07/2005,3.26
03/08/2005,3.29
10/08/2005,3.48
17/08/2005,3.54
24/08/2005,3.52
31/08/2005,3.55
07/09/2005,3.51
14/09/2005,3.49
21/09/2005,3.65
28/09/2005,3.77
05/10/2005,3.85
12/10/2005,3.68
19/10/2005,3.76
26/10/2005,3.76
02/11/2005,3.94
09/11/2005,4
16/11/2005,3.98
23/11/2005,4
30/11/2005,4.02
07/12/2005,4
14/12/2005,4.19
21/12/2005,4.24
28/12/2005,4.22
04/01/2006,4.16
11/01/2006,4.23
18/01/2006,4.29
25/01/2006,4.26
01/02/2006,4.44
08/02/2006,4.5
15/02/2006,4.49
22/02/2006,4.49
01/03/2006,4.5
08/03/2006,4.51
15/03/2006,4.51
22/03/2006,4.57
29/03/2006,4.7
05/04/2006,4.88
12/04/2006,4.76
19/04/2006,4.77
26/04/2006,4.74
03/05/2006,4.83
10/05/2006,4.84
17/05/2006,5
24/05/2006,4.98
31/05/2006,5.01
07/06/2006,4.99
14/06/2006,5
21/06/2006,4.95
28/06/2006,5
05/07/2006,5.14
12/07/2006,5.24
19/07/2006,5.25
26/07/2006,5.24
02/08/2006,5.27
09/08/2006,5.25
16/08/2006,5.23
23/08/2006,5.24
30/08/2006,5.25
06/09/2006,5.25
13/09/2006,5.23
20/09/2006,5.24
27/09/2006,5.27
04/10/2006,5.3
11/10/2006,5.23
18/10/2006,5.23
25/10/2006,5.24
01/11/2006,5.25
08/11/2006,5.24
15/11/2006,5.25
22/11/2006,5.24
29/11/2006,5.26
06/12/2006,5.25
13/12/2006,5.24
20/12/2006,5.25
27/12/2006,5.24
03/01/2007,5.22
10/01/2007,5.23
17/01/2007,5.24
24/01/2007,5.25
31/01/2007,5.27
07/02/2007,5.25
14/02/2007,5.26
21/02/2007,5.25
28/02/2007,5.28
07/03/2007,5.25
14/03/2007,5.25
21/03/2007,5.26
28/03/2007,5.26
04/04/2007,5.26
11/04/2007,5.28
18/04/2007,5.24
25/04/2007,5.23
02/05/2007,5.25
09/05/2007,5.23
16/05/2007,5.27
23/05/2007,5.24
30/05/2007,5.28
06/06/2007,5.24
13/06/2007,5.26
20/06/2007,5.25
27/06/2007,5.25
04/07/2007,5.28
11/07/2007,5.23
18/07/2007,5.27
25/07/2007,5.26
01/08/2007,5.27
08/08/2007,5.25
15/08/2007,4.79
22/08/2007,4.91
29/08/2007,5.11
05/09/2007,5.03
12/09/2007,4.98
19/09/2007,5.12
26/09/2007,4.78
03/10/2007,4.72
10/10/2007,4.75
17/10/2007,4.74
24/10/2007,4.73
31/10/2007,4.78
07/11/2007,4.33
14/11/2007,4.54
21/11/2007,4.51
28/11/2007,4.53
05/12/2007,4.55
12/12/2007,4.39
19/12/2007,4.21
26/12/2007,4.21
02/01/2008,3.77
09/01/2008,4.23
16/01/2008,4.24
23/01/2008,4
30/01/2008,3.5
06/02/2008,3.01
13/02/2008,3
20/02/2008,2.98
27/02/2008,2.96
05/03/2008,3
12/03/2008,2.97
19/03/2008,2.7
26/03/2008,2.18
02/04/2008,2.23
09/04/2008,2.23
16/04/2008,2.34
23/04/2008,2.25
30/04/2008,2.28
07/05/2008,1.94
14/05/2008,1.96
21/05/2008,1.96
28/05/2008,2.05
04/06/2008,1.99
11/06/2008,1.99
18/06/2008,1.98
25/06/2008,1.97
02/07/2008,2.08
09/07/2008,1.95
16/07/2008,2.01
23/07/2008,1.99
30/07/2008,2.08
06/08/2008,2.02
13/08/2008,1.99
20/08/2008,2.02
27/08/2008,1.99
03/09/2008,1.96
10/09/2008,1.99
17/09/2008,2.25
24/09/2008,1.54
01/10/2008,1.32
08/10/2008,1.59
15/10/2008,0.96
22/10/2008,0.69
29/10/2008,0.82
05/11/2008,0.24
12/11/2008,0.28
19/11/2008,0.36
26/11/2008,0.56
03/12/2008,0.49
10/12/2008,0.13
17/12/2008,0.15
24/12/2008,0.11
31/12/2008,0.1
07/01/2009,0.1
14/01/2009,0.1
21/01/2009,0.2
28/01/2009,0.19
04/02/2009,0.23
11/02/2009,0.23
18/02/2009,0.23
25/02/2009,0.2
04/03/2009,0.22
11/03/2009,0.2
18/03/2009,0.17
25/03/2009,0.17
01/04/2009,0.16
08/04/2009,0.14
15/04/2009,0.15
22/04/2009,0.14
29/04/2009,0.17
06/05/2009,0.21
13/05/2009,0.17
20/05/2009,0.16
27/05/2009,0.17
03/06/2009,0.19
10/06/2009,0.2
17/06/2009,0.19
24/06/2009,0.24
01/07/2009,0.19
08/07/2009,0.17
15/07/2009,0.14
22/07/2009,0.15
29/07/2009,0.15
05/08/2009,0.18
12/08/2009,0.17
19/08/2009,0.16
26/08/2009,0.16
02/09/2009,0.15
09/09/2009,0.15
16/09/2009,0.16
23/09/2009,0.16
30/09/2009,0.12
07/10/2009,0.13
14/10/2009,0.12
21/10/2009,0.12
28/10/2009,0.11
04/11/2009,0.12
11/11/2009,0.12
18/11/2009,0.12
25/11/2009,0.11
02/12/2009,0.12
09/12/2009,0.12
16/12/2009,0.12
23/12/2009,0.12
30/12/2009,0.11
06/01/2010,0.08
13/01/2010,0.11
20/01/2010,0.12
27/01/2010,0.12
03/02/2010,0.13
10/02/2010,0.13
17/02/2010,0.12
24/02/2010,0.12
03/03/2010,0.13
10/03/2010,0.16
17/03/2010,0.18
24/03/2010,0.18
31/03/2010,0.16
07/04/2010,0.19
14/04/2010,0.19
21/04/2010,0.21
28/04/2010,0.2
05/05/2010,0.2
12/05/2010,0.2
19/05/2010,0.2
26/05/2010,0.2
02/06/2010,0.19
09/06/2010,0.19
16/06/2010,0.18
23/06/2010,0.18
30/06/2010,0.15
07/07/2010,0.18
14/07/2010,0.17
21/07/2010,0.19
28/07/2010,0.19
04/08/2010,0.19
11/08/2010,0.18
18/08/2010,0.19
25/08/2010,0.19
01/09/2010,0.19
08/09/2010,0.19
15/09/2010,0.19
22/09/2010,0.21
29/09/2010,0.2
06/10/2010,0.19
13/10/2010,0.18
20/10/2010,0.19
27/10/2010,0.19
03/11/2010,0.2
10/11/2010,0.18
17/11/2010,0.19
24/11/2010,0.2
01/12/2010,0.2
08/12/2010,0.18
15/12/2010,0.17
22/12/2010,0.2
29/12/2010,0.19
05/01/2011,0.16
12/01/2011,0.17
19/01/2011,0.17
26/01/2011,0.17
02/02/2011,0.17
09/02/2011,0.17
16/02/2011,0.15
23/02/2011,0.15
02/03/2011,0.15
09/03/2011,0.15
16/03/2011,0.14
23/03/2011,0.14
30/03/2011,0.13
06/04/2011,0.1
13/04/2011,0.09
20/04/2011,0.11
27/04/2011,0.1
04/05/2011,0.09
11/05/2011,0.09
18/05/2011,0.09
25/05/2011,0.1
01/06/2011,0.1
08/06/2011,0.1
15/06/2011,0.09
22/06/2011,0.1
29/06/2011,0.08
06/07/2011,0.08
13/07/2011,0.07
20/07/2011,0.06
27/07/2011,0.06
03/08/2011,0.12
10/08/2011,0.09
17/08/2011,0.1
24/08/2011,0.09
31/08/2011,0.09
07/09/2011,0.08
14/09/2011,0.09
21/09/2011,0.09
28/09/2011,0.08
05/10/2011,0.07
12/10/2011,0.07
19/10/2011,0.07
26/10/2011,0.07
02/11/2011,0.08
09/11/2011,0.08
16/11/2011,0.08
23/11/2011,0.08
30/11/2011,0.08
07/12/2011,0.08
14/12/2011,0.07
21/12/2011,0.07
28/12/2011,0.08
04/01/2012,0.05
11/01/2012,0.07
18/01/2012,0.09
25/01/2012,0.09
01/02/2012,0.09
08/02/2012,0.11
15/02/2012,0.12
22/02/2012,0.09
29/02/2012,0.09
07/03/2012,0.11
14/03/2012,0.12
21/03/2012,0.15
28/03/2012,0.14
04/04/2012,0.12
11/04/2012,0.14
18/04/2012,0.15
25/04/2012,0.13
02/05/2012,0.14
09/05/2012,0.16
16/05/2012,0.15
23/05/2012,0.16
30/05/2012,0.15
06/06/2012,0.16
13/06/2012,0.17
20/06/2012,0.17
27/06/2012,0.17
04/07/2012,0.13
11/07/2012,0.17
18/07/2012,0.18
25/07/2012,0.14
01/08/2012,0.14
08/08/2012,0.14
15/08/2012,0.13
22/08/2012,0.13
29/08/2012,0.13
05/09/2012,0.14
12/09/2012,0.15
19/09/2012,0.16
26/09/2012,0.15
03/10/2012,0.13
10/10/2012,0.15
17/10/2012,0.16
24/10/2012,0.16
31/10/2012,0.17
07/11/2012,0.16
14/11/2012,0.16
21/11/2012,0.16
28/11/2012,0.16
05/12/2012,0.16
12/12/2012,0.16
19/12/2012,0.17
26/12/2012,0.17
02/01/2013,0.15
09/01/2013,0.16
16/01/2013,0.14
23/01/2013,0.14
30/01/2013,0.14
06/02/2013,0.14
13/02/2013,0.14
20/02/2013,0.15
27/02/2013,0.15
06/03/2013,0.15
13/03/2013,0.15
20/03/2013,0.16
27/03/2013,0.15
03/04/2013,0.12
10/04/2013,0.15
17/04/2013,0.15
24/04/2013,0.15
01/05/2013,0.13
08/05/2013,0.14
15/05/2013,0.12
22/05/2013,0.1
29/05/2013,0.09
05/06/2013,0.09
12/06/2013,0.09
19/06/2013,0.1
26/06/2013,0.1
03/07/2013,0.09
10/07/2013,0.1
17/07/2013,0.09
24/07/2013,0.09
31/07/2013,0.09
07/08/2013,0.09
14/08/2013,0.08
21/08/2013,0.09
28/08/2013,0.08
04/09/2013,0.08
11/09/2013,0.08
18/09/2013,0.08
25/09/2013,0.08
02/10/2013,0.08
09/10/2013,0.08
16/10/2013,0.1
23/10/2013,0.09
30/10/2013,0.08
06/11/2013,0.08
13/11/2013,0.08
20/11/2013,0.09
27/11/2013,0.09
04/12/2013,0.08
11/12/2013,0.09
18/12/2013,0.09
25/12/2013,0.09
01/01/2014,0.08
08/01/2014,0.08
15/01/2014,0.07
22/01/2014,0.07
29/01/2014,0.07
05/02/2014,0.07
12/02/2014,0.06
19/02/2014,0.06
26/02/2014,0.07
05/03/2014,0.07
12/03/2014,0.08
19/03/2014,0.08
26/03/2014,0.08
02/04/2014,0.08
09/04/2014,0.08
16/04/2014,0.09
23/04/2014,0.1
30/04/2014,0.09
07/05/2014,0.09
14/05/2014,0.08
21/05/2014,0.09
28/05/2014,0.09
04/06/2014,0.09
11/06/2014,0.09
18/06/2014,0.1
25/06/2014,0.1
02/07/2014,0.1
09/07/2014,0.09
16/07/2014,0.09
23/07/2014,0.09
30/07/2014,0.09
06/08/2014,0.09
13/08/2014,0.09
20/08/2014,0.09
27/08/2014,0.09
03/09/2014,0.08
10/09/2014,0.09
17/09/2014,0.09
24/09/2014,0.09
01/10/2014,0.09
08/10/2014,0.09
15/10/2014,0.09
22/10/2014,0.09
29/10/2014,0.09
05/11/2014,0.08
12/11/2014,0.09
19/11/2014,0.1
26/11/2014,0.1
03/12/2014,0.1
10/12/2014,0.12
17/12/2014,0.12
24/12/2014,0.13
31/12/2014,0.12
07/01/2015,0.11
14/01/2015,0.12
21/01/2015,0.13
28/01/2015,0.12
04/02/2015,0.09
11/02/2015,0.12
18/02/2015,0.12
25/02/2015,0.12
04/03/2015,0.09
11/03/2015,0.12
18/03/2015,0.11
25/03/2015,0.12
01/04/2015,0.11
08/04/2015,0.12
15/04/2015,0.12
22/04/2015,0.13
29/04/2015,0.13
06/05/2015,0.12
13/05/2015,0.13
20/05/2015,0.13
27/05/2015,0.13
03/06/2015,0.1
10/06/2015,0.13
17/06/2015,0.13
24/06/2015,0.13
01/07/2015,0.12
08/07/2015,0.13
15/07/2015,0.13
22/07/2015,0.13
29/07/2015,0.13
05/08/2015,0.11
12/08/2015,0.14
19/08/2015,0.15
26/08/2015,0.15
02/09/2015,0.13
09/09/2015,0.14
16/09/2015,0.14
23/09/2015,0.14
30/09/2015,0.12
07/10/2015,0.13
14/10/2015,0.13
21/10/2015,0.13
28/10/2015,0.12
04/11/2015,0.1
11/11/2015,0.12
18/11/2015,0.12
25/11/2015,0.12
02/12/2015,0.12
09/12/2015,0.13
16/12/2015,0.14
23/12/2015,0.37
30/12/2015,0.36
06/01/2016,0.27
13/01/2016,0.36
20/01/2016,0.36
27/01/2016,0.38
03/02/2016,0.34
10/02/2016,0.38
17/02/2016,0.38
24/02/2016,0.38
02/03/2016,0.36
09/03/2016,0.36
16/03/2016,0.36
23/03/2016,0.37
30/03/2016,0.37
06/04/2016,0.35
13/04/2016,0.37
20/04/2016,0.37
27/04/2016,0.37
04/05/2016,0.34
11/05/2016,0.37
18/05/2016,0.37
25/05/2016,0.37
01/06/2016,0.36
08/06/2016,0.37
15/06/2016,0.37
22/06/2016,0.38
29/06/2016,0.4
06/07/2016,0.39
13/07/2016,0.4
20/07/2016,0.4
27/07/2016,0.4
03/08/2016,0.36
10/08/2016,0.4
17/08/2016,0.4
24/08/2016,0.4
31/08/2016,0.39
07/09/2016,0.4
14/09/2016,0.4
21/09/2016,0.4
28/09/2016,0.4
05/10/2016,0.35
12/10/2016,0.4
19/10/2016,0.41
26/10/2016,0.41
02/11/2016,0.4
09/11/2016,0.41
16/11/2016,0.41
23/11/2016,0.41
30/11/2016,0.4
07/12/2016,0.41
14/12/2016,0.41
21/12/2016,0.66
28/12/2016,0.66
04/01/2017,0.6
11/01/2017,0.66
18/01/2017,0.66
25/01/2017,0.66
01/02/2017,0.65
08/02/2017,0.66
15/02/2017,0.66
22/02/2017,0.66
01/03/2017,0.65
08/03/2017,0.66
15/03/2017,0.66
22/03/2017,0.91
29/03/2017,0.91
05/04/2017,0.87
12/04/2017,0.91
19/04/2017,0.91
26/04/2017,0.91
03/05/2017,0.88
10/05/2017,0.91
17/05/2017,0.91
24/05/2017,0.91
31/05/2017,0.9
07/06/2017,0.91
14/06/2017,0.91
21/06/2017,1.16
28/06/2017,1.16
05/07/2017,1.12
12/07/2017,1.16
19/07/2017,1.16
26/07/2017,1.16
02/08/2017,1.15
09/08/2017,1.16
16/08/2017,1.16
23/08/2017,1.16
30/08/2017,1.16
06/09/2017,1.15
13/09/2017,1.16
20/09/2017,1.16
27/09/2017,1.16
04/10/2017,1.12
11/10/2017,1.16
18/10/2017,1.16
25/10/2017,1.16
01/11/2017,1.15
08/11/2017,1.16
15/11/2017,1.16
22/11/2017,1.16
29/11/2017,1.16
06/12/2017,1.15
13/12/2017,1.16
20/12/2017,1.41
27/12/2017,1.42
03/01/2018,1.37
10/01/2018,1.42
17/01/2018,1.42
24/01/2018,1.42
31/01/2018,1.41
07/02/2018,1.42
14/02/2018,1.42
21/02/2018,1.42
28/02/2018,1.41
07/03/2018,1.42
14/03/2018,1.42
21/03/2018,1.43
28/03/2018,1.68
04/04/2018,1.68
11/04/2018,1.69
18/04/2018,1.69
25/04/2018,1.7
02/05/2018,1.7
09/05/2018,1.7
16/05/2018,1.7
23/05/2018,1.7
30/05/2018,1.7
06/06/2018,1.7
13/06/2018,1.7
20/06/2018,1.9
27/06/2018,1.92
04/07/2018,1.91
11/07/2018,1.91
18/07/2018,1.91
25/07/2018,1.91
01/08/2018,1.91
08/08/2018,1.91
15/08/2018,1.91
22/08/2018,1.92
29/08/2018,1.92
05/09/2018,1.91
12/09/2018,1.92
19/09/2018,1.92
26/09/2018,1.92
03/10/2018,2.18
10/10/2018,2.18
17/10/2018,2.18
24/10/2018,2.19
31/10/2018,2.2
07/11/2018,2.2
14/11/2018,2.19
21/11/2018,2.2
28/11/2018,2.2
05/12/2018,2.2
12/12/2018,2.19
19/12/2018,2.19
26/12/2018,2.4
02/01/2019,2.4
09/01/2019,2.4
16/01/2019,2.4
23/01/2019,2.4
30/01/2019,2.4
06/02/2019,2.4
13/02/2019,2.4
20/02/2019,2.4
27/02/2019,2.4
06/03/2019,2.4
13/03/2019,2.4
20/03/2019,2.4
27/03/2019,2.41
03/04/2019,2.42
10/04/2019,2.41
17/04/2019,2.41
24/04/2019,2.44
01/05/2019,2.44
08/05/2019,2.4
15/05/2019,2.38
22/05/2019,2.39
29/05/2019,2.38
05/06/2019,2.39
12/06/2019,2.37
19/06/2019,2.37
26/06/2019,2.38
03/07/2019,2.4
10/07/2019,2.41
17/07/2019,2.39
24/07/2019,2.41
31/07/2019,2.4
07/08/2019,2.13
14/08/2019,2.12
21/08/2019,2.13
28/08/2019,2.12
04/09/2019,2.13
11/09/2019,2.13
18/09/2019,2.19
25/09/2019,1.9
02/10/2019,1.85
09/10/2019,1.82
16/10/2019,1.84
23/10/2019,1.85
30/10/2019,1.83
06/11/2019,1.57
13/11/2019,1.55
20/11/2019,1.55
27/11/2019,1.55
04/12/2019,1.56
11/12/2019,1.55
18/12/2019,1.55
25/12/2019,1.55
01/01/2020,1.55
08/01/2020,1.55
15/01/2020,1.54
22/01/2020,1.55
29/01/2020,1.55
05/02/2020,1.59
12/02/2020,1.58
19/02/2020,1.58
26/02/2020,1.58
04/03/2020,1.51
11/03/2020,1.09
18/03/2020,0.74
25/03/2020,0.15
01/04/2020,0.09
08/04/2020,0.05
15/04/2020,0.05
22/04/2020,0.05
29/04/2020,0.04
06/05/2020,0.05
13/05/2020,0.05
20/05/2020,0.05
27/05/2020,0.05
03/06/2020,0.05
10/06/2020,0.07
17/06/2020,0.08
24/06/2020,0.09
01/07/2020,0.08
08/07/2020,0.09
15/07/2020,0.09
22/07/2020,0.09
29/07/2020,0.09
05/08/2020,0.1
12/08/2020,0.1
19/08/2020,0.1
26/08/2020,0.09
02/09/2020,0.09
09/09/2020,0.09
16/09/2020,0.09
23/09/2020,0.09
30/09/2020,0.09
07/10/2020,0.09
14/10/2020,0.09
21/10/2020,0.09
28/10/2020,0.09
04/11/2020,0.09
11/11/2020,0.09
18/11/2020,0.09
25/11/2020,0.08
02/12/2020,0.08
09/12/2020,0.09
16/12/2020,0.09
23/12/2020,0.09
30/12/2020,0.09
06/01/2021,0.09
13/01/2021,0.09
20/01/2021,0.09
27/01/2021,0.08
03/02/2021,0.07
10/02/2021,0.08
17/02/2021,0.08
24/02/2021,0.07
03/03/2021,0.07
10/03/2021,0.07
17/03/2021,0.07
24/03/2021,0.07
31/03/2021,0.07
07/04/2021,0.07
14/04/2021,0.07
21/04/2021,0.07
28/04/2021,0.07
05/05/2021,0.06
12/05/2021,0.06
19/05/2021,0.06
26/05/2021,0.06
02/06/2021,0.05
09/06/2021,0.06
16/06/2021,0.06
23/06/2021,0.1
30/06/2021,0.1
07/07/2021,0.1
14/07/2021,0.1
21/07/2021,0.1
28/07/2021,0.1
04/08/2021,0.09
11/08/2021,0.1
18/08/2021,0.1
25/08/2021,0.09
01/09/2021,0.08
08/09/2021,0.08
15/09/2021,0.08
22/09/2021,0.08
29/09/2021,0.08
06/10/2021,0.08
13/10/2021,0.08
20/10/2021,0.08
27/10/2021,0.08
03/11/2021,0.08
10/11/2021,0.08
17/11/2021,0.08
24/11/2021,0.08
01/12/2021,0.08
08/12/2021,0.08
15/12/2021,0.08
22/12/2021,0.08
29/12/2021,0.08
05/01/2022,0.08
12/01/2022,0.08
19/01/2022,0.08
26/01/2022,0.08
02/02/2022,0.08
09/02/2022,0.08
16/02/2022,0.08
23/02/2022,0.08
02/03/2022,0.08
09/03/2022,0.08
16/03/2022,0.08
23/03/2022,0.33
30/03/2022,0.33
06/04/2022,0.33
13/04/2022,0.33
20/04/2022,0.33
27/04/2022,0.33
04/05/2022,0.33
11/05/2022,0.83
18/05/2022,0.83
25/05/2022,0.83
01/06/2022,0.83
08/06/2022,0.83
15/06/2022,0.83
22/06/2022,1.58
29/06/2022,1.58
06/07/2022,1.58
13/07/2022,1.58
20/07/2022,1.58
27/07/2022,1.58
03/08/2022,2.33
10/08/2022,2.33
17/08/2022,2.33
24/08/2022,2.33
31/08/2022,2.33
07/09/2022,2.33
14/09/2022,2.33
21/09/2022,2.33
28/09/2022,3.08
05/10/2022,3.08
12/10/2022,3.08
19/10/2022,3.08
26/10/2022,3.08
02/11/2022,3.08
09/11/2022,3.83
16/11/2022,3.83
23/11/2022,3.83
30/11/2022,3.83
07/12/2022,3.83
14/12/2022,3.83
21/12/2022,4.33
