date,US10Y Percent Change
07/01/1980,1.70345
14/01/1980,0.09908
21/01/1980,1.41403
28/01/1980,2.11935
04/02/1980,2.29383
11/02/1980,5.30343
18/02/1980,1.48724
25/02/1980,8.6428
03/03/1980,0.45984
10/03/1980,-1.49527
17/03/1980,-2.98947
24/03/1980,1.05381
31/03/1980,1.84863
07/04/1980,-3.09882
14/04/1980,-4.35862
21/04/1980,-7.01373
28/04/1980,-2.34023
05/05/1980,-3.37327
12/05/1980,-3.58642
19/05/1980,1.85991
26/05/1980,-2.26787
02/06/1980,1.0882
09/06/1980,-2.10381
16/06/1980,-3.51476
23/06/1980,-0.6453
30/06/1980,3.64551
07/07/1980,2.41055
14/07/1980,0.76487
21/07/1980,-0.52889
28/07/1980,1.12249
04/08/1980,3.58325
11/08/1980,1.72965
18/08/1980,1.20126
25/08/1980,2.79401
01/09/1980,3.32652
08/09/1980,-3.61487
15/09/1980,1.03461
22/09/1980,1.76554
29/09/1980,3.19223
06/10/1980,-2.11836
13/10/1980,-1.7305
20/10/1980,0.31025
27/10/1980,3.27583
03/11/1980,4.94348
10/11/1980,2.67283
17/11/1980,-0.76336
24/11/1980,-0.1499
01/12/1980,0.80199
08/12/1980,1.1797
15/12/1980,2.696
22/12/1980,-2.24804
29/12/1980,-5.03936
05/01/1981,0.34539
12/01/1981,0.19842
19/01/1981,1.60039
26/01/1981,1.3206
02/02/1981,0.25126
09/02/1981,1.95802
16/02/1981,3.29288
23/02/1981,-2.11701
02/03/1981,1.83863
09/03/1981,-0.62668
16/03/1981,-2.49249
23/03/1981,-1.70927
30/03/1981,4.07332
06/04/1981,0.34623
13/04/1981,1.62016
20/04/1981,1.12194
27/04/1981,0.89051
04/05/1981,2.17045
11/05/1981,2.18099
18/05/1981,-1.51074
25/05/1981,-1.80833
01/06/1981,-2.68721
08/06/1981,-0.50074
15/06/1981,-1.65779
22/06/1981,0.51174
29/06/1981,2.26116
06/07/1981,1.88168
13/07/1981,0.89831
20/07/1981,1.15385
27/07/1981,2.30953
03/08/1981,1.1287
10/08/1981,0.9936
17/08/1981,-1.469
24/08/1981,2.22952
31/08/1981,2.59566
07/09/1981,0.74335
14/09/1981,-0.75081
21/09/1981,-2.3999
28/09/1981,2.76627
05/10/1981,1.36541
12/10/1981,-3.9288
19/10/1981,-0.5575
26/10/1981,3.00792
02/11/1981,-1.91631
09/11/1981,-7.46279
16/11/1981,-5.13465
23/11/1981,-0.3785
30/11/1981,-0.91185
07/12/1981,2.69939
14/12/1981,2.15054
21/12/1981,-0.39474
28/12/1981,3.075
04/01/1982,0.4984
11/01/1982,3.36521
18/01/1982,1.05552
25/01/1982,-0.24417
01/02/1982,-2.01251
08/02/1982,1.92895
15/02/1982,0.90765
22/02/1982,-3.63841
01/03/1982,-2.56231
08/03/1982,-1.85371
15/03/1982,1.46413
22/03/1982,-0.01443
29/03/1982,0.59172
05/04/1982,1.47776
12/04/1982,-0.73166
19/04/1982,-1.64145
26/04/1982,-0.79641
03/05/1982,0.94877
10/05/1982,-1.417
17/05/1982,-0.67468
24/05/1982,0.2215
31/05/1982,0.79932
07/06/1982,1.75041
14/06/1982,0.74702
21/06/1982,2.95166
28/06/1982,1.93906
05/07/1982,-1.57948
12/07/1982,-1.90164
19/07/1982,-2.25162
26/07/1982,-1.94356
02/08/1982,0.93966
09/08/1982,-0.45091
16/08/1982,-1.75336
23/08/1982,-7.1981
30/08/1982,0.81731
06/09/1982,0.61993
13/09/1982,-0.58452
20/09/1982,-0.30192
27/09/1982,-3.9847
04/10/1982,-2.70584
11/10/1982,-4.17591
18/10/1982,-5.88026
25/10/1982,1.89179
01/11/1982,-0.09283
08/11/1982,-2.64356
15/11/1982,0.73968
22/11/1982,-0.38844
29/11/1982,0.84173
06/12/1982,0.24051
13/12/1982,-0.35755
20/12/1982,-0.11331
27/12/1982,-0.78465
03/01/1983,-0.84802
10/01/1983,-0.34595
17/01/1983,-0.69431
24/01/1983,1.86444
31/01/1983,1.98284
07/02/1983,1.96298
14/02/1983,-0.22002
21/02/1983,-1.32304
28/02/1983,-3.44507
07/03/1983,-0.8486
14/03/1983,2.35363
21/03/1983,0.20905
28/03/1983,0.66376
04/04/1983,-0.12717
11/04/1983,-1.13652
18/04/1983,-1.31654
25/04/1983,0.59938
02/05/1983,-1.01864
09/05/1983,-1.12621
16/05/1983,0.47133
23/05/1983,2.50195
30/05/1983,1.04405
06/06/1983,1.79759
13/06/1983,0.64887
20/06/1983,-1.25253
27/06/1983,1.93994
04/07/1983,0.45746
11/07/1983,2.49545
18/07/1983,1.51057
25/07/1983,-0.56022
01/08/1983,2.5
08/08/1983,3.33219
15/08/1983,-0.16622
22/08/1983,-2.8971
29/08/1983,-0.13717
05/09/1983,2.7215
12/09/1983,-2.03092
19/09/1983,-0.10237
26/09/1983,-1.43467
03/10/1983,-0.62381
10/10/1983,-0.93723
17/10/1983,1.84378
24/10/1983,-0.55306
31/10/1983,1.6684
07/11/1983,0.5812
14/11/1983,-0.20961
21/11/1983,-0.38603
28/11/1983,-0.96598
05/12/1983,0.76823
12/12/1983,1.4391
19/12/1983,0.70934
26/12/1983,-0.9517
02/01/1984,-0.16931
09/01/1984,-0.12296
16/01/1984,-0.89998
23/01/1984,-0.53119
30/01/1984,0.24117
06/02/1984,0.03437
13/02/1984,0.9062
20/02/1984,0.89381
27/02/1984,1.12634
05/03/1984,0.55064
12/03/1984,1.34418
19/03/1984,0.99885
26/03/1984,1.03761
02/04/1984,0.09628
09/04/1984,0.91375
16/04/1984,-0.556
23/04/1984,1.51757
30/04/1984,0.26751
07/05/1984,1.64783
14/05/1984,2.80994
21/05/1984,1.08124
28/05/1984,1.26653
04/06/1984,0.99395
11/06/1984,-1.96107
18/06/1984,-0.94829
25/06/1984,2.07928
02/07/1984,1.20164
09/07/1984,-0.81089
16/07/1984,-2.0146
23/07/1984,-0.70024
30/07/1984,-2.08552
06/08/1984,-2.23721
13/08/1984,-0.65831
20/08/1984,0.18933
27/08/1984,-0.11024
03/09/1984,1.03658
10/09/1984,-0.24576
17/09/1984,-2.47145
24/09/1984,-0.80192
01/10/1984,0.79224
08/10/1984,0.23661
15/10/1984,-1.34027
22/10/1984,-1.83293
29/10/1984,-2.03239
05/11/1984,-1.3999
12/11/1984,0.46756
19/11/1984,-0.19296
26/11/1984,-3.10474
03/12/1984,0.73944
10/12/1984,1.38064
17/12/1984,-0.25858
24/12/1984,-2.09125
31/12/1984,1.30185
07/01/1985,1.26334
14/01/1985,-0.89912
21/01/1985,-0.43844
28/01/1985,-2.75125
04/02/1985,0.43042
11/02/1985,1.60714
18/02/1985,-0.23433
25/02/1985,2.2431
04/03/1985,2.18815
11/03/1985,-0.26977
18/03/1985,0.67625
25/03/1985,-0.15113
01/04/1985,-1.32862
08/04/1985,0.02983
15/04/1985,-2.09159
22/04/1985,-2.61051
29/04/1985,1.3045
06/05/1985,-0.56447
13/05/1985,-1.17084
20/05/1985,-3.12332
27/05/1985,-1.72781
03/06/1985,-2.69149
10/06/1985,-2.88704
17/06/1985,0.55866
24/06/1985,0.93254
01/07/1985,1.9658
08/07/1985,-2.61712
15/07/1985,0.54937
22/07/1985,1.14196
29/07/1985,2.70586
05/08/1985,0.53071
12/08/1985,-1.24434
19/08/1985,-1.3173
26/08/1985,-1.83788
02/09/1985,0.21679
09/09/1985,1.59292
16/09/1985,1.20015
23/09/1985,-0.49732
30/09/1985,-1.16782
07/10/1985,0.53975
14/10/1985,0.16444
21/10/1985,-1.2844
28/10/1985,-0.41088
04/11/1985,-1.66994
11/11/1985,-1.07393
18/11/1985,-1.03509
25/11/1985,-1.28571
02/12/1985,-0.24809
09/12/1985,-0.37306
16/12/1985,-3.89016
23/12/1985,-1.79654
30/12/1985,-0.51245
06/01/1986,0.13847
13/01/1986,2.25664
20/01/1986,0.82215
27/01/1986,-1.09442
03/02/1986,-1.62725
10/02/1986,-0.5955
17/02/1986,-1.9026
24/02/1986,-3.01385
03/03/1986,-4.31437
10/03/1986,-2.97343
17/03/1986,-2.9892
24/03/1986,0.80269
31/03/1986,-2.96686
07/04/1986,-2.07809
14/04/1986,-1.8924
21/04/1986,-2.56269
28/04/1986,5.14706
05/05/1986,-0.0269
12/05/1986,0.72639
19/05/1986,4.30021
26/05/1986,0.83227
02/06/1986,1.13016
09/06/1986,2.888
16/06/1986,-3.78326
23/06/1986,-3.50076
30/06/1986,-2.62881
07/07/1986,-0.91793
14/07/1986,-0.24523
21/07/1986,-2.10325
28/07/1986,2.39955
04/08/1986,0.35422
11/08/1986,0.08146
18/08/1986,-2.82149
25/08/1986,-1.98213
01/09/1986,-0.2421
08/09/1986,3.01213
15/09/1986,3.74169
22/09/1986,1.25568
29/09/1986,-0.94987
06/10/1986,-1.70485
13/10/1986,-0.81301
20/10/1986,3.1694
27/10/1986,-1.00636
03/11/1986,-1.55163
10/11/1986,-0.40761
17/11/1986,-0.44338
24/11/1986,-1.52792
01/12/1986,-0.3966
08/12/1986,-1.16661
15/12/1986,0.42409
22/12/1986,0.08446
29/12/1986,-0.14065
05/01/1987,1.12676
12/01/1987,-1.8663
19/01/1987,0.48254
26/01/1987,-0.33898
02/02/1987,1.55896
09/02/1987,0.80938
16/02/1987,1.36351
23/02/1987,-0.77159
02/03/1987,-1.01844
09/03/1987,0.02781
16/03/1987,0.33361
23/03/1987,0
30/03/1987,1.52397
06/04/1987,3.22052
13/04/1987,3.27869
20/04/1987,4.35868
27/04/1987,2.20178
04/05/1987,0.21603
11/05/1987,1.77246
18/05/1987,1.67098
25/05/1987,2.60417
01/06/1987,-3.77891
08/06/1987,0.75029
15/06/1987,-1.69886
22/06/1987,-2.2017
29/06/1987,0.45994
06/07/1987,0.39157
13/07/1987,0.018
20/07/1987,0.64795
27/07/1987,1.97902
03/08/1987,1.26257
10/08/1987,0.8774
17/08/1987,-1.07576
24/08/1987,1.31883
31/08/1987,1.53003
07/09/1987,3.80117
14/09/1987,1.9935
21/09/1987,0.4249
28/09/1987,0.12693
05/10/1987,1.88041
12/10/1987,1.69535
19/10/1987,3.16594
26/10/1987,-10.16011
02/11/1987,-1.69417
09/11/1987,-1.47717
16/11/1987,0.09655
23/11/1987,0.15319
30/11/1987,1.88647
07/12/1987,0.01668
14/12/1987,2.02357
21/12/1987,-2.1578
28/12/1987,-1.06371
04/01/1988,-0.67549
11/01/1988,0.47039
18/01/1988,-0.5528
25/01/1988,-3.05162
01/02/1988,-2.24667
08/02/1988,-1.98707
15/02/1988,-0.12824
22/02/1988,1.2779
29/02/1988,-1.18329
07/03/1988,0.14663
14/03/1988,1.46413
21/03/1988,0.6253
28/03/1988,1.55354
04/04/1988,1.14145
11/04/1988,0.0349
18/04/1988,0.8374
25/04/1988,1.54556
02/05/1988,0.56792
09/05/1988,1.08426
16/05/1988,0.93855
23/05/1988,1.70467
30/05/1988,0.32107
06/06/1988,-1.83889
13/06/1988,-1.12732
20/06/1988,-0.89425
27/06/1988,0.60907
04/07/1988,-0.95291
11/07/1988,1.279
18/07/1988,1.81046
25/07/1988,0
01/08/1988,0.06586
08/08/1988,-0.68012
15/08/1988,2.89375
22/08/1988,0.47231
29/08/1988,-0.10684
05/09/1988,-1.68449
12/09/1988,-2.37694
19/09/1988,-0.53488
26/09/1988,0.42572
03/10/1988,-0.06693
10/10/1988,-1.4568
17/10/1988,-0.24356
24/10/1988,0.04542
31/10/1988,-0.83995
07/11/1988,0.41209
14/11/1988,1.54469
21/11/1988,1.19562
28/11/1988,1.23142
05/12/1988,-0.25205
12/12/1988,-0.85695
19/12/1988,1.61791
26/12/1988,-1.11778
02/01/1989,1.07527
09/01/1989,0.81833
16/01/1989,-0.75758
23/01/1989,-1.67939
30/01/1989,-0.48802
06/02/1989,0.31208
13/02/1989,0.95556
20/02/1989,1.41977
27/02/1989,1.16115
06/03/1989,-0.10727
13/03/1989,-0.30069
20/03/1989,1.14175
27/03/1989,0.7721
03/04/1989,-1.46367
10/04/1989,-1.1583
17/04/1989,0.43403
24/04/1989,-1.38289
01/05/1989,-0.43821
08/05/1989,-0.46215
15/05/1989,-0.42008
22/05/1989,-2.99734
29/05/1989,-1.12154
05/06/1989,-1.2963
12/06/1989,-3.35366
19/06/1989,0.70371
26/06/1989,-0.0241
03/07/1989,-2.1692
10/07/1989,-0.83764
17/07/1989,-0.39752
24/07/1989,0.64854
31/07/1989,-1.7596
07/08/1989,-0.78204
14/08/1989,2.72057
21/08/1989,1.13861
28/08/1989,0.88106
04/09/1989,-0.0182
11/09/1989,-1.00091
18/09/1989,-0.41667
25/09/1989,0.86143
02/10/1989,1.24451
09/10/1989,-1.69318
16/10/1989,-1.95526
23/10/1989,-0.30008
30/10/1989,-1.00326
06/11/1989,0.48138
13/11/1989,-0.45386
20/11/1989,-0.58257
27/11/1989,-0.28662
04/12/1989,0.18524
11/12/1989,-0.0255
18/12/1989,-0.45918
25/12/1989,-0.24346
01/01/1990,1.89467
08/01/1990,0.64923
15/01/1990,0.79534
22/01/1990,2.49146
29/01/1990,1.96411
05/02/1990,0.80856
12/02/1990,-0.2359
19/02/1990,-0.80397
26/02/1990,1.95471
05/03/1990,-0.16367
12/03/1990,0.74941
19/03/1990,0.4649
26/03/1990,-1.31883
02/04/1990,0.65651
09/04/1990,-0.06988
16/04/1990,0.67016
23/04/1990,2.87699
30/04/1990,1.68805
07/05/1990,-0.57548
14/05/1990,-2.51558
21/05/1990,-0.63942
28/05/1990,-0.65502
04/06/1990,-1.07577
11/06/1990,-1.00561
18/06/1990,-0.25986
25/06/1990,1.06585
02/07/1990,-0.60933
09/07/1990,-0.08253
16/07/1990,0.36578
23/07/1990,-0.28215
30/07/1990,-0.33011
06/08/1990,-0.1656
13/08/1990,3.31754
20/08/1990,0.16055
27/08/1990,2.3586
03/09/1990,-0.72707
10/09/1990,-0.25915
17/09/1990,-0.04519
24/09/1990,1.08499
01/10/1990,-0.5814
08/10/1990,-2.38417
15/10/1990,2.02765
22/10/1990,-1.73893
29/10/1990,-0.57458
05/11/1990,-0.62413
12/11/1990,-0.67458
19/11/1990,-2.22482
26/11/1990,-0.80838
03/12/1990,-0.07848
10/12/1990,-2.0058
17/12/1990,-1.60296
24/12/1990,1.12782
31/12/1990,0.61958
07/01/1991,-1.32389
14/01/1991,2.34009
21/01/1991,-0.79268
28/01/1991,-1.09404
04/02/1991,-0.82028
11/02/1991,-2.23058
18/02/1991,-0.21789
25/02/1991,1.06615
04/03/1991,2.18607
11/03/1991,0.62189
18/03/1991,-0.17305
25/03/1991,1.21347
01/04/1991,-1.1194
08/04/1991,-0.897
15/04/1991,0.24969
22/04/1991,0.09963
29/04/1991,0.47275
06/05/1991,-0.71818
13/05/1991,0.54877
20/05/1991,0.645
27/05/1991,-0.41903
03/06/1991,-0.09901
10/06/1991,1.93261
17/06/1991,1.06952
24/06/1991,0.0481
01/07/1991,-0.28846
08/07/1991,0.07835
15/07/1991,0.04216
22/07/1991,-0.21671
29/07/1991,-0.69981
05/08/1991,-1.06926
12/08/1991,-2.21076
19/08/1991,-1.4318
26/08/1991,-0.15291
02/09/1991,-0.23609
09/09/1991,-0.37736
16/09/1991,-1.30971
23/09/1991,-1.19698
30/09/1991,-0.81643
07/10/1991,-1.27456
14/10/1991,0.8943
21/10/1991,0.25991
28/10/1991,1.94097
04/11/1991,-2.34742
11/11/1991,-0.14022
18/11/1991,-1.59813
25/11/1991,0.65235
02/12/1991,-0.28355
09/12/1991,-2.12593
16/12/1991,-0.24903
23/12/1991,-1.99723
30/12/1991,-3.37532
06/01/1992,-0.54925
13/01/1992,0.41237
20/01/1992,3.76943
27/01/1992,1.22968
03/02/1992,1.61966
10/02/1992,-0.76944
17/02/1992,1.56466
24/02/1992,1.48603
02/03/1992,-1.20903
09/03/1992,1.3598
16/03/1992,1.85135
23/03/1992,0.28978
30/03/1992,-0.94563
06/04/1992,-1.08724
13/04/1992,-1.07239
20/04/1992,0.81301
27/04/1992,1.85484
04/05/1992,0.07918
11/05/1992,-1.58228
18/05/1992,-1.92926
25/05/1992,-0.30738
01/06/1992,1.34978
08/06/1992,-0.89237
15/06/1992,-0.191
22/06/1992,-1.20284
29/06/1992,-0.77476
06/07/1992,-2.15421
13/07/1992,-1.41788
20/07/1992,-0.14455
27/07/1992,-1.91083
03/08/1992,-1.53483
10/08/1992,-0.95923
17/08/1992,-1.27119
24/08/1992,0
31/08/1992,2.08461
07/09/1992,-2.25225
14/09/1992,-2.91859
21/09/1992,1.39241
28/09/1992,0.81149
05/10/1992,-2.56966
12/10/1992,2.04163
19/10/1992,2.26547
26/10/1992,3.71498
02/11/1992,-0.38168
09/11/1992,1.97465
16/11/1992,-0.93931
23/11/1992,-0.3647
30/11/1992,0.80527
07/12/1992,-0.07262
14/12/1992,-1.48256
21/12/1992,-0.14754
28/12/1992,-1.22636
04/01/1993,-0.26178
11/01/1993,0.36745
18/01/1993,-0.32875
25/01/1993,-1.49925
01/02/1993,-2.00913
08/02/1993,-0.62131
15/02/1993,-0.24226
22/02/1993,-2.76537
01/03/1993,-3.54496
08/03/1993,-1.73739
15/03/1993,2.41414
22/03/1993,-0.66401
29/03/1993,0.23396
05/04/1993,1.36712
12/04/1993,-1.15132
19/04/1993,-1.93012
26/04/1993,-0.2036
03/05/1993,2.17613
10/05/1993,-1.66389
17/05/1993,1.42132
24/05/1993,2.33567
31/05/1993,0.09782
07/06/1993,-1.17264
14/06/1993,-0.56032
21/06/1993,-1.42526
28/06/1993,-1.34499
05/07/1993,-1.37185
12/07/1993,-0.16415
19/07/1993,-0.86535
26/07/1993,2.51397
02/08/1993,-0.1703
09/08/1993,-0.23883
16/08/1993,-1.70999
23/08/1993,-1.73974
30/08/1993,-3.00992
06/09/1993,-1.28697
13/09/1993,-2.50578
20/09/1993,2.16237
27/09/1993,0.48273
04/10/1993,-1.29342
11/10/1993,-0.36503
18/10/1993,-1.43729
25/10/1993,2.05871
01/11/1993,1.86776
08/11/1993,4.21709
15/11/1993,-0.11436
22/11/1993,1.3122
29/11/1993,0.83449
06/12/1993,-0.06897
13/12/1993,-1.27674
20/12/1993,1.81755
27/12/1993,-1.17576
03/01/1994,0.84238
10/01/1994,-0.13779
17/01/1994,-1.86271
24/01/1994,0.80844
31/01/1994,-0.06974
07/02/1994,2.05862
14/02/1994,1.26496
21/02/1994,0.6921
28/02/1994,3.13495
07/03/1994,2.82835
14/03/1994,1.80209
21/03/1994,0.34161
28/03/1994,1.20706
04/04/1994,4.81651
11/04/1994,1.00656
18/04/1994,0.75101
25/04/1994,-0.08601
02/05/1994,0.60976
09/05/1994,3.30125
16/05/1994,1.10436
23/05/1994,-3.79574
30/05/1994,1.19217
06/06/1994,-1.12202
13/06/1994,-0.73759
20/06/1994,1.37182
27/06/1994,1.07133
04/07/1994,1.74338
11/07/1994,0.94585
18/07/1994,-0.76046
25/07/1994,-0.84839
01/08/1994,-0.19321
08/08/1994,-0.77434
15/08/1994,1.89521
22/08/1994,-0.98468
29/08/1994,0.19337
05/09/1994,-0.77888
12/09/1994,2.14658
19/09/1994,1.22416
26/09/1994,1.55872
03/10/1994,0.82032
10/10/1994,1.54199
17/10/1994,-1.23425
24/10/1994,1.51793
31/10/1994,1.23743
07/11/1994,1.65521
14/11/1994,-0.20666
21/11/1994,0.3075
28/11/1994,-1.49525
05/12/1994,0.14608
12/12/1994,-1.14155
19/12/1994,0.17963
26/12/1994,0.21773
02/01/1995,-0.25559
09/01/1995,0.80717
16/01/1995,-1.11845
23/01/1995,-0.25707
30/01/1995,-0.18041
06/02/1995,-1.98812
13/02/1995,-0.26344
20/02/1995,-1.64422
27/02/1995,-1.47029
06/03/1995,-0.46334
13/03/1995,0
20/03/1995,-2.87514
27/03/1995,0.70482
03/04/1995,0.33595
10/04/1995,-0.78125
17/04/1995,-0.80146
24/04/1995,-0.38271
01/05/1995,0.22766
08/05/1995,-2.78251
15/05/1995,-2.92056
22/05/1995,-0.87244
29/05/1995,-2.12443
05/06/1995,-3.93798
12/06/1995,0.93609
19/06/1995,-1.47106
26/06/1995,-1.00617
03/07/1995,1.47541
10/07/1995,-1.77706
17/07/1995,0.82237
24/07/1995,4.73083
31/07/1995,0.56075
07/08/1995,0.52664
14/08/1995,0.5547
21/08/1995,0.49035
28/08/1995,-1.21988
04/09/1995,-2.78635
11/09/1995,-1.4212
18/09/1995,-1.09536
25/09/1995,0.84691
02/10/1995,0.71059
09/10/1995,-2.30115
16/10/1995,-0.9602
23/10/1995,-0.39775
30/10/1995,0.39933
06/11/1995,-1.12695
13/11/1995,0.10057
20/11/1995,-0.36839
27/11/1995,-0.67227
04/12/1995,-2.43655
11/12/1995,-1.21401
18/12/1995,1.1236
25/12/1995,0.0434
01/01/1996,-2.12581
08/01/1996,0
15/01/1996,2.08333
22/01/1996,-3.01346
29/01/1996,1.43266
05/02/1996,-0.35311
12/02/1996,0.17718
19/02/1996,0.19455
26/02/1996,5.52515
04/03/1996,1.07059
11/03/1996,2.0192
18/03/1996,3.6989
25/03/1996,-1.09512
01/04/1996,0.12654
08/04/1996,1.26382
15/04/1996,2.5273
22/04/1996,-0.82167
29/04/1996,0.583
06/05/1996,3.56925
13/05/1996,0.02946
20/05/1996,-2.00236
27/05/1996,-0.05258
03/06/1996,2.03683
10/06/1996,1.17855
17/06/1996,1.57251
24/06/1996,-0.31537
01/07/1996,-1.86943
08/07/1996,1.44343
15/07/1996,-0.06501
22/07/1996,-1.67679
29/07/1996,0.9115
05/08/1996,-2.73893
12/08/1996,-2.2169
19/08/1996,0.85784
26/08/1996,1.27582
02/09/1996,2.69196
09/09/1996,1.29244
16/09/1996,-1.29758
23/09/1996,-0.11686
30/09/1996,-1.90114
07/10/1996,-1.9678
14/10/1996,-0.24331
21/10/1996,-0.42683
28/10/1996,0.39804
04/11/1996,-2.68375
11/11/1996,-1.55907
18/11/1996,-1.53601
25/11/1996,-0.61429
02/12/1996,-0.74008
09/12/1996,1.13888
16/12/1996,2.81918
23/12/1996,0.63032
30/12/1996,-0.87692
06/01/1997,2.80411
13/01/1997,1.26777
20/01/1997,-0.64492
27/01/1997,0.83238
03/02/1997,-0.39382
10/02/1997,-1.85523
17/02/1997,-1.53393
24/02/1997,-0.20456
03/03/1997,3.05897
10/03/1997,0.82619
17/03/1997,1.12291
24/03/1997,1.05042
31/03/1997,1.61123
07/04/1997,0.63573
14/04/1997,0.75516
21/04/1997,-0.98011
28/04/1997,0.49491
05/05/1997,-2.8679
12/05/1997,-0.17894
19/05/1997,0
26/05/1997,0.61249
02/06/1997,-0.01485
09/06/1997,-2.1978
16/06/1997,-1.488
23/06/1997,-1.35635
30/06/1997,1.0625
07/07/1997,-1.63111
14/07/1997,-1.7053
21/07/1997,-0.35177
28/07/1997,-1.18742
04/08/1997,-0.58461
11/08/1997,2.64619
18/08/1997,0.25461
25/08/1997,0.06349
01/09/1997,0.7297
08/09/1997,-0.25197
15/09/1997,0
22/09/1997,-3.78907
29/09/1997,-0.06564
06/10/1997,-1.01806
13/10/1997,0.6138
20/10/1997,0.84089
27/10/1997,-1.17724
03/11/1997,-2.44871
10/11/1997,0.44098
17/11/1997,-0.9203
24/11/1997,-0.50277
01/12/1997,0.33402
08/12/1997,0.41827
15/12/1997,-0.74804
22/12/1997,-1.40459
29/12/1997,-0.10424
05/01/1998,-1.13043
12/01/1998,-3.88742
19/01/1998,0.10981
26/01/1998,2.3766
02/02/1998,0.25
09/02/1998,-0.17813
16/02/1998,-1.05282
23/02/1998,-0.59513
02/03/1998,2.72134
09/03/1998,1.41293
16/03/1998,-2.54267
23/03/1998,-0.42888
30/03/1998,1.57933
06/04/1998,-1.66078
13/04/1998,0.43119
20/04/1998,0.39356
27/04/1998,1.63934
04/05/1998,0.38569
11/05/1998,-0.31436
18/05/1998,-0.73581
25/05/1998,-0.503
01/06/1998,-1.30377
08/06/1998,0.21567
15/06/1998,-1.901
22/06/1998,0.25594
29/06/1998,-0.43764
06/07/1998,-0.68681
13/07/1998,0.10143
20/07/1998,1.17907
27/07/1998,-0.6555
03/08/1998,0.73314
10/08/1998,-1.34643
17/08/1998,-0.36887
24/08/1998,-0.66642
31/08/1998,-3.9508
07/09/1998,-2.01785
14/09/1998,-3.08911
21/09/1998,-2.04332
28/09/1998,-2.92032
05/10/1998,-6.18823
12/10/1998,2.55383
19/10/1998,1.84255
26/10/1998,1.79825
02/11/1998,-0.12925
09/11/1998,4.57291
16/11/1998,-0.73226
23/11/1998,0.6961
30/11/1998,-0.79447
07/12/1998,-3.69215
14/12/1998,-1.16631
21/12/1998,0.52448
28/12/1998,4.07609
04/01/1999,-2.34987
11/01/1999,2.6738
18/01/1999,-1.82292
25/01/1999,-0.35013
01/02/1999,-0.12777
08/02/1999,4.00853
15/02/1999,1.47601
22/02/1999,1.61616
01/03/1999,4.5328
08/03/1999,1.86383
15/03/1999,-3.28603
22/03/1999,-0.61776
29/03/1999,1.28205
05/04/1999,0.23015
12/04/1999,-2.75545
19/04/1999,1.69225
26/04/1999,0.89009
03/05/1999,1.45761
10/05/1999,3.6673
17/05/1999,1.34938
24/05/1999,0.39583
31/05/1999,-0.08961
07/06/1999,4.07175
14/06/1999,2.10272
21/06/1999,-0.57394
28/06/1999,1.7657
05/07/1999,-2.36069
12/07/1999,-0.11106
19/07/1999,-2.46322
26/07/1999,0.98211
02/08/1999,1.94512
09/08/1999,2.01022
16/08/1999,1.0354
23/08/1999,-2.67769
30/08/1999,-1.05299
06/09/1999,2.51459
13/09/1999,-0.67811
20/09/1999,-0.26972
27/09/1999,-0.91278
04/10/1999,1.36472
11/10/1999,1.6072
18/10/1999,1.26708
25/10/1999,1.40661
01/11/1999,-1.19355
08/11/1999,-2.48123
15/11/1999,-0.23435
22/11/1999,1.44295
29/11/1999,1.30665
06/12/1999,1.09388
13/12/1999,-1.19509
20/12/1999,2.77869
27/12/1999,1.70165
03/01/2000,0.86005
10/01/2000,1.6124
17/01/2000,1.88435
24/01/2000,1.08574
31/01/2000,-1.00741
07/02/2000,-1.58635
14/02/2000,0.39538
21/02/2000,-0.82551
28/02/2000,-2.58877
06/03/2000,0.40765
13/03/2000,-0.46846
20/03/2000,-1.97678
27/03/2000,-1.5685
03/04/2000,-1.00813
10/04/2000,-3.44941
17/04/2000,0.91868
24/04/2000,1.27276
01/05/2000,3.3042
08/05/2000,3.96391
15/05/2000,0.46497
22/05/2000,0.03085
29/05/2000,-1.14127
05/06/2000,-2.83931
12/06/2000,-1.66988
19/06/2000,-1.33899
26/06/2000,1.15856
03/07/2000,-0.91623
10/07/2000,-0.55317
17/07/2000,1.05438
24/07/2000,-0.16431
31/07/2000,-0.65833
07/08/2000,-1.22598
14/08/2000,-2.48239
21/08/2000,-0.172
28/08/2000,-0.93039
04/09/2000,0.13043
11/09/2000,-0.40816
18/09/2000,1.25567
25/09/2000,1.06786
02/10/2000,-0.85208
09/10/2000,0.80784
16/10/2000,-1.89258
23/10/2000,-1.87696
30/10/2000,0.77931
06/11/2000,1.75747
13/11/2000,0.69085
20/11/2000,-2.05832
27/11/2000,-1.22592
04/12/2000,-1.87943
11/12/2000,-3.18034
18/12/2000,-2.01568
25/12/2000,-3.2381
01/01/2001,0.3937
08/01/2001,-2.11765
15/01/2001,2.51402
22/01/2001,1.57303
29/01/2001,2.07772
05/02/2001,-2.45006
12/02/2001,-1.46832
19/02/2001,0.4902
26/02/2001,-0.29268
05/03/2001,-3.40509
12/03/2001,-0.04052
19/03/2001,-1.90515
26/03/2001,-1.1157
02/04/2001,3.88634
09/04/2001,-0.72405
16/04/2001,4.63938
23/04/2001,1.10358
30/04/2001,1.07239
07/05/2001,-0.5305
14/05/2001,1.79048
21/05/2001,2.02096
28/05/2001,0.2843
04/06/2001,-0.32007
11/06/2001,-2.42202
18/06/2001,-0.90259
25/06/2001,-1.25237
02/07/2001,2.38278
09/07/2001,1.49212
16/07/2001,-2.43181
23/07/2001,-2.38817
30/07/2001,0.03883
06/08/2001,-0.07764
13/08/2001,-2.13675
20/08/2001,-2.06431
27/08/2001,-0.52696
03/09/2001,-1.84393
10/09/2001,1.54645
17/09/2001,-5.69638
24/09/2001,2.26879
01/10/2001,-2.07715
08/10/2001,-2.1645
15/10/2001,2.74336
22/10/2001,-0.86133
29/10/2001,-0.69505
05/11/2001,-5.24934
12/11/2001,-0.85411
19/11/2001,9.19674
26/11/2001,6.34328
03/12/2001,-2.63659
10/12/2001,3.08896
17/12/2001,2.9964
24/12/2001,-0.62064
31/12/2001,0.36105
07/01/2002,0.29169
14/01/2002,-2.93747
21/01/2002,-1.71794
28/01/2002,2.84553
04/02/2002,-0.90909
11/02/2002,-1.95453
18/02/2002,0.64076
25/02/2002,-1.60687
04/03/2002,1.27362
11/03/2002,5.3144
18/03/2002,2.73498
25/03/2002,0.97488
01/04/2002,0.07427
08/04/2002,-2.00371
15/04/2002,-1.51458
22/04/2002,0.23068
29/04/2002,-1.80284
06/05/2002,-0.39063
13/05/2002,1.60784
20/05/2002,1.42802
27/05/2002,-1.87405
03/06/2002,-1.23122
10/06/2002,-0.54967
17/06/2002,-2.64508
24/06/2002,-2.06813
01/07/2002,0.12422
08/07/2002,-0.27916
15/07/2002,-2.99637
22/07/2002,-0.6413
29/07/2002,-3.44234
05/08/2002,-0.8467
12/08/2002,-2.65169
19/08/2002,-3.23176
26/08/2002,0.85878
02/09/2002,-0.60312
09/09/2002,-5.05651
16/09/2002,-0.401
23/09/2002,-4.32813
30/09/2002,-2.31457
07/10/2002,-0.59235
14/10/2002,0.01354
21/10/2002,11.95667
28/10/2002,1.1611
04/11/2002,-4.49546
11/11/2002,-0.35053
18/11/2002,-0.60302
25/11/2002,4.04449
02/12/2002,1.91934
09/12/2002,-1.31108
16/12/2002,-1.93237
23/12/2002,-0.98522
30/12/2002,-3.4204
06/01/2003,3.28397
13/01/2003,2.44389
20/01/2003,-0.49903
27/01/2003,-2.82569
03/02/2003,1.0574
10/02/2003,-0.84704
17/02/2003,-1.06784
24/02/2003,-1.30794
03/03/2003,-3.55121
10/03/2003,-3.04162
17/03/2003,1.70611
24/03/2003,8.171
31/03/2003,-1.8009
07/04/2003,0.3566
14/04/2003,0.86294
21/04/2003,0.15098
28/04/2003,-0.55276
05/05/2003,-1.01061
12/05/2003,-5.10465
19/05/2003,-5.27165
26/05/2003,-4.52868
02/06/2003,1.05576
09/06/2003,-2.06004
16/06/2003,-4.44712
23/06/2003,5.09434
30/06/2003,3.7702
07/07/2003,4.74337
14/07/2003,2.29869
21/07/2003,8.0732
28/07/2003,4.68127
04/08/2003,4.85252
11/08/2003,-1.36116
18/08/2003,3.67985
25/08/2003,-0.75421
01/09/2003,0.07823
08/09/2003,0.45784
15/09/2003,-4.17964
22/09/2003,-2.04176
29/09/2003,-2.17906
06/10/2003,-1.54964
13/10/2003,5.44761
20/10/2003,3.04373
27/10/2003,-2.44455
03/11/2003,0.37123
10/11/2003,2.3116
17/11/2003,-3.18572
24/11/2003,-2.21704
01/12/2003,2.50597
08/12/2003,1.00116
15/12/2003,-1.19871
22/12/2003,-2.37984
29/12/2003,0.92017
05/01/2004,2.72351
12/01/2004,-2.93948
19/01/2004,-4.45368
26/01/2004,1.2803
02/02/2004,2.55277
09/02/2004,-0.9574
16/02/2004,-1.34123
23/02/2004,-0.55113
01/03/2004,-0.98522
08/03/2004,-1.54229
15/03/2004,-5.15412
22/03/2004,-0.31966
29/03/2004,1.38963
05/04/2004,5.79863
12/04/2004,4.88291
19/04/2004,4.18052
26/04/2004,1.32239
03/05/2004,1.44014
10/05/2004,3.81544
17/05/2004,2.39316
24/05/2004,-0.83472
31/05/2004,-1.83081
07/06/2004,1.69346
14/06/2004,1.70742
21/06/2004,-2.34197
28/06/2004,-0.21222
05/07/2004,-2.3288
12/07/2004,-2.319
19/07/2004,-0.75791
26/07/2004,0.58401
02/08/2004,1.87584
09/08/2004,-4.20868
16/08/2004,-2.1968
23/08/2004,-0.8891
30/08/2004,0
06/09/2004,-1.08593
13/09/2004,0.2864
20/09/2004,-1.85626
27/09/2004,-2.42483
04/10/2004,2.6839
11/10/2004,1.7667
18/10/2004,-3.06778
25/10/2004,-1.47203
01/11/2004,1.44422
08/11/2004,1.71821
15/11/2004,1.77365
22/11/2004,-1.12626
29/11/2004,1.73861
06/12/2004,2.06246
13/12/2004,-3.55658
20/12/2004,-0.19157
27/12/2004,1.48752
03/01/2005,1.08747
10/01/2005,0.32741
17/01/2005,-1.28205
24/01/2005,-1.39315
31/01/2005,0.23946
07/02/2005,-1.38557
14/02/2005,-1.64729
21/02/2005,2.95567
28/02/2005,2.77512
07/03/2005,1.39665
14/03/2005,3.12213
21/03/2005,0.48976
28/03/2005,2.34825
04/04/2005,-2.20779
11/04/2005,-1.01815
18/04/2005,-3.08587
25/04/2005,-1.84587
02/05/2005,-0.61119
09/05/2005,0.14191
16/05/2005,-1.4171
23/05/2005,-1.77288
30/05/2005,-0.73171
06/06/2005,-2.99754
13/06/2005,1.26646
20/06/2005,2.75138
27/06/2005,-3.65141
04/07/2005,0.80849
11/07/2005,2.55639
18/07/2005,2.19941
25/07/2005,1.05213
01/08/2005,0.85187
08/08/2005,2.20554
15/08/2005,-0.64279
22/08/2005,-2.26433
29/08/2005,-0.85106
05/09/2005,-3.25465
12/09/2005,2.08256
19/09/2005,1.59343
26/09/2005,0.71293
03/10/2005,1.84049
10/10/2005,1.13531
17/10/2005,2.1764
24/10/2005,-0.17937
31/10/2005,2.69542
07/11/2005,1.26859
14/11/2005,-0.80994
21/11/2005,-2.1448
28/11/2005,-1.31286
05/12/2005,1.82638
12/12/2005,0
19/12/2005,-0.97431
26/12/2005,-0.60376
02/01/2006,-1.68729
09/01/2006,0
16/01/2006,1.08696
23/01/2006,-1.34692
30/01/2006,3.16659
06/02/2006,1.24555
13/02/2006,0.35149
20/02/2006,0.48161
27/02/2006,-0.52288
06/03/2006,1.62067
13/03/2006,2.32759
20/03/2006,-1.30581
27/03/2006,0.34144
03/04/2006,2.93492
10/04/2006,1.44628
17/04/2006,1.68024
24/04/2006,0.43065
01/05/2006,1.67531
08/05/2006,0.70616
15/05/2006,0.27269
22/05/2006,-1.20435
29/05/2006,-0.56036
05/06/2006,0.20761
12/06/2006,-1.34175
19/06/2006,1.56
26/06/2006,2.36314
03/07/2006,-0.03848
10/07/2006,-0.45227
17/07/2006,-1.71097
24/07/2006,-0.39339
31/07/2006,-0.59242
07/08/2006,-1.66865
14/08/2006,0
21/08/2006,-1.69697
28/08/2006,-1.19194
04/09/2006,-1.10233
11/09/2006,0.77813
18/09/2006,-0.04174
25/09/2006,-2.79749
02/10/2006,-0.85911
09/10/2006,0.19497
16/10/2006,3.43784
23/10/2006,0.16722
30/10/2006,-1.08514
06/11/2006,-2.06751
13/11/2006,-0.38776
20/11/2006,-0.30277
27/11/2006,-1.0846
04/12/2006,-1.97368
11/12/2006,0.67114
18/12/2006,1.64444
25/12/2006,0.45912
01/01/2007,1.63221
08/01/2007,-0.29979
15/01/2007,1.26718
22/01/2007,1.08165
29/01/2007,1.84641
05/02/2007,-0.32963
12/02/2007,-1.48822
19/02/2007,-0.59799
26/02/2007,-1.1715
05/03/2007,-3.24648
12/03/2007,0.1766
19/03/2007,0.04407
26/03/2007,0.92511
02/04/2007,1.17852
09/04/2007,1.46678
16/04/2007,0.80782
23/04/2007,-1.43399
30/04/2007,-0.21395
07/05/2007,-0.25729
14/05/2007,0.21496
21/05/2007,2.0163
28/05/2007,2.02902
04/06/2007,1.14374
11/06/2007,3.17848
18/06/2007,2.68562
25/06/2007,-1.46154
02/07/2007,-1.0929
09/07/2007,1.42068
16/07/2007,-1.1284
23/07/2007,-1.33806
30/07/2007,-3.19107
06/08/2007,-2.18377
13/08/2007,1.05307
20/08/2007,-2.70946
27/08/2007,-1.11397
03/09/2007,-1.70061
10/09/2007,-1.84022
17/09/2007,-0.22452
24/09/2007,3.46535
01/10/2007,0
08/10/2007,-0.60896
15/10/2007,2.27571
22/10/2007,-3.3804
29/10/2007,-2.83437
05/11/2007,-0.18232
12/11/2007,-1.65525
19/11/2007,-2.82066
26/11/2007,-5.04061
03/12/2007,-0.47799
10/12/2007,1.6178
17/12/2007,2.73632
24/12/2007,0
31/12/2007,0.84746
07/01/2008,-6.60264
14/01/2008,-1.18252
21/01/2008,-3.87617
28/01/2008,-2.94993
04/02/2008,2.84439
11/02/2008,-1.19306
18/02/2008,2.70307
25/02/2008,3.08617
03/03/2008,-4.04355
10/03/2008,-2.91734
17/03/2008,-3.00501
24/03/2008,-1.31956
31/03/2008,1.74419
07/04/2008,2
14/04/2008,-1.17647
21/04/2008,5.38549
28/04/2008,3.01237
05/05/2008,0.10444
12/05/2008,-0.15649
19/05/2008,0.99269
26/05/2008,-0.67253
02/06/2008,4.58333
09/06/2008,-0.79681
16/06/2008,5.22088
23/06/2008,0
30/06/2008,-3.29198
07/07/2008,-1.70202
14/07/2008,-2.38394
21/07/2008,3.39332
28/07/2008,2.03879
04/08/2008,-2.04678
11/08/2008,-0.74627
18/08/2008,-2.75689
25/08/2008,-1.4433
01/09/2008,-0.75837
08/09/2008,-2.9776
15/09/2008,-1.57523
22/09/2008,-0.4415
29/09/2008,5.26608
06/10/2008,-3.15956
13/10/2008,1.61773
20/10/2008,7.02341
27/10/2008,-7.05
03/11/2008,6.45508
10/11/2008,-4.2951
17/11/2008,-1.06917
24/11/2008,-11.62108
01/12/2008,-11.30737
08/12/2008,-9.17447
15/12/2008,-1.57421
22/12/2008,-16.67936
29/12/2008,-0.93693
05/01/2009,7.38178
12/01/2009,5.43502
19/01/2009,-6.68297
26/01/2009,12.92576
02/02/2009,6.72854
09/02/2009,8.04348
16/02/2009,-5.09725
23/02/2009,-2.54417
02/03/2009,6.30892
09/03/2009,-1.15962
16/03/2009,1.38026
23/03/2009,-8.30497
30/03/2009,2.15293
06/04/2009,1.88953
13/04/2009,3.69116
20/04/2009,-1.35856
27/04/2009,3.62622
04/05/2009,5.85464
11/05/2009,2.54291
18/05/2009,-2.41785
25/05/2009,5.14612
01/06/2009,9.12387
08/06/2009,3.433
15/06/2009,3.26552
22/06/2009,-2.9549
29/06/2009,-4.11325
06/07/2009,-1.74095
13/07/2009,-3.95464
20/07/2009,6.25738
27/07/2009,1.38889
03/08/2009,0.05479
10/08/2009,3.94304
17/08/2009,-4.89989
24/08/2009,-3.4903
31/08/2009,-1.14811
07/09/2009,-2.36643
14/09/2009,1.5316
21/09/2009,1.6403
28/09/2009,-2.30548
05/10/2009,-3.77581
12/10/2009,0.78173
19/10/2009,4.15209
26/10/2009,1.10981
02/11/2009,0.05777
09/11/2009,2.194
16/11/2009,-3.17797
23/11/2009,-2.14442
30/11/2009,-2.9517
07/12/2009,3.90169
14/12/2009,3.19338
21/12/2009,2.86533
28/12/2009,5.84958
04/01/2010,0.78947
11/01/2010,0
18/01/2010,-2.08877
25/01/2010,-2.34667
01/02/2010,-0.05461
08/02/2010,-0.38251
15/02/2010,1.54964
22/02/2010,1.39095
01/03/2010,-2.77038
08/03/2010,0.10959
15/03/2010,1.75151
22/03/2010,-1.23722
29/03/2010,4.46623
05/04/2010,2.08551
12/04/2010,-0.15322
19/04/2010,-1.79028
26/04/2010,-0.72917
03/05/2010,-1.9937
10/05/2010,-5.56745
17/05/2010,-0.34014
24/05/2010,-6.59841
31/05/2010,-0.73082
07/06/2010,0.6135
14/06/2010,-1.03659
21/06/2010,0.4313
28/06/2010,-4.17178
05/07/2010,-4.76953
12/07/2010,1.78151
19/07/2010,0.19815
26/07/2010,-1.84575
02/08/2010,1.20887
09/08/2010,-3.25149
16/08/2010,-7.33882
23/08/2010,-3.18283
30/08/2010,-2.59939
06/09/2010,2.04082
13/09/2010,4.53846
20/09/2010,0.51508
27/09/2010,-5.6369
04/10/2010,-2.48254
11/10/2010,-3.24185
18/10/2010,3.02158
25/10/2010,1.83559
01/11/2010,5.01567
08/11/2010,-2.91045
15/11/2010,6.16833
22/11/2010,3.67421
29/11/2010,-0.40154
06/12/2010,3.55828
13/12/2010,10.02031
20/12/2010,5.72308
27/12/2010,-1.92084
03/01/2011,0.23739
10/01/2011,0.41445
17/01/2011,-0.79599
24/01/2011,1.63447
31/01/2011,-0.5848
07/02/2011,5.52941
14/02/2011,2.34114
21/02/2011,-1.96078
28/02/2011,-4.16667
07/03/2011,1.15942
14/03/2011,-1.60458
21/03/2011,-4.36808
28/03/2011,3.83678
04/04/2011,1.75953
11/04/2011,2.70893
18/04/2011,-2.63749
25/04/2011,-1.80115
02/05/2011,-1.98092
09/05/2011,-3.77246
16/05/2011,-0.62228
23/05/2011,-1.37758
30/05/2011,-1.66667
06/06/2011,-2.82486
13/06/2011,-0.39867
20/06/2011,-0.40027
27/06/2011,-1.13865
04/07/2011,6.62263
11/07/2011,-2.01747
18/07/2011,-4.66926
25/07/2011,1.4966
01/08/2011,-2.34584
08/08/2011,-12.49142
15/08/2011,-11.84314
22/08/2011,-5.24911
29/08/2011,4.60094
05/09/2011,-3.61311
12/09/2011,-7.79977
19/09/2011,2.72727
26/09/2011,-8.55457
03/10/2011,4.73118
10/10/2011,0.61602
17/10/2011,12.7551
24/10/2011,0
31/10/2011,2.26244
07/11/2011,-9.46903
14/11/2011,-0.04888
21/11/2011,-2.10269
28/11/2011,-2.97203
05/12/2011,5.84299
12/12/2011,-0.87549
19/12/2011,-6.96762
26/12/2011,4.43038
02/01/2012,-2.14646
09/01/2012,2.70968
16/01/2012,-2.51256
23/01/2012,2.47423
30/01/2012,-0.90543
06/02/2012,-3.95939
13/02/2012,5.70825
20/02/2012,-1.875
27/02/2012,1.40127
05/03/2012,-0.1005
12/03/2012,1.10664
19/03/2012,13.63184
26/03/2012,0.61296
02/04/2012,-3.91645
09/04/2012,-1.53986
16/04/2012,-6.53174
23/04/2012,-1.9685
30/04/2012,-0.60241
07/05/2012,-1.71717
14/05/2012,-4.83042
21/05/2012,-6.2635
28/05/2012,1.38249
04/06/2012,-9.54545
11/06/2012,2.26131
18/06/2012,-0.36855
25/06/2012,1.60296
02/07/2012,-0.6068
09/07/2012,-2.77778
16/07/2012,-4.67818
23/07/2012,-0.52701
30/07/2012,-1.5894
06/08/2012,4.57604
13/08/2012,7.20721
20/08/2012,7.92317
27/08/2012,-5.22803
03/09/2012,-4.63615
10/09/2012,1.16923
17/09/2012,8.88078
24/09/2012,-0.3352
01/10/2012,-7.06278
08/10/2012,1.47768
15/10/2012,1.63447
22/10/2012,5.96491
29/10/2012,-0.99338
05/11/2012,-3.28874
12/11/2012,-3.60231
19/11/2012,-4.93274
26/11/2012,5.50314
03/12/2012,-2.95082
10/12/2012,-0.7371
17/12/2012,6.68317
24/12/2012,4.75638
31/12/2012,-2.82392
07/01/2013,8.68946
14/01/2013,-0.81258
21/01/2013,-1.42706
28/01/2013,2.73458
04/02/2013,5.63674
11/02/2013,-1.08696
18/02/2013,0.8991
25/02/2013,-2.07921
04/03/2013,-4.75228
11/03/2013,5.9448
18/03/2013,1.002
25/03/2013,-3.86905
01/04/2013,-2.99278
08/04/2013,-4.57447
15/04/2013,-0.6689
22/04/2013,-2.91807
29/04/2013,-0.46243
06/05/2013,-0.11614
13/05/2013,7.67442
20/05/2013,4.64363
27/05/2013,3.19917
03/06/2013,7
10/06/2013,0.09346
17/06/2013,2.42764
24/06/2013,9.66272
01/07/2013,5.23691
08/07/2013,2.48815
15/07/2013,1.19461
22/07/2013,-3.80807
29/07/2013,2.45447
05/08/2013,2.55023
12/08/2013,-1.73323
19/08/2013,6.67178
26/08/2013,2.08483
02/09/2013,-2.90493
09/09/2013,5.74796
16/09/2013,0.06859
23/09/2013,-5.55175
30/09/2013,-3.91872
07/10/2013,-0.15106
14/10/2013,1.64523
21/10/2013,-1.17209
28/10/2013,-4.74398
04/11/2013,2.21344
11/11/2013,4.02166
18/11/2013,1.26394
25/11/2013,1.24816
02/12/2013,-0.19942
09/12/2013,3.54223
16/12/2013,0.5614
23/12/2013,1.25611
30/12/2013,3.37698
06/01/2014,0.25
13/01/2014,-2.51039
20/01/2014,-2.1146
27/01/2014,-2.16028
03/02/2014,-4.13105
10/02/2014,0.14859
17/02/2014,2.28116
24/02/2014,-0.77969
03/03/2014,-2.92398
10/03/2014,3.38855
17/03/2014,-1.60233
24/03/2014,1.70244
31/03/2014,-0.94614
07/04/2014,1.68993
14/04/2014,-3.68497
21/04/2014,0.80645
28/04/2014,0.53953
05/05/2014,-1.99852
12/05/2014,-0.90634
19/05/2014,-3.125
26/05/2014,-0.07868
02/06/2014,-2.12598
09/06/2014,4.74658
16/06/2014,0.46083
23/06/2014,0.68807
30/06/2014,-3.11314
07/07/2014,2.8605
14/07/2014,-2.62857
21/07/2014,-1.64319
28/07/2014,-0.8751
04/08/2014,1.52488
11/08/2014,-2.84585
18/08/2014,-2.19691
25/08/2014,0.08319
01/09/2014,-1.80798
08/09/2014,3.44974
15/09/2014,4.74632
22/09/2014,1.64063
29/09/2014,-2.61337
06/10/2014,-3.23599
13/10/2014,-4.5677
20/10/2014,-6.41026
27/10/2014,3.47032
03/11/2014,3.00088
10/11/2014,1.11397
17/11/2014,-0.63559
24/11/2014,-0.81023
01/12/2014,-4.23474
08/12/2014,2.26712
15/12/2014,-5.09219
22/12/2014,-0.37003
29/12/2014,4.45682
05/01/2015,-5.22222
12/01/2015,-7.52638
19/01/2015,-6.56694
26/01/2015,0.18996
02/02/2015,-5.85049
09/02/2015,7.47986
16/02/2015,7.33405
23/02/2015,4.83791
02/03/2015,-4.28164
09/03/2015,7.25646
16/03/2015,-1.94625
23/03/2015,-7.18336
30/03/2015,-0.9165
06/04/2015,-2.36382
13/04/2015,1.89474
20/04/2015,-2.06612
27/04/2015,2.74262
04/05/2015,6.67351
11/05/2015,6.44851
18/05/2015,0.81374
25/05/2015,0.11211
01/06/2015,-3.96417
08/06/2015,9.70149
15/06/2015,2.55102
22/06/2015,-3.64842
29/06/2015,3.44234
06/07/2015,-1.41431
13/07/2015,-1.51899
20/07/2015,1.54242
27/07/2015,-3.29114
03/08/2015,-2.35602
10/08/2015,-0.2681
17/08/2015,-2.86738
24/08/2015,-3.41328
31/08/2015,3.91595
07/09/2015,-0.27574
14/09/2015,1.56682
21/09/2015,0.90744
28/09/2015,-3.77698
05/10/2015,-4.48598
12/10/2015,2.3728
19/10/2015,-2.7957
26/10/2015,1.47493
02/11/2015,3.68217
09/11/2015,6.91589
16/11/2015,0.41521
23/11/2015,-1.89336
30/11/2015,-1.2866
07/12/2015,0.40449
14/12/2015,-0.98478
21/12/2015,1.35624
28/12/2015,0.35682
04/01/2016,1.55556
11/01/2016,-4.68271
18/01/2016,-4.38476
25/01/2016,-2.13685
01/02/2016,-2.45339
08/02/2016,-7.14286
15/02/2016,-7.63814
22/02/2016,4.04692
29/02/2016,-1.91657
07/03/2016,6.78161
14/03/2016,3.44456
21/03/2016,0.10406
28/03/2016,-0.98753
04/04/2016,-5.6168
11/04/2016,-3.89321
18/04/2016,3.00926
25/04/2016,4.7191
02/05/2016,0.42918
09/05/2016,-4.70085
16/05/2016,-2.35426
23/05/2016,5.28129
30/05/2016,1.00872
06/06/2016,-3.48178
13/06/2016,-6.37584
20/06/2016,-3.46476
27/06/2016,1.11386
04/07/2016,-9.57772
11/07/2016,-5.92217
18/07/2016,11.22302
25/07/2016,1.81113
01/08/2016,-3.68488
08/08/2016,2.77045
15/08/2016,-1.41207
22/08/2016,1.43229
29/08/2016,1.15533
05/09/2016,0.25381
12/09/2016,1.89873
19/09/2016,6.08696
26/09/2016,-4.09836
03/10/2016,-3.2967
10/10/2016,8.74369
17/10/2016,3.10595
24/10/2016,-1.12613
31/10/2016,3.75854
07/11/2016,-0.32931
14/11/2016,14.67511
21/11/2016,9.57983
28/11/2016,2.43208
05/12/2016,1.90374
12/12/2016,1.51134
19/12/2016,5.54177
26/12/2016,0.11755
02/01/2017,-1.95695
09/01/2017,-3.55289
16/01/2017,-1.49007
23/01/2017,1.76471
30/01/2017,3.1379
06/02/2017,-1.36109
13/02/2017,-2.75974
20/02/2017,2.77546
27/02/2017,-3.35025
06/03/2017,3.27731
13/03/2017,4.88202
20/03/2017,-2.17223
27/03/2017,-4.67883
03/04/2017,-0.33278
10/04/2017,-1.58598
17/04/2017,-3.51993
24/04/2017,-1.97802
01/05/2017,3.94619
08/05/2017,1.20794
15/05/2017,1.36402
22/05/2017,-5.29857
29/05/2017,0.46625
05/06/2017,-3.11602
12/06/2017,-0.27372
19/06/2017,-0.54895
26/06/2017,-1.01196
03/07/2017,5.57621
10/07/2017,4.20335
17/07/2017,-1.24604
24/07/2017,-3.25064
31/07/2017,2.0336
07/08/2017,-2.07972
14/08/2017,-1.41593
21/08/2017,-0.71813
28/08/2017,-1.35624
04/09/2017,-1.92484
11/09/2017,-2.61682
18/09/2017,5.56622
25/09/2017,2.45455
02/10/2017,2.30701
09/10/2017,1.69124
16/10/2017,-0.98081
23/10/2017,1.11972
30/10/2017,3.15162
06/11/2017,-2.89017
13/11/2017,0.08503
20/11/2017,0.25489
27/11/2017,-1.05932
04/12/2017,1.67024
11/12/2017,-0.33698
18/12/2017,0.16906
25/12/2017,4.53586
01/01/2018,-1.91726
08/01/2018,1.39918
15/01/2018,3.3888
22/01/2018,2.29637
29/01/2018,1.8419
05/02/2018,4.2954
12/02/2018,2.38439
19/02/2018,1.53493
26/02/2018,0.64292
05/03/2018,-1.10497
12/03/2018,0.55866
19/03/2018,-1.59722
26/03/2018,0.77629
02/04/2018,-3.53641
09/04/2018,1.34301
16/04/2018,0.78797
23/04/2018,3.41151
30/04/2018,2.68041
07/05/2018,-1.07095
14/05/2018,0.87957
21/05/2018,3.28638
28/05/2018,-2.75974
04/06/2018,-4.70785
11/06/2018,3.08339
18/06/2018,0.13596
25/06/2018,-1.62933
02/07/2018,-1.51829
09/07/2018,-0.57814
16/07/2018,0.44053
23/07/2018,1.26316
30/07/2018,2.6334
06/08/2018,0.13504
13/08/2018,-1.41605
20/08/2018,-2.12038
27/08/2018,-1.04822
03/09/2018,1.43008
10/09/2018,1.37511
17/09/2018,2.33516
24/09/2018,3.02013
01/10/2018,0.06515
08/10/2018,2.70182
15/10/2018,0.66561
22/10/2018,0.25189
29/10/2018,-2.19849
05/11/2018,1.66988
12/11/2018,1.62666
19/11/2018,-3.58974
26/11/2018,-1.35397
03/12/2018,-1.04575
10/12/2018,-5.21797
17/12/2018,0.76655
24/12/2018,-3.8036
31/12/2018,-1.24012
07/01/2019,-3.63967
14/01/2019,2.96506
21/01/2019,0.7887
28/01/2019,-0.0546
04/02/2019,-1.82083
11/02/2019,-1.03858
18/02/2019,0.35607
25/02/2019,-0.5789
04/03/2019,1.72802
11/03/2019,-1.69867
18/03/2019,-2.02855
25/03/2019,-3.68098
01/04/2019,-3.74204
08/04/2019,3.63937
15/04/2019,0.63847
22/04/2019,2.59715
29/04/2019,-1.91304
06/05/2019,-0.47281
13/05/2019,-2.92953
20/05/2019,-2.20228
27/05/2019,-1.4804
03/06/2019,-7.38624
10/06/2019,-3.10786
17/06/2019,-0.37736
24/06/2019,-3.50379
01/07/2019,-0.98135
08/07/2019,-0.52032
15/07/2019,4.40847
22/07/2019,-1.4313
29/07/2019,0.19361
05/08/2019,-7.343
12/08/2019,-10.84463
19/08/2019,-7.1345
26/08/2019,-1.51134
02/09/2019,-4.73146
09/09/2019,3.22148
16/09/2019,17.03511
23/09/2019,-1.55556
30/09/2019,-4.74041
07/10/2019,-6.75355
14/10/2019,4.19314
21/10/2019,7.80488
28/10/2019,1.47059
04/11/2019,-1.56076
11/11/2019,6.59683
18/11/2019,-1.51394
25/11/2019,-4.85437
02/12/2019,0.90703
09/12/2019,0.67416
16/12/2019,3.23661
23/12/2019,3.56757
30/12/2019,-1.09603
06/01/2020,-2.24274
13/01/2020,-0.35088
20/01/2020,-1.67931
27/01/2020,-5.23416
03/02/2020,-8.48837
10/02/2020,2.5413
17/02/2020,-0.71252
24/02/2020,-6.77067
02/03/2020,-17.13521
09/03/2020,-31.50242
16/03/2020,-2.59434
23/03/2020,21.06538
30/03/2020,-20.6
06/04/2020,-18.38791
13/04/2020,16.12654
20/04/2020,-12.82392
27/04/2020,-5.79268
04/05/2020,2.589
11/05/2020,8.20189
18/05/2020,-2.91545
25/05/2020,2.1021
01/06/2020,-0.58824
08/06/2020,20.11834
15/06/2020,-9.60591
22/06/2020,-1.63488
29/06/2020,-6.6482
06/07/2020,0.89021
13/07/2020,-5
20/07/2020,-2.47678
27/07/2020,-4.44444
03/08/2020,-5.98007
10/08/2020,-1.76678
17/08/2020,23.74101
24/08/2020,-4.36047
31/08/2020,8.81459
07/09/2020,-6.07542
14/09/2020,2.00743
21/09/2020,0.29155
28/09/2020,-2.32558
05/10/2020,4.46429
12/10/2020,11.82336
19/10/2020,-4.4586
26/10/2020,11.2
02/11/2020,0.23981
09/11/2020,1.91388
16/11/2020,7.39437
23/11/2020,-6.01093
30/11/2020,0
07/12/2020,9.30233
14/12/2020,-2.34043
21/12/2020,1.96078
28/12/2020,0.69444
04/01/2021,-1.06101
11/01/2021,14.95979
18/01/2021,5.17724
25/01/2021,-2.97118
01/02/2021,-2.01097
08/02/2021,8.20896
15/02/2021,1.07759
22/02/2021,12.40938
01/03/2021,8.95296
08/03/2021,5.57103
15/03/2021,3.95778
22/03/2021,6.47208
29/03/2021,-1.31108
05/04/2021,3.98551
12/04/2021,-3.01974
19/04/2021,-3.71257
26/04/2021,-1.99005
03/05/2021,3.93401
10/05/2021,-2.1978
17/05/2021,3.1211
24/05/2021,-0.84746
31/05/2021,-3.38828
07/06/2021,0.7267
14/06/2021,-6.399
21/06/2021,1.20643
28/06/2021,-0.66225
05/07/2021,-2.33333
12/07/2021,-7.84983
19/07/2021,-2.22222
26/07/2021,-3.18182
02/08/2021,-2.50391
09/08/2021,0.32103
16/08/2021,5.92
23/08/2021,-5.13595
30/08/2021,4.77707
06/09/2021,-0.6459
13/09/2021,2.63862
20/09/2021,-1.49031
27/09/2021,6.05144
04/10/2021,8.13124
11/10/2021,3.23219
18/10/2021,0.31949
25/10/2021,5.47771
01/11/2021,-4.95169
08/11/2021,-2.79543
15/11/2021,1.79739
22/11/2021,2.60032
29/11/2021,-1.28285
06/12/2021,-10.23772
13/12/2021,4.37853
20/12/2021,-2.70636
27/12/2021,2.92072
03/01/2022,4.18919
10/01/2022,12.06226
17/01/2022,0.83912
24/01/2022,3.64419
31/01/2022,-0.22148
07/02/2022,2.77469
14/02/2022,6.15551
21/02/2022,1.34791
28/02/2022,-2.73526
07/03/2022,-7.53354
14/03/2022,10.71429
21/03/2022,10.8871
28/03/2022,8.90909
04/04/2022,-0.75125
11/04/2022,12.02691
18/04/2022,4.16667
25/04/2022,3.71171
02/05/2022,-0.48645
09/05/2022,5.58659
16/05/2022,-3.76984
23/05/2022,-1.37457
30/05/2022,-4.18118
06/06/2022,6.98182
13/06/2022,6.25425
20/06/2022,6.76583
27/06/2022,-4.77903
04/07/2022,-4.34235
11/07/2022,-2.36842
18/07/2022,-0.80863
25/07/2022,-1.22283
01/08/2022,-6.87758
08/08/2022,1.62482
15/08/2022,2.32558
22/08/2022,3.69318
29/08/2022,5.13699
05/09/2022,3.58306
12/09/2022,4.33962
19/09/2022,3.79747
26/09/2022,6.56214
03/10/2022,3.26975
10/10/2022,-0.39578
17/10/2022,5.0596
24/10/2022,5.14372
31/10/2022,-3.02158
07/11/2022,2.37389
14/11/2022,-3.62319
21/11/2022,-5.31328
28/11/2022,-1.79989
05/12/2022,-2.5876
12/12/2022,-2.65634
19/12/2022,-0.5685
26/12/2022,5.70326
