Date,GBPCAD,GBP/USD,GBP/EUR
2015-01-02,1.8024,1.5388,1.279
2015-01-05,1.7966,1.524,1.2767
2015-01-06,1.7885,1.517,1.2727
2015-01-07,1.7872,1.5063,1.2762
2015-01-08,1.7831,1.5082,1.2789
2015-01-09,1.7956,1.5148,1.2801
2015-01-12,1.8061,1.5137,1.281
2015-01-13,1.8106,1.5176,1.2881
2015-01-14,1.8193,1.5213,1.2907
2015-01-15,1.8074,1.5168,1.3091
2015-01-16,1.8096,1.5113,1.315
2015-01-19,1.8127,1.5158,1.3031
2015-01-20,1.8369,1.5195,1.3129
2015-01-21,1.8572,1.5116,1.3046
2015-01-22,1.8601,1.5086,1.3214
2015-01-23,1.8635,1.5026,1.336
2015-01-26,1.8716,1.5051,1.3372
2015-01-27,1.8842,1.5205,1.3335
2015-01-28,1.889,1.5179,1.3385
2015-01-29,1.8953,1.5077,1.3299
2015-01-30,1.9037,1.5018,1.3309
2015-02-02,1.8925,1.5035,1.3256
2015-02-03,1.8876,1.5114,1.3201
2015-02-04,1.9125,1.5215,1.3317
2015-02-05,1.899,1.5286,1.3376
2015-02-06,1.9069,1.5269,1.346
2015-02-09,1.8994,1.524,1.3444
2015-02-10,1.9104,1.526,1.3476
2015-02-11,1.9318,1.5266,1.3504
2015-02-12,1.9215,1.5363,1.3509
2015-02-13,1.9166,1.5393,1.3499
2015-02-16,1.9198,1.5379,1.3486
2015-02-17,1.9058,1.5336,1.3451
2015-02-18,1.9205,1.5447,1.3597
2015-02-19,1.9322,1.5439,1.3556
2015-02-20,1.9236,1.5374,1.3523
2015-02-23,1.9435,1.5449,1.3605
2015-02-24,1.9452,1.5459,1.3637
2015-02-25,1.927,1.5488,1.3637
2015-02-26,1.9246,1.541,1.3742
2015-02-27,1.9292,1.5451,1.3775
2015-03-02,1.9242,1.5362,1.3723
2015-03-03,1.9149,1.5372,1.3743
2015-03-04,1.9021,1.5269,1.3794
2015-03-05,1.9019,1.5237,1.3812
2015-03-06,1.8971,1.5061,1.3868
2015-03-09,1.9019,1.5096,1.3918
2015-03-10,1.906,1.5085,1.4089
2015-03-11,1.9076,1.4945,1.4134
2015-03-12,1.8919,1.4905,1.4043
2015-03-13,1.8892,1.4755,1.4022
2015-03-16,1.8891,1.48,1.3995
2015-03-17,1.8828,1.4743,1.3902
2015-03-18,1.8757,1.4686,1.3799
2015-03-19,1.8768,1.4727,1.3866
2015-03-20,1.8794,1.4922,1.3828
2015-03-23,1.8694,1.4936,1.3668
2015-03-24,1.8603,1.4868,1.3633
2015-03-25,1.8666,1.4915,1.3576
2015-03-26,1.8509,1.4843,1.3594
2015-03-27,1.8715,1.4878,1.3661
2015-03-30,1.8799,1.4806,1.367
2015-03-31,1.8805,1.4847,1.3821
2015-04-01,1.8733,1.4816,1.3773
2015-04-02,1.8652,1.4828,1.363
2015-04-07,1.8555,1.4868,1.3693
2015-04-08,1.8703,1.4924,1.383
2015-04-09,1.8577,1.4737,1.3803
2015-04-10,1.8435,1.4651,1.3792
2015-04-13,1.8447,1.4642,1.3846
2015-04-14,1.8434,1.479,1.383
2015-04-15,1.8326,1.4766,1.3918
2015-04-16,1.8227,1.4899,1.3923
2015-04-17,1.8281,1.4961,1.3884
2015-04-20,1.8195,1.4915,1.3869
2015-04-21,1.8326,1.4933,1.3902
2015-04-22,1.8424,1.5036,1.4022
2015-04-23,1.8306,1.5054,1.3936
2015-04-24,1.846,1.5165,1.3959
2015-04-27,1.8401,1.5211,1.3977
2015-04-28,1.8436,1.5324,1.3954
2015-04-29,1.8486,1.5454,1.3859
2015-04-30,1.8615,1.5368,1.372
2015-05-01,1.846,1.5177,1.3527
2015-05-05,1.8239,1.5193,1.3581
2015-05-06,1.825,1.5248,1.343
2015-05-07,1.847,1.52,1.3498
2015-05-08,1.8715,1.5422,1.3743
2015-05-11,1.8811,1.5562,1.3959
2015-05-12,1.8789,1.5663,1.3926
2015-05-13,1.8842,1.5729,1.3857
2015-05-14,1.8854,1.5759,1.3847
2015-05-15,1.8959,1.5789,1.3804
2015-05-18,1.9022,1.5682,1.3799
2015-05-19,1.899,1.5507,1.3934
2015-05-20,1.9016,1.5556,1.4006
2015-05-21,1.9141,1.5666,1.4088
2015-05-22,1.9038,1.5501,1.4057
2015-05-26,1.9105,1.5384,1.4116
2015-05-27,1.9134,1.5332,1.4092
2015-05-28,1.912,1.5292,1.4006
2015-05-29,1.904,1.5261,1.392
2015-06-01,1.9074,1.5207,1.3955
2015-06-02,1.9072,1.5329,1.3774
2015-06-03,1.9084,1.5331,1.3609
2015-06-04,1.9152,1.5365,1.3618
2015-06-05,1.9009,1.5241,1.3721
2015-06-08,1.9015,1.5274,1.3629
2015-06-09,1.8886,1.5317,1.3622
2015-06-10,1.9053,1.5541,1.3749
2015-06-11,1.9063,1.5493,1.3792
2015-06-12,1.9152,1.5568,1.3815
2015-06-15,1.9171,1.5542,1.3811
2015-06-16,1.9274,1.5627,1.3908
2015-06-17,1.9353,1.571,1.3986
2015-06-18,1.937,1.5881,1.3927
2015-06-19,1.9507,1.5884,1.4019
2015-06-22,1.9423,1.5819,1.3879
2015-06-23,1.9403,1.5729,1.4063
2015-06-24,1.9488,1.572,1.4057
2015-06-25,1.9419,1.5724,1.4049
2015-06-26,1.9479,1.5729,1.4122
2015-06-29,1.9493,1.5744,1.4119
2015-06-30,1.9635,1.5729,1.4118
2015-07-01,1.9607,1.5633,1.4072
2015-07-02,1.9603,1.5605,1.405
2015-07-03,1.9617,1.5605,1.4057
2015-07-06,1.9693,1.5602,1.4088
2015-07-07,1.9685,1.5419,1.4099
2015-07-08,1.9538,1.5353,1.3874
2015-07-09,1.96,1.5387,1.3931
2015-07-10,1.9739,1.5508,1.388
2015-07-13,1.9828,1.5526,1.4104
2015-07-14,1.9824,1.557,1.4155
2015-07-15,2.0137,1.5616,1.4248
2015-07-16,2.0159,1.5592,1.4294
2015-07-17,2.0287,1.5633,1.4402
2015-07-20,2.0224,1.5592,1.4352
2015-07-21,2.0123,1.5561,1.4229
2015-07-22,2.0361,1.5631,1.435
2015-07-23,2.0179,1.5528,1.4142
2015-07-24,2.0257,1.5505,1.4134
2015-07-27,2.0289,1.5578,1.4028
2015-07-28,2.0229,1.558,1.4114
2015-07-29,2.0185,1.565,1.4189
2015-07-30,2.0346,1.5609,1.4289
2015-07-31,2.0292,1.5606,1.4126
2015-08-03,2.0494,1.5619,1.4234
2015-08-04,2.0477,1.5598,1.423
2015-08-05,2.0539,1.5606,1.4361
2015-08-06,2.0416,1.5503,1.4206
2015-08-07,2.0238,1.5471,1.4144
2015-08-10,2.0327,1.5544,1.4157
2015-08-11,2.0437,1.5569,1.4095
2015-08-12,2.0304,1.5638,1.3974
2015-08-13,2.0392,1.5584,1.4003
2015-08-14,2.0395,1.5607,1.4044
2015-08-17,2.0453,1.5599,1.4085
2015-08-18,2.0473,1.5653,1.4186
2015-08-19,2.0546,1.5641,1.4148
2015-08-20,2.0525,1.5663,1.3991
2015-08-21,2.062,1.567,1.3853
2015-08-24,2.0762,1.5738,1.3598
2015-08-25,2.0847,1.5697,1.3755
2015-08-26,2.0668,1.5541,1.3622
2015-08-27,2.0365,1.5373,1.3708
2015-08-28,2.0307,1.5354,1.3689
2015-09-01,2.0244,1.5325,1.3615
2015-09-02,2.0352,1.5293,1.3618
2015-09-03,2.0046,1.5228,1.3724
2015-09-04,2.0124,1.5174,1.3652
2015-09-07,2.0301,1.5267,1.3678
2015-09-08,2.0343,1.5359,1.3738
2015-09-09,2.0267,1.5368,1.3767
2015-09-10,2.0457,1.5429,1.3759
2015-09-11,2.0499,1.5402,1.3655
2015-09-14,2.0406,1.5383,1.3633
2015-09-15,2.0377,1.5357,1.3623
2015-09-16,2.0486,1.5516,1.3738
2015-09-17,2.0469,1.552,1.3727
2015-09-18,2.0423,1.5585,1.3707
2015-09-21,2.0522,1.5484,1.3832
2015-09-22,2.0391,1.5344,1.3781
2015-09-23,2.0229,1.5225,1.3663
2015-09-24,2.0407,1.5284,1.3535
2015-09-25,2.0239,1.5174,1.3582
2015-09-28,2.0289,1.5175,1.3544
2015-09-29,2.0303,1.5138,1.3494
2015-09-30,2.0309,1.5147,1.3565
2015-10-01,2.0044,1.5155,1.3526
2015-10-02,2.0081,1.52,1.3482
2015-10-05,1.9891,1.5179,1.3537
2015-10-06,1.9884,1.5212,1.3507
2015-10-07,1.9924,1.5313,1.363
2015-10-08,1.996,1.5295,1.3564
2015-10-09,1.9787,1.5308,1.348
2015-10-12,1.9883,1.5343,1.349
2015-10-13,1.9755,1.5224,1.3386
2015-10-14,2.0059,1.5436,1.3498
2015-10-15,1.9924,1.5459,1.3578
2015-10-16,1.9955,1.5446,1.3577
2015-10-19,2.0087,1.548,1.3688
2015-10-20,2.0011,1.546,1.3631
2015-10-21,2.0248,1.5459,1.3614
2015-10-22,2.021,1.5411,1.3808
2015-10-23,2.0192,1.5352,1.3913
2015-10-26,2.0177,1.5361,1.3901
2015-10-27,2.0276,1.5312,1.3855
2015-10-28,2.0146,1.532,1.3847
2015-10-29,2.0142,1.5294,1.3954
2015-10-30,2.0206,1.5443,1.3987
2015-11-02,2.0195,1.5428,1.398
2015-11-03,2.0191,1.5399,1.4062
2015-11-04,2.0211,1.5384,1.4166
2015-11-05,2.0075,1.525,1.4036
2015-11-06,2.0043,1.5077,1.4037
2015-11-09,2.0057,1.5108,1.4059
2015-11-10,2.0048,1.511,1.4131
2015-11-11,2.0173,1.5201,1.4168
2015-11-12,2.0216,1.5194,1.4129
2015-11-13,2.0279,1.5196,1.4161
2015-11-16,2.0318,1.5198,1.4181
2015-11-17,2.0271,1.5217,1.4286
2015-11-18,2.0293,1.5211,1.4285
2015-11-19,2.0295,1.5295,1.4246
2015-11-20,2.029,1.5217,1.4272
2015-11-23,2.0215,1.5131,1.4256
2015-11-24,2.0095,1.5069,1.4161
2015-11-25,2.0062,1.5068,1.4212
2015-11-26,2.0112,1.5126,1.4244
2015-11-27,2.0121,1.5053,1.4208
2015-11-30,2.0051,1.5053,1.4253
2015-12-01,2.013,1.5054,1.4191
2015-12-02,1.9948,1.4942,1.4139
2015-12-03,2.0138,1.5036,1.3859
2015-12-04,2.016,1.5101,1.3869
2015-12-07,2.0323,1.5071,1.389
2015-12-08,2.0312,1.4984,1.3783
2015-12-09,2.0581,1.5182,1.385
2015-12-10,2.0608,1.5163,1.3865
2015-12-11,2.0847,1.5211,1.3829
2015-12-14,2.0781,1.5116,1.3707
2015-12-15,2.07,1.5048,1.3779
2015-12-16,2.0749,1.5005,1.3708
2015-12-17,2.0748,1.4882,1.3736
2015-12-18,2.0692,1.4893,1.3733
2015-12-21,2.0811,1.4886,1.3633
2015-12-22,2.0665,1.4825,1.3518
2015-12-23,2.0604,1.4868,1.3667
2015-12-24,2.0689,1.4921,1.363
2015-12-29,2.0484,1.4795,1.3567
2015-12-30,2.0599,1.4833,1.3591
2015-12-31,2.0584,1.4819,1.3605
2016-01-04,2.0481,1.4689,1.3598
2016-01-05,2.0482,1.4647,1.3661
2016-01-06,2.0584,1.4607,1.3595
2016-01-07,2.049,1.4566,1.3452
2016-01-08,2.0584,1.454,1.333
2016-01-11,2.0618,1.4531,1.3391
2016-01-12,2.0505,1.4366,1.3275
2016-01-13,2.0589,1.4441,1.3316
2016-01-14,2.0664,1.4393,1.3276
2016-01-15,2.0722,1.4307,1.3068
2016-01-18,2.0711,1.427,1.3125
2016-01-19,2.0541,1.4144,1.298
2016-01-20,2.0778,1.4186,1.3017
2016-01-21,2.0264,1.4135,1.306
2016-01-22,2.0254,1.4331,1.324
2016-01-25,2.0311,1.4267,1.3169
2016-01-26,2.019,1.4325,1.3204
2016-01-27,2.0091,1.4258,1.3117
2016-01-28,2.027,1.4388,1.3152
2016-01-29,1.9968,1.4187,1.3113
2016-02-01,2.0122,1.4366,1.3191
2016-02-02,2.0228,1.4376,1.3185
2016-02-03,2.0198,1.4592,1.3207
2016-02-04,1.9953,1.4578,1.3053
2016-02-05,2.0058,1.4482,1.2999
2016-02-08,2.0071,1.4368,1.2891
2016-02-09,2.002,1.4484,1.2806
2016-02-10,2.0131,1.446,1.2912
2016-02-11,2.0182,1.4435,1.2726
2016-02-12,2.01,1.4458,1.2857
2016-02-15,1.9985,1.4455,1.297
2016-02-16,1.9877,1.4307,1.2839
2016-02-17,1.96,1.4314,1.286
2016-02-18,1.9657,1.4366,1.2942
2016-02-19,1.9741,1.4266,1.2845
2016-02-22,1.9347,1.4135,1.2819
2016-02-23,1.9466,1.4105,1.2795
2016-02-24,1.9196,1.3932,1.2637
2016-02-25,1.8968,1.3949,1.2641
2016-02-26,1.8768,1.3862,1.2687
2016-02-29,1.8881,1.3929,1.2821
2016-03-01,1.8721,1.3925,1.2822
2016-03-02,1.8909,1.4064,1.2989
2016-03-03,1.8939,1.4156,1.2948
2016-03-04,1.8995,1.4216,1.2914
2016-03-07,1.8887,1.4205,1.2932
2016-03-08,1.9056,1.4211,1.2851
2016-03-09,1.8917,1.4222,1.2921
2016-03-10,1.907,1.4307,1.2835
2016-03-11,1.9062,1.4395,1.29
2016-03-14,1.904,1.4323,1.2897
2016-03-15,1.8922,1.4165,1.2747
2016-03-16,1.8842,1.4099,1.273
2016-03-17,1.8811,1.449,1.2805
2016-03-18,1.8845,1.4514,1.2853
2016-03-21,1.8819,1.4402,1.279
2016-03-22,1.8557,1.4217,1.2663
2016-03-23,1.8631,1.4111,1.2626
2016-03-24,1.8771,1.4143,1.267
2016-03-29,1.8778,1.4266,1.275
2016-03-30,1.8696,1.4448,1.2725
2016-03-31,1.8594,1.4378,1.2616
2016-04-01,1.8572,1.4185,1.2503
2016-04-04,1.8655,1.4291,1.2556
2016-04-05,1.8629,1.4133,1.2424
2016-04-06,1.852,1.4086,1.2384
2016-04-07,1.8549,1.4094,1.2386
2016-04-08,1.8301,1.4106,1.2366
2016-04-11,1.8425,1.4263,1.2464
2016-04-12,1.8256,1.4208,1.2491
2016-04-13,1.8152,1.4207,1.259
2016-04-14,1.8154,1.414,1.2554
2016-04-15,1.8257,1.4178,1.2551
2016-04-18,1.8334,1.4274,1.26
2016-04-19,1.8217,1.4402,1.2659
2016-04-20,1.8233,1.4401,1.2711
2016-04-21,1.8224,1.4338,1.2702
2016-04-22,1.8223,1.4409,1.2822
2016-04-25,1.8363,1.45,1.2868
2016-04-26,1.8405,1.4584,1.2899
2016-04-27,1.8389,1.4537,1.2856
2016-04-28,1.8275,1.4571,1.2878
2016-04-29,1.8349,1.465,1.2791
2016-05-03,1.8471,1.4551,1.2634
2016-05-04,1.8627,1.4482,1.2601
2016-05-05,1.8639,1.4497,1.2718
2016-05-06,1.865,1.4432,1.2635
2016-05-09,1.8681,1.4398,1.2634
2016-05-10,1.8724,1.4462,1.2694
2016-05-11,1.859,1.4465,1.2653
2016-05-12,1.8581,1.4503,1.272
2016-05-13,1.8566,1.4351,1.27
2016-05-16,1.858,1.4405,1.2712
2016-05-17,1.8667,1.4467,1.2764
2016-05-18,1.8914,1.4617,1.2961
2016-05-19,1.9171,1.4585,1.3017
2016-05-20,1.9054,1.4515,1.2946
2016-05-23,1.9026,1.4461,1.2915
2016-05-24,1.9133,1.4609,1.3091
2016-05-25,1.9253,1.4714,1.3202
2016-05-26,1.906,1.4682,1.3127
2016-05-27,1.9049,1.4616,1.3129
2016-05-31,1.9036,1.4557,1.3077
2016-06-01,1.8869,1.4414,1.2898
2016-06-02,1.8947,1.4447,1.2947
2016-06-03,1.8813,1.4517,1.2814
2016-06-06,1.8573,1.4464,1.2726
2016-06-07,1.8634,1.456,1.2823
2016-06-08,1.8461,1.4552,1.2773
2016-06-09,1.8405,1.4465,1.2771
2016-06-10,1.8251,1.4334,1.2687
2016-06-13,1.8222,1.4282,1.2639
2016-06-14,1.8142,1.4114,1.2589
2016-06-15,1.8324,1.4196,1.2634
2016-06-16,1.8331,1.4064,1.2617
2016-06-17,1.8399,1.4293,1.2709
2016-06-20,1.8802,1.4694,1.296
2016-06-21,1.8803,1.467,1.3018
2016-06-22,1.8826,1.4687,1.3018
2016-06-23,1.8882,1.4798,1.3039
2016-06-24,1.7582,1.3621,1.2254
2016-06-27,1.7233,1.3152,1.1986
2016-06-28,1.7428,1.3322,1.2054
2016-06-29,1.757,1.3523,1.2177
2016-06-30,1.7446,1.3429,1.2081
2016-07-01,1.7112,1.327,1.192
2016-07-04,1.7063,1.3287,1.1929
2016-07-05,1.6901,1.3048,1.175
2016-07-06,1.6792,1.2885,1.1639
2016-07-07,1.6728,1.2932,1.168
2016-07-08,1.6961,1.296,1.1743
2016-07-11,1.7006,1.2987,1.1759
2016-07-12,1.7188,1.3186,1.1909
2016-07-13,1.7158,1.3215,1.1903
2016-07-14,1.7219,1.3323,1.1998
2016-07-15,1.7117,1.3231,1.1952
2016-07-18,1.7276,1.3286,1.2006
2016-07-19,1.711,1.3136,1.193
2016-07-20,1.7167,1.3175,1.1969
2016-07-21,1.7218,1.3211,1.2017
2016-07-22,1.723,1.3085,1.1917
2016-07-25,1.7359,1.3122,1.1961
2016-07-26,1.7333,1.3116,1.1944
2016-07-27,1.7338,1.3114,1.1936
2016-07-28,1.7307,1.312,1.1838
2016-07-29,1.7301,1.3267,1.1867
2016-08-01,1.73,1.3206,1.1823
2016-08-02,1.7386,1.3306,1.1859
2016-08-03,1.7444,1.3322,1.1924
2016-08-04,1.7118,1.3128,1.1786
2016-08-05,1.721,1.3059,1.1797
2016-08-08,1.717,1.3038,1.1774
2016-08-09,1.7043,1.2992,1.1694
2016-08-10,1.6981,1.3014,1.1656
2016-08-11,1.6884,1.2966,1.16
2016-08-12,1.6743,1.2935,1.1572
2016-08-15,1.6623,1.2875,1.1499
2016-08-16,1.6707,1.2967,1.1517
2016-08-17,1.6732,1.3009,1.1538
2016-08-18,1.682,1.3162,1.162
2016-08-19,1.681,1.3056,1.1527
2016-08-22,1.6983,1.3146,1.1604
2016-08-23,1.696,1.3186,1.1645
2016-08-24,1.7152,1.325,1.1779
2016-08-25,1.7056,1.3189,1.1692
2016-08-26,1.701,1.32,1.1703
2016-08-30,1.7135,1.3096,1.1744
2016-08-31,1.7187,1.3099,1.1765
2016-09-01,1.741,1.3299,1.1883
2016-09-02,1.7327,1.3309,1.1923
2016-09-05,1.7183,1.3293,1.1931
2016-09-06,1.7247,1.343,1.1947
2016-09-07,1.7213,1.334,1.1866
2016-09-08,1.7168,1.3316,1.181
2016-09-09,1.7255,1.3259,1.1827
2016-09-12,1.7402,1.3303,1.1861
2016-09-13,1.7344,1.3181,1.1726
2016-09-14,1.7387,1.3176,1.172
2016-09-15,1.7337,1.3192,1.1735
2016-09-16,1.7292,1.3079,1.1718
2016-09-19,1.7231,1.3061,1.168
2016-09-20,1.7125,1.2949,1.1597
2016-09-21,1.7116,1.2958,1.1632
2016-09-22,1.7056,1.3094,1.1649
2016-09-23,1.7014,1.296,1.1552
2016-09-26,1.7085,1.2976,1.1515
2016-09-27,1.7219,1.2987,1.1598
2016-09-28,1.7223,1.299,1.1607
2016-09-29,1.7006,1.2982,1.156
2016-09-30,1.7073,1.2991,1.1558
2016-10-03,1.6852,1.2834,1.1442
2016-10-04,1.6789,1.2754,1.1429
2016-10-05,1.6808,1.2742,1.1376
2016-10-06,1.6736,1.2646,1.1321
2016-10-07,1.6521,1.2465,1.1154
2016-10-10,1.6276,1.2377,1.1093
2016-10-11,1.6164,1.2227,1.1058
2016-10-12,1.6174,1.2183,1.1064
2016-10-13,1.614,1.2193,1.1054
2016-10-14,1.6038,1.2195,1.1082
2016-10-17,1.5984,1.2155,1.106
2016-10-18,1.6161,1.2302,1.1212
2016-10-19,1.5992,1.2288,1.1204
2016-10-20,1.6178,1.2244,1.1206
2016-10-21,1.6262,1.2195,1.1218
2016-10-24,1.63,1.2205,1.1215
2016-10-25,1.6201,1.2133,1.1173
2016-10-26,1.6316,1.2239,1.121
2016-10-27,1.6304,1.2179,1.1155
2016-10-28,1.6238,1.2145,1.1115
2016-10-31,1.637,1.2214,1.1142
2016-11-01,1.635,1.222,1.1066
2016-11-02,1.6486,1.2315,1.1076
2016-11-03,1.6671,1.2455,1.1225
2016-11-04,1.6829,1.2545,1.128
2016-11-07,1.6607,1.2393,1.1232
2016-11-08,1.6548,1.2407,1.1232
2016-11-09,1.6732,1.2444,1.1366
2016-11-10,1.6852,1.2486,1.1477
2016-11-11,1.7012,1.2579,1.1592
2016-11-14,1.6909,1.2453,1.1613
2016-11-15,1.6684,1.2384,1.1544
2016-11-16,1.6679,1.2423,1.1641
2016-11-17,1.6684,1.2437,1.1652
2016-11-18,1.6643,1.2312,1.1644
2016-11-21,1.6714,1.2474,1.1744
2016-11-22,1.667,1.2422,1.1735
2016-11-23,1.6732,1.2399,1.1772
2016-11-24,1.6814,1.2464,1.1801
2016-11-25,1.6829,1.2453,1.1744
2016-11-28,1.6661,1.2412,1.1728
2016-11-29,1.6818,1.2507,1.1779
2016-11-30,1.6806,1.2497,1.178
2016-12-01,1.6826,1.2622,1.1893
2016-12-02,1.6838,1.2658,1.1873
2016-12-05,1.6848,1.2707,1.1848
2016-12-06,1.6893,1.2712,1.1845
2016-12-07,1.6701,1.2609,1.1711
2016-12-08,1.6603,1.2555,1.1829
2016-12-09,1.6538,1.2564,1.1925
2016-12-12,1.6636,1.2669,1.1942
2016-12-13,1.6644,1.2684,1.1921
2016-12-14,1.6638,1.2701,1.1926
2016-12-15,1.6624,1.2409,1.1915
2016-12-16,1.6621,1.2434,1.1944
2016-12-19,1.6598,1.2392,1.1874
2016-12-20,1.6543,1.2353,1.1905
2016-12-21,1.6583,1.2376,1.1862
2016-12-22,1.657,1.2298,1.1757
2016-12-23,1.6547,1.2256,1.1725
2016-12-28,1.6596,1.2227,1.1764
2016-12-29,1.6488,1.2226,1.1657
2016-12-30,1.6576,1.2303,1.1651
2017-01-03,1.6422,1.224,1.1786
2017-01-04,1.634,1.2296,1.1737
2017-01-05,1.6405,1.2425,1.1719
2017-01-06,1.6268,1.2318,1.1649
2017-01-09,1.6052,1.2147,1.1508
2017-01-10,1.609,1.2184,1.15
2017-01-11,1.6003,1.2071,1.1524
2017-01-12,1.6057,1.2219,1.147
2017-01-13,1.5992,1.2184,1.1468
2017-01-16,1.5867,1.2065,1.1375
2017-01-17,1.6177,1.2385,1.1583
2017-01-18,1.6162,1.2345,1.1545
2017-01-19,1.6399,1.2304,1.1597
2017-01-20,1.6428,1.2323,1.1539
2017-01-23,1.6617,1.2495,1.1624
2017-01-24,1.6472,1.2513,1.1638
2017-01-25,1.6506,1.2605,1.1735
2017-01-26,1.6497,1.2589,1.1797
2017-01-27,1.6476,1.2553,1.1725
2017-01-30,1.6382,1.2515,1.1709
2017-01-31,1.6411,1.2589,1.1646
2017-02-01,1.654,1.2647,1.1756
2017-02-02,1.6303,1.253,1.1595
2017-02-03,1.6258,1.2505,1.1592
2017-02-06,1.6328,1.2444,1.1588
2017-02-07,1.635,1.2429,1.1629
2017-02-08,1.6473,1.2533,1.1705
2017-02-09,1.6448,1.2528,1.1748
2017-02-10,1.6321,1.2482,1.1748
2017-02-13,1.6361,1.2503,1.179
2017-02-14,1.6328,1.2463,1.1799
2017-02-15,1.6291,1.2447,1.1772
2017-02-16,1.6325,1.25,1.1716
2017-02-17,1.6301,1.2432,1.17
2017-02-20,1.6333,1.2473,1.1744
2017-02-21,1.6379,1.2468,1.1833
2017-02-22,1.6437,1.2458,1.1811
2017-02-23,1.6433,1.2548,1.1846
2017-02-24,1.6361,1.2489,1.1818
2017-02-27,1.6337,1.247,1.1749
2017-02-28,1.6483,1.2445,1.1713
2017-03-01,1.6446,1.2317,1.1669
2017-03-02,1.6429,1.2285,1.1672
2017-03-03,1.6447,1.2261,1.1606
2017-03-06,1.6416,1.2255,1.1562
2017-03-07,1.6348,1.2194,1.1526
2017-03-08,1.6382,1.2168,1.1527
2017-03-09,1.6428,1.215,1.1483
2017-03-10,1.6388,1.2167,1.1417
2017-03-13,1.646,1.2234,1.1466
2017-03-14,1.6382,1.2167,1.143
2017-03-15,1.644,1.2222,1.1497
2017-03-16,1.647,1.2368,1.1519
2017-03-17,1.6538,1.2371,1.1516
2017-03-20,1.6519,1.2366,1.15
2017-03-21,1.6625,1.2479,1.1545
2017-03-22,1.665,1.2476,1.1551
2017-03-23,1.67,1.2526,1.1611
2017-03-24,1.6704,1.249,1.1559
2017-03-27,1.6821,1.257,1.1548
2017-03-28,1.6778,1.2536,1.1535
2017-03-29,1.6608,1.2411,1.1545
2017-03-30,1.6599,1.2489,1.1636
2017-03-31,1.6683,1.2507,1.1694
2017-04-03,1.6715,1.2483,1.1718
2017-04-04,1.6718,1.2448,1.1673
2017-04-05,1.6737,1.2477,1.1703
2017-04-06,1.676,1.2495,1.1724
2017-04-07,1.6592,1.2392,1.167
2017-04-10,1.6604,1.2426,1.1724
2017-04-11,1.6669,1.2489,1.1751
2017-04-12,1.66,1.251,1.1781
2017-04-13,1.6608,1.2517,1.1782
2017-04-18,1.7067,1.2765,1.1931
2017-04-19,1.7219,1.2811,1.1957
2017-04-20,1.7334,1.2841,1.1927
2017-04-21,1.7269,1.2777,1.1955
2017-04-24,1.7237,1.2777,1.1764
2017-04-25,1.7449,1.2829,1.174
2017-04-26,1.7434,1.2858,1.1822
2017-04-27,1.7598,1.2895,1.1868
2017-04-28,1.7689,1.2938,1.1881
2017-05-02,1.7747,1.292,1.1848
2017-05-03,1.7679,1.2896,1.1821
2017-05-04,1.7717,1.2915,1.18
2017-05-05,1.7741,1.2958,1.1796
2017-05-08,1.7738,1.2941,1.1839
2017-05-09,1.7747,1.2951,1.1891
2017-05-10,1.7684,1.2949,1.1912
2017-05-11,1.7621,1.2876,1.1849
2017-05-12,1.769,1.289,1.1802
2017-05-15,1.7638,1.2918,1.1766
2017-05-16,1.7578,1.2918,1.1656
2017-05-17,1.7641,1.2972,1.1637
2017-05-18,1.7666,1.2999,1.1681
2017-05-19,1.7642,1.3026,1.1635
2017-05-22,1.7557,1.3016,1.1573
2017-05-23,1.7504,1.298,1.1559
2017-05-24,1.741,1.295,1.1579
2017-05-25,1.7403,1.2947,1.1546
2017-05-26,1.7204,1.2791,1.1435
2017-05-30,1.7323,1.2862,1.1507
2017-05-31,1.7438,1.2912,1.1481
2017-06-01,1.7398,1.2903,1.1494
2017-06-02,1.7407,1.2882,1.1424
2017-06-05,1.7443,1.293,1.1492
2017-06-06,1.7366,1.2895,1.1445
2017-06-07,1.7492,1.2959,1.1505
2017-06-08,1.7482,1.2947,1.1538
2017-06-09,1.7115,1.2742,1.1393
2017-06-12,1.7034,1.2673,1.1312
2017-06-13,1.6835,1.273,1.1359
2017-06-14,1.6889,1.2789,1.1338
2017-06-15,1.6968,1.2761,1.1446
2017-06-16,1.6951,1.2801,1.143
2017-06-19,1.6849,1.2758,1.1425
2017-06-20,1.6752,1.2618,1.134
2017-06-21,1.6823,1.2664,1.1366
2017-06-22,1.6747,1.2661,1.1348
2017-06-23,1.6888,1.2738,1.1373
2017-06-26,1.6864,1.2738,1.137
2017-06-27,1.6848,1.2777,1.132
2017-06-28,1.6906,1.2942,1.139
2017-06-29,1.6881,1.2995,1.1374
2017-06-30,1.687,1.299,1.1391
2017-07-03,1.681,1.2937,1.138
2017-07-04,1.6702,1.2929,1.1389
2017-07-05,1.6806,1.2925,1.1409
2017-07-06,1.6757,1.2947,1.1355
2017-07-07,1.6604,1.288,1.1306
2017-07-10,1.6561,1.2862,1.1293
2017-07-11,1.6596,1.2844,1.1247
2017-07-12,1.653,1.289,1.1287
2017-07-13,1.6486,1.2933,1.1342
2017-07-14,1.6587,1.3086,1.1434
2017-07-17,1.6526,1.3066,1.139
2017-07-18,1.6447,1.3018,1.1241
2017-07-19,1.643,1.3043,1.1324
2017-07-20,1.6301,1.2989,1.1164
2017-07-21,1.6273,1.299,1.1145
2017-07-24,1.632,1.3047,1.1206
2017-07-25,1.6352,1.305,1.1191
2017-07-26,1.6364,1.3056,1.1226
2017-07-27,1.6373,1.3087,1.1219
2017-07-28,1.6296,1.3119,1.1168
2017-07-31,1.6489,1.3183,1.1182
2017-08-01,1.6519,1.3229,1.1202
2017-08-02,1.6631,1.3223,1.1152
2017-08-03,1.6502,1.3144,1.1065
2017-08-04,1.6497,1.3038,1.1096
2017-08-07,1.6524,1.3023,1.104
2017-08-08,1.6438,1.296,1.104
2017-08-09,1.6513,1.2993,1.1063
2017-08-10,1.6502,1.299,1.1056
2017-08-11,1.6461,1.2977,1.1005
2017-08-14,1.6474,1.2987,1.1022
2017-08-15,1.6399,1.2854,1.0968
2017-08-16,1.6346,1.2869,1.0996
2017-08-17,1.6306,1.2891,1.0976
2017-08-18,1.62,1.2857,1.0943
2017-08-21,1.6242,1.2904,1.0922
2017-08-22,1.6095,1.2835,1.091
2017-08-23,1.6077,1.2796,1.0829
2017-08-24,1.6026,1.2798,1.0841
2017-08-25,1.6092,1.2877,1.0847
2017-08-29,1.6198,1.2952,1.0771
2017-08-30,1.6301,1.292,1.0846
2017-08-31,1.6159,1.2886,1.0837
2017-09-01,1.6062,1.2973,1.0923
2017-09-04,1.6087,1.2957,1.0877
2017-09-05,1.6079,1.3027,1.0931
2017-09-06,1.5987,1.3071,1.0947
2017-09-07,1.593,1.3112,1.0918
2017-09-08,1.6021,1.3184,1.097
2017-09-11,1.6005,1.3183,1.1001
2017-09-12,1.6107,1.3263,1.1095
2017-09-13,1.6133,1.323,1.1102
2017-09-14,1.628,1.335,1.1244
2017-09-15,1.6549,1.3596,1.1365
2017-09-18,1.6561,1.3557,1.1339
2017-09-19,1.6617,1.3523,1.1291
2017-09-20,1.6621,1.3567,1.1311
2017-09-21,1.6717,1.3543,1.1359
2017-09-22,1.6638,1.3527,1.1303
2017-09-25,1.6645,1.3484,1.1365
2017-09-26,1.6624,1.3417,1.1402
2017-09-27,1.656,1.3386,1.141
2017-09-28,1.6759,1.3444,1.1408
2017-09-29,1.6773,1.3416,1.1349
2017-10-02,1.6594,1.3276,1.1313
2017-10-03,1.6566,1.3245,1.1269
2017-10-04,1.6564,1.3277,1.129
2017-10-05,1.6461,1.3139,1.1216
2017-10-06,1.6373,1.3058,1.1128
2017-10-09,1.6483,1.3132,1.1188
2017-10-10,1.6516,1.3219,1.1185
2017-10-11,1.6507,1.3189,1.1135
2017-10-12,1.6421,1.3165,1.1114
2017-10-13,1.6605,1.3305,1.1241
2017-10-16,1.6656,1.3282,1.1259
2017-10-17,1.6559,1.3169,1.1207
2017-10-18,1.6432,1.3171,1.1184
2017-10-19,1.6454,1.3203,1.114
2017-10-20,1.6627,1.319,1.119
2017-10-23,1.6672,1.3185,1.1226
2017-10-24,1.6624,1.3119,1.1154
2017-10-25,1.6948,1.3253,1.1221
2017-10-26,1.6894,1.3171,1.1254
2017-10-27,1.69,1.3112,1.1322
2017-10-30,1.6934,1.3195,1.1349
2017-10-31,1.7126,1.328,1.14
2017-11-01,1.709,1.3257,1.1412
2017-11-02,1.6739,1.3068,1.1195
2017-11-03,1.6687,1.3067,1.1248
2017-11-06,1.6749,1.3121,1.1325
2017-11-07,1.6818,1.3141,1.1353
2017-11-08,1.6691,1.31,1.1307
2017-11-09,1.6659,1.3118,1.1285
2017-11-10,1.6759,1.322,1.1337
2017-11-13,1.668,1.3112,1.124
2017-11-14,1.6745,1.3118,1.1159
2017-11-15,1.6814,1.3163,1.1154
2017-11-16,1.6805,1.3196,1.1209
2017-11-17,1.6922,1.3207,1.1209
2017-11-20,1.6975,1.3262,1.1289
2017-11-21,1.6887,1.323,1.1283
2017-11-22,1.6903,1.3283,1.1269
2017-11-23,1.6914,1.3297,1.1228
2017-11-24,1.6953,1.3351,1.1186
2017-11-27,1.6971,1.334,1.1192
2017-11-28,1.6954,1.3233,1.1147
2017-11-29,1.723,1.3412,1.1319
2017-11-30,1.7432,1.353,1.1348
2017-12-01,1.718,1.349,1.137
2017-12-04,1.7133,1.3479,1.1375
2017-12-05,1.707,1.3457,1.1372
2017-12-06,1.7083,1.3382,1.1352
2017-12-07,1.7227,1.3417,1.138
2017-12-08,1.7203,1.3376,1.1382
2017-12-11,1.7174,1.3362,1.1328
2017-12-12,1.7155,1.3323,1.1358
2017-12-13,1.7173,1.3363,1.1365
2017-12-14,1.7236,1.3424,1.1398
2017-12-15,1.7082,1.3317,1.1321
2017-12-18,1.7219,1.3398,1.1343
2017-12-19,1.7215,1.3349,1.1303
2017-12-20,1.7229,1.3406,1.1281
2017-12-21,1.6998,1.3354,1.1259
2017-12-22,1.7032,1.3387,1.1295
2017-12-27,1.6968,1.3399,1.1265
2017-12-28,1.6919,1.3436,1.1256
2017-12-29,1.6935,1.351,1.127
2018-01-02,1.6978,1.3579,1.1274
2018-01-03,1.6941,1.3514,1.124
2018-01-04,1.6978,1.3552,1.1224
2018-01-05,1.6811,1.3563,1.1269
2018-01-08,1.687,1.3581,1.1339
2018-01-09,1.6854,1.3525,1.1337
2018-01-10,1.6892,1.3533,1.1293
2018-01-11,1.6966,1.3535,1.1233
2018-01-12,1.7126,1.3689,1.1269
2018-01-15,1.7126,1.3802,1.1258
2018-01-16,1.7092,1.3775,1.1264
2018-01-17,1.7234,1.3834,1.13
2018-01-18,1.7304,1.3882,1.1342
2018-01-19,1.7237,1.3845,1.1328
2018-01-22,1.7384,1.3969,1.14
2018-01-23,1.7432,1.402,1.1404
2018-01-24,1.7561,1.4222,1.1487
2018-01-25,1.7573,1.4302,1.1437
2018-01-26,1.7481,1.4181,1.1408
2018-01-29,1.7344,1.4063,1.1381
2018-01-30,1.7396,1.4112,1.1371
2018-01-31,1.7448,1.4221,1.1416
2018-02-01,1.7489,1.4237,1.1417
2018-02-02,1.7502,1.4125,1.1357
2018-02-05,1.7477,1.4016,1.1285
2018-02-06,1.743,1.3908,1.1266
2018-02-07,1.7411,1.3883,1.1293
2018-02-08,1.7642,1.4004,1.1422
2018-02-09,1.7418,1.3806,1.127
2018-02-12,1.7419,1.3809,1.1246
2018-02-13,1.7489,1.3881,1.1231
2018-02-14,1.7532,1.3961,1.1256
2018-02-15,1.7605,1.4056,1.1265
2018-02-16,1.7609,1.404,1.1279
2018-02-19,1.7599,1.3994,1.1288
2018-02-20,1.7669,1.4005,1.1347
2018-02-21,1.7703,1.3979,1.1347
2018-02-22,1.7703,1.3937,1.1313
2018-02-23,1.771,1.3971,1.1362
2018-02-26,1.7713,1.3941,1.1344
2018-02-27,1.7705,1.3882,1.1341
2018-02-28,1.7656,1.378,1.1299
2018-03-01,1.763,1.3725,1.1269
2018-03-02,1.7744,1.3769,1.1185
2018-03-05,1.7962,1.3848,1.1233
2018-03-06,1.7909,1.3883,1.1198
2018-03-07,1.8022,1.3896,1.1203
2018-03-08,1.79,1.383,1.1218
2018-03-09,1.7808,1.3868,1.1257
2018-03-12,1.7839,1.3898,1.1283
2018-03-13,1.8082,1.3987,1.1282
2018-03-14,1.8056,1.3945,1.1281
2018-03-15,1.8212,1.3947,1.1321
2018-03-16,1.8228,1.3918,1.1334
2018-03-19,1.8367,1.4029,1.1379
2018-03-20,1.8338,1.4011,1.1418
2018-03-21,1.8217,1.4062,1.1463
2018-03-22,1.8233,1.4099,1.1451
2018-03-23,1.8214,1.415,1.1448
2018-03-26,1.8365,1.4223,1.1431
2018-03-27,1.8215,1.4144,1.1413
2018-03-28,1.817,1.4098,1.1415
2018-03-29,1.8093,1.4033,1.141
2018-04-03,1.7974,1.4038,1.1437
2018-04-04,1.8061,1.4085,1.1452
2018-04-05,1.7909,1.3999,1.1447
2018-04-06,1.7991,1.4083,1.1485
2018-04-09,1.7983,1.4129,1.1475
2018-04-10,1.7892,1.4173,1.1476
2018-04-11,1.7862,1.4207,1.1472
2018-04-12,1.7944,1.4232,1.1553
2018-04-13,1.7963,1.4247,1.1556
2018-04-16,1.8016,1.4328,1.1582
2018-04-17,1.7986,1.431,1.1591
2018-04-18,1.7929,1.4235,1.1501
2018-04-19,1.7933,1.4221,1.1502
2018-04-20,1.7841,1.4025,1.1422
2018-04-23,1.7896,1.395,1.1415
2018-04-24,1.791,1.3964,1.1432
2018-04-25,1.7943,1.3935,1.1447
2018-04-26,1.7941,1.3936,1.1503
2018-04-27,1.7745,1.3795,1.1399
2018-04-30,1.7659,1.3776,1.1402
2018-05-01,1.754,1.3596,1.1337
2018-05-02,1.7473,1.3599,1.1374
2018-05-03,1.7468,1.3546,1.1332
2018-05-04,1.7392,1.3517,1.1331
2018-05-08,1.7533,1.3518,1.1404
2018-05-09,1.7467,1.3577,1.1452
2018-05-10,1.7255,1.3467,1.1337
2018-05-11,1.7328,1.3553,1.1346
2018-05-14,1.7358,1.3593,1.1359
2018-05-15,1.7394,1.3495,1.1378
2018-05-16,1.7265,1.3483,1.1439
2018-05-17,1.7277,1.3504,1.1454
2018-05-18,1.7346,1.3475,1.145
2018-05-21,1.7226,1.341,1.1413
2018-05-22,1.7148,1.3421,1.1398
2018-05-23,1.7183,1.3341,1.1399
2018-05-24,1.7254,1.3374,1.1408
2018-05-25,1.7285,1.3316,1.1424
2018-05-29,1.7268,1.3269,1.1476
2018-05-30,1.7097,1.3275,1.1433
2018-05-31,1.7263,1.3308,1.14
2018-06-01,1.727,1.3331,1.1429
2018-06-04,1.7236,1.3332,1.1397
2018-06-05,1.7351,1.3341,1.1434
2018-06-06,1.7333,1.3428,1.1398
2018-06-07,1.7411,1.342,1.135
2018-06-08,1.7364,1.3395,1.1387
2018-06-11,1.742,1.3394,1.1344
2018-06-12,1.7342,1.3352,1.1328
2018-06-13,1.7344,1.3367,1.1354
2018-06-14,1.7388,1.3333,1.1443
2018-06-15,1.7516,1.3286,1.1436
2018-06-18,1.7493,1.3241,1.1403
2018-06-19,1.7479,1.3173,1.1389
2018-06-20,1.7516,1.3176,1.1379
2018-06-21,1.7637,1.3257,1.1422
2018-06-22,1.7702,1.3272,1.1404
2018-06-25,1.7656,1.3269,1.1353
2018-06-26,1.7609,1.3233,1.1342
2018-06-27,1.747,1.3147,1.1339
2018-06-28,1.7373,1.3098,1.131
2018-06-29,1.737,1.3203,1.1308
2018-07-02,1.7322,1.3124,1.1308
2018-07-03,1.7348,1.3176,1.131
2018-07-04,1.7378,1.3208,1.1345
2018-07-05,1.7364,1.3223,1.1299
2018-07-06,1.739,1.3277,1.1293
2018-07-09,1.7367,1.326,1.1276
2018-07-10,1.7409,1.3265,1.1317
2018-07-11,1.7388,1.3248,1.1305
2018-07-12,1.7415,1.3223,1.1316
2018-07-13,1.7379,1.3201,1.1315
2018-07-16,1.737,1.3231,1.13
2018-07-17,1.7355,1.3161,1.1265
2018-07-18,1.7252,1.305,1.1207
2018-07-19,1.7232,1.3004,1.1197
2018-07-20,1.7203,1.3102,1.1192
2018-07-23,1.7237,1.3113,1.1203
2018-07-24,1.7292,1.3156,1.1239
2018-07-25,1.7253,1.3149,1.1262
2018-07-26,1.7204,1.315,1.128
2018-07-27,1.7146,1.3128,1.1265
2018-07-30,1.7087,1.3145,1.1224
2018-07-31,1.7081,1.3117,1.121
2018-08-01,1.7036,1.3122,1.1241
2018-08-02,1.6962,1.3032,1.1223
2018-08-03,1.6896,1.3019,1.1233
2018-08-06,1.6828,1.294,1.1194
2018-08-07,1.6871,1.2954,1.1175
2018-08-08,1.6828,1.2882,1.1105
2018-08-09,1.6779,1.2869,1.112
2018-08-10,1.6715,1.2776,1.1174
2018-08-13,1.6748,1.2777,1.1189
2018-08-14,1.6686,1.2753,1.1214
2018-08-15,1.6684,1.2669,1.1199
2018-08-16,1.673,1.2724,1.1169
2018-08-17,1.6672,1.2741,1.1167
2018-08-20,1.6681,1.2759,1.1161
2018-08-21,1.6789,1.2868,1.117
2018-08-22,1.682,1.291,1.113
2018-08-23,1.6747,1.2835,1.1088
2018-08-24,1.6767,1.2858,1.1058
2018-08-28,1.6638,1.2884,1.1
2018-08-29,1.6834,1.2999,1.1118
2018-08-30,1.687,1.3004,1.1154
2018-08-31,1.6944,1.2994,1.1169
2018-09-03,1.6848,1.2885,1.1081
2018-09-04,1.6915,1.2832,1.1105
2018-09-05,1.7088,1.2958,1.1147
2018-09-06,1.7086,1.2947,1.1131
2018-09-07,1.7041,1.2951,1.1181
2018-09-10,1.7137,1.3019,1.1219
2018-09-11,1.7087,1.2999,1.1222
2018-09-12,1.6939,1.3021,1.1203
2018-09-13,1.7038,1.3093,1.1216
2018-09-14,1.7043,1.3074,1.1207
2018-09-17,1.7136,1.3151,1.1249
2018-09-18,1.7091,1.3155,1.1244
2018-09-19,1.7046,1.3152,1.1272
2018-09-20,1.711,1.3256,1.1278
2018-09-21,1.6916,1.3099,1.114
2018-09-24,1.6991,1.3139,1.1145
2018-09-25,1.7049,1.3163,1.1168
2018-09-26,1.7098,1.3185,1.1222
2018-09-27,1.714,1.3116,1.1233
2018-09-28,1.6858,1.3041,1.1228
2018-10-01,1.6729,1.3043,1.126
2018-10-02,1.6639,1.2978,1.1232
2018-10-03,1.6675,1.3005,1.1271
2018-10-04,1.6783,1.3027,1.1306
2018-10-05,1.6902,1.3071,1.1358
2018-10-08,1.6956,1.3071,1.1392
2018-10-09,1.6978,1.3089,1.1413
2018-10-10,1.7136,1.32,1.1443
2018-10-11,1.7248,1.321,1.1429
2018-10-12,1.7149,1.3158,1.1385
2018-10-15,1.7064,1.3144,1.1344
2018-10-16,1.7084,1.321,1.1408
2018-10-17,1.7081,1.3135,1.1392
2018-10-18,1.703,1.3071,1.1377
2018-10-19,1.7101,1.3046,1.1346
2018-10-22,1.6992,1.2974,1.1311
2018-10-23,1.6998,1.2975,1.1324
2018-10-24,1.6797,1.291,1.1329
2018-10-25,1.6775,1.2815,1.1261
2018-10-26,1.6819,1.2821,1.1276
2018-10-29,1.6814,1.2806,1.1243
2018-10-30,1.6721,1.2731,1.1203
2018-10-31,1.6779,1.2779,1.1277
2018-11-01,1.7008,1.2974,1.1384
2018-11-02,1.6995,1.2965,1.1396
2018-11-05,1.7038,1.3018,1.1419
2018-11-06,1.7161,1.308,1.1457
2018-11-07,1.7224,1.3135,1.1452
2018-11-08,1.7203,1.3128,1.149
2018-11-09,1.7188,1.3029,1.1476
2018-11-12,1.7008,1.2866,1.1435
2018-11-13,1.7212,1.2997,1.1523
2018-11-14,1.7203,1.3004,1.15
2018-11-15,1.6908,1.2782,1.1294
2018-11-16,1.689,1.284,1.1268
2018-11-19,1.6943,1.2864,1.1234
2018-11-20,1.6974,1.2823,1.1238
2018-11-21,1.6987,1.2784,1.1218
2018-11-22,1.7005,1.2869,1.1283
2018-11-23,1.6943,1.2802,1.1285
2018-11-26,1.6978,1.2826,1.131
2018-11-27,1.692,1.2739,1.1281
2018-11-28,1.7035,1.2753,1.131
2018-11-29,1.6972,1.2778,1.1221
2018-11-30,1.6957,1.276,1.1266
2018-12-03,1.6799,1.2737,1.1224
2018-12-04,1.6796,1.2727,1.1211
2018-12-05,1.7041,1.2738,1.1231
2018-12-06,1.7153,1.2778,1.1225
2018-12-07,1.6961,1.2759,1.1201
2018-12-10,1.6789,1.2536,1.1023
2018-12-11,1.6804,1.2527,1.1064
2018-12-12,1.6881,1.2661,1.1137
2018-12-13,1.6849,1.2616,1.1116
2018-12-14,1.6794,1.2561,1.1117
2018-12-17,1.6868,1.261,1.1124
2018-12-18,1.6982,1.2632,1.1116
2018-12-19,1.6962,1.2643,1.107
2018-12-20,1.7051,1.2636,1.1068
2018-12-21,1.7177,1.2676,1.1112
2018-12-24,1.7171,1.2649,1.1099
2018-12-27,1.7236,1.2637,1.1084
2018-12-28,1.7298,1.2688,1.1094
2018-12-31,1.7393,1.2769,1.1149
2019-01-02,1.7156,1.2608,1.1104
2019-01-03,1.7026,1.2601,1.106
2019-01-04,1.7036,1.2724,1.1152
2019-01-07,1.7006,1.2772,1.114
2019-01-08,1.6918,1.2731,1.1126
2019-01-09,1.6872,1.2743,1.1071
2019-01-10,1.6907,1.2779,1.1091
2019-01-11,1.6992,1.2818,1.1168
2019-01-14,1.7128,1.2912,1.126
2019-01-15,1.6963,1.281,1.1199
2019-01-16,1.704,1.2861,1.1287
2019-01-17,1.7163,1.2909,1.1343
2019-01-18,1.71,1.2906,1.1355
2019-01-21,1.7131,1.2895,1.1345
2019-01-22,1.7282,1.2957,1.1409
2019-01-23,1.7452,1.3067,1.1482
2019-01-24,1.7398,1.3042,1.1489
2019-01-25,1.7461,1.3167,1.1552
2019-01-28,1.7441,1.3156,1.1504
2019-01-29,1.7453,1.3149,1.1519
2019-01-30,1.7256,1.3072,1.1441
2019-01-31,1.7275,1.3152,1.146
2019-02-01,1.7154,1.3093,1.1417
2019-02-04,1.7171,1.3085,1.1449
2019-02-05,1.6993,1.294,1.1343
2019-02-06,1.708,1.2963,1.1394
2019-02-07,1.7207,1.2975,1.1427
2019-02-08,1.7182,1.2942,1.1427
2019-02-11,1.7126,1.2866,1.1409
2019-02-12,1.708,1.2883,1.1402
2019-02-13,1.7039,1.2878,1.1411
2019-02-14,1.7023,1.2781,1.1332
2019-02-15,1.7062,1.2847,1.1406
2019-02-18,1.7114,1.2928,1.1434
2019-02-19,1.7278,1.3031,1.1497
2019-02-20,1.7204,1.3061,1.151
2019-02-21,1.7231,1.307,1.1518
2019-02-22,1.722,1.3058,1.1514
2019-02-25,1.7214,1.3067,1.1516
2019-02-26,1.7475,1.324,1.1655
2019-02-27,1.753,1.3336,1.1718
2019-02-28,1.7511,1.33,1.168
2019-03-01,1.7539,1.3243,1.163
2019-03-04,1.755,1.3173,1.1633
2019-03-05,1.7499,1.3114,1.1598
2019-03-06,1.7646,1.315,1.1619
2019-03-07,1.7617,1.3115,1.1675
2019-03-08,1.7477,1.3005,1.1574
2019-03-11,1.7566,1.3095,1.1666
2019-03-12,1.7525,1.3097,1.1616
2019-03-13,1.7618,1.3228,1.1697
2019-03-14,1.7686,1.3282,1.175
2019-03-15,1.7709,1.3279,1.1723
2019-03-18,1.7639,1.322,1.166
2019-03-19,1.7634,1.3264,1.169
2019-03-20,1.7582,1.3192,1.1619
2019-03-21,1.7479,1.3073,1.1507
2019-03-22,1.7725,1.322,1.1718
2019-03-25,1.771,1.3197,1.1655
2019-03-26,1.7694,1.3215,1.1714
2019-03-27,1.7723,1.3192,1.1725
2019-03-28,1.7571,1.3088,1.1648
2019-03-29,1.7409,1.303,1.1605
2019-04-01,1.7531,1.3141,1.1712
2019-04-02,1.7395,1.3031,1.1644
2019-04-03,1.7526,1.3156,1.1715
2019-04-04,1.7467,1.3083,1.1665
2019-04-05,1.7402,1.3012,1.1593
2019-04-08,1.7386,1.3048,1.1585
2019-04-09,1.7373,1.3045,1.1572
2019-04-10,1.7445,1.309,1.1635
2019-04-11,1.7501,1.3087,1.1608
2019-04-12,1.7461,1.3103,1.158
2019-04-15,1.7535,1.3116,1.1598
2019-04-16,1.7439,1.3054,1.1553
2019-04-17,1.7385,1.3046,1.1541
2019-04-18,1.7393,1.3009,1.1569
2019-04-23,1.7347,1.2937,1.1544
2019-04-24,1.7473,1.2959,1.1565
2019-04-25,1.7415,1.2907,1.1582
2019-04-26,1.7423,1.2934,1.1586
2019-04-29,1.7396,1.2922,1.1574
2019-04-30,1.7537,1.3036,1.1632
2019-05-01,1.7555,1.3083,1.164
2019-05-02,1.7537,1.3033,1.1655
2019-05-03,1.7607,1.3116,1.1723
2019-05-07,1.7581,1.3047,1.1662
2019-05-08,1.7505,1.3004,1.1608
2019-05-09,1.7559,1.302,1.1595
2019-05-10,1.7506,1.3033,1.1591
2019-05-13,1.7454,1.2984,1.155
2019-05-14,1.7394,1.2919,1.1522
2019-05-15,1.7305,1.2868,1.148
2019-05-16,1.7177,1.2792,1.1444
2019-05-17,1.7136,1.2733,1.1409
2019-05-20,1.71,1.2734,1.1405
2019-05-21,1.715,1.2786,1.1436
2019-05-22,1.6969,1.2657,1.1347
2019-05-23,1.7064,1.2667,1.1362
2019-05-24,1.7087,1.2691,1.1326
2019-05-28,1.7078,1.2675,1.1343
2019-05-29,1.7087,1.2631,1.1335
2019-05-30,1.7013,1.2589,1.1314
2019-05-31,1.7037,1.2602,1.1309
2019-06-03,1.7022,1.2631,1.1277
2019-06-04,1.7013,1.2677,1.1285
2019-06-05,1.7058,1.2732,1.1305
2019-06-06,1.7015,1.2712,1.1269
2019-06-07,1.6945,1.2757,1.1253
2019-06-10,1.6838,1.269,1.1213
2019-06-11,1.6892,1.2719,1.1241
2019-06-12,1.6898,1.2725,1.124
2019-06-13,1.6901,1.2684,1.1253
2019-06-14,1.6854,1.2606,1.1232
2019-06-17,1.6828,1.2556,1.1188
2019-06-18,1.6806,1.2539,1.1212
2019-06-19,1.6861,1.263,1.1264
2019-06-20,1.6789,1.2701,1.1251
2019-06-21,1.678,1.2696,1.1214
2019-06-24,1.6798,1.2722,1.1167
2019-06-25,1.6747,1.272,1.1176
2019-06-26,1.6642,1.2676,1.1144
2019-06-27,1.6627,1.2676,1.115
2019-06-28,1.6633,1.2728,1.1176
2019-07-01,1.6579,1.2652,1.1174
2019-07-02,1.653,1.26,1.1151
2019-07-03,1.6421,1.2564,1.1136
2019-07-04,1.6419,1.2577,1.1147
2019-07-05,1.6392,1.2506,1.1143
2019-07-08,1.6388,1.2515,1.1159
2019-07-09,1.6369,1.2466,1.1124
2019-07-10,1.639,1.2496,1.1106
2019-07-11,1.6413,1.2553,1.1146
2019-07-12,1.6385,1.256,1.1162
2019-07-15,1.633,1.2517,1.1114
2019-07-16,1.6186,1.2419,1.1065
2019-07-17,1.6221,1.2428,1.1071
2019-07-18,1.6343,1.2483,1.1128
2019-07-19,1.6349,1.2502,1.1141
2019-07-22,1.6385,1.2498,1.1137
2019-07-23,1.6345,1.2438,1.1156
2019-07-24,1.6415,1.2499,1.1217
2019-07-25,1.6411,1.2495,1.1196
2019-07-26,1.6336,1.2387,1.1133
2019-07-29,1.6111,1.2232,1.0988
2019-07-30,1.6015,1.2152,1.0909
2019-07-31,1.6081,1.2246,1.0999
2019-08-01,1.6052,1.2152,1.0989
2019-08-02,1.6038,1.2127,1.0916
2019-08-05,1.6043,1.2142,1.0856
2019-08-06,1.6091,1.2167,1.088
2019-08-07,1.6184,1.2153,1.0836
2019-08-08,1.6112,1.2134,1.0833
2019-08-09,1.5984,1.208,1.0781
2019-08-12,1.5993,1.2082,1.077
2019-08-13,1.5976,1.2072,1.0788
2019-08-14,1.6055,1.2069,1.0825
2019-08-15,1.615,1.2114,1.0905
2019-08-16,1.6159,1.2145,1.0936
2019-08-19,1.6124,1.2135,1.0936
2019-08-20,1.6159,1.2132,1.0941
2019-08-21,1.6109,1.2131,1.0935
2019-08-22,1.63,1.2253,1.1059
2019-08-23,1.6306,1.2276,1.105
2019-08-27,1.6284,1.2278,1.1067
2019-08-28,1.6254,1.2221,1.1035
2019-08-29,1.6235,1.2205,1.1027
2019-08-30,1.6189,1.2183,1.1061
2019-09-02,1.6061,1.2062,1.0996
2019-09-03,1.6128,1.2092,1.1034
2019-09-04,1.6195,1.2192,1.1054
2019-09-05,1.6316,1.2325,1.1161
2019-09-06,1.6225,1.2313,1.1145
2019-09-09,1.6243,1.2344,1.1163
2019-09-10,1.6247,1.2354,1.1189
2019-09-11,1.6256,1.2343,1.1224
2019-09-12,1.6273,1.2332,1.1178
2019-09-13,1.6502,1.246,1.1243
2019-09-16,1.6461,1.242,1.1294
2019-09-17,1.6561,1.2482,1.1298
2019-09-18,1.6559,1.2484,1.1288
2019-09-19,1.6574,1.2488,1.1295
2019-09-20,1.6585,1.2501,1.1352
2019-09-23,1.6506,1.243,1.1305
2019-09-24,1.6548,1.2479,1.1347
2019-09-25,1.6434,1.2379,1.1295
2019-09-26,1.6357,1.2334,1.1274
2019-09-27,1.6288,1.2309,1.1244
2019-09-30,1.6313,1.232,1.1302
2019-10-01,1.6197,1.2223,1.1197
2019-10-02,1.6363,1.2304,1.124
2019-10-03,1.653,1.2407,1.1292
2019-10-04,1.6372,1.2294,1.1198
2019-10-07,1.6394,1.2321,1.1206
2019-10-08,1.6275,1.2214,1.1148
2019-10-09,1.6287,1.2218,1.1126
2019-10-10,1.6322,1.2282,1.1159
2019-10-11,1.6736,1.2683,1.1491
2019-10-14,1.6646,1.2586,1.1416
2019-10-15,1.688,1.2777,1.1579
2019-10-16,1.6901,1.2804,1.1585
2019-10-17,1.6872,1.2842,1.1552
2019-10-18,1.694,1.2899,1.158
2019-10-21,1.7009,1.2983,1.1648
2019-10-22,1.6898,1.2908,1.1596
2019-10-23,1.6861,1.2882,1.159
2019-10-24,1.6812,1.2848,1.1571
2019-10-25,1.6761,1.2832,1.1571
2019-10-28,1.6798,1.2858,1.1591
2019-10-29,1.6877,1.2904,1.1607
2019-10-30,1.6964,1.2871,1.1572
2019-10-31,1.7008,1.2939,1.1598
2019-11-01,1.7019,1.2947,1.1592
2019-11-04,1.6964,1.2906,1.158
2019-11-05,1.693,1.2866,1.1619
2019-11-06,1.6967,1.2874,1.1625
2019-11-07,1.6894,1.2822,1.1608
2019-11-08,1.6916,1.2792,1.1609
2019-11-11,1.7013,1.2872,1.1666
2019-11-12,1.6987,1.2839,1.1659
2019-11-13,1.7004,1.2839,1.166
2019-11-14,1.7046,1.2857,1.1686
2019-11-15,1.7067,1.2896,1.1673
2019-11-18,1.7133,1.2966,1.1701
2019-11-19,1.7106,1.2932,1.1671
2019-11-20,1.7168,1.2911,1.1667
2019-11-21,1.7162,1.2925,1.1669
2019-11-22,1.7058,1.2834,1.1632
2019-11-25,1.7182,1.2907,1.1721
2019-11-26,1.7064,1.2838,1.1658
2019-11-27,1.7104,1.2875,1.1706
2019-11-28,1.7146,1.2903,1.1724
2019-11-29,1.7182,1.2936,1.173
2019-12-02,1.7186,1.2922,1.1672
2019-12-03,1.7275,1.2993,1.1724
2019-12-04,1.7333,1.3107,1.1822
2019-12-05,1.7346,1.3155,1.1859
2019-12-06,1.7385,1.3105,1.1861
2019-12-09,1.7401,1.3155,1.1885
2019-12-10,1.7429,1.3171,1.1878
2019-12-11,1.7416,1.3177,1.1887
2019-12-12,1.73,1.3119,1.1801
2019-12-13,1.7613,1.3343,1.1981
2019-12-16,1.7537,1.3334,1.1973
2019-12-17,1.7286,1.3139,1.1781
2019-12-18,1.7148,1.3073,1.175
2019-12-19,1.7107,1.3029,1.1722
2019-12-20,1.7183,1.3049,1.1771
2019-12-23,1.7026,1.2926,1.1659
2019-12-24,1.7043,1.2948,1.1692
2019-12-27,1.7137,1.3094,1.1729
2019-12-30,1.7124,1.3115,1.1709
2019-12-31,1.7202,1.321,1.1765
2020-01-02,1.7121,1.3189,1.1775
2020-01-03,1.6971,1.3072,1.171
2020-01-06,1.7072,1.3159,1.1761
2020-01-07,1.7078,1.3122,1.1778
2020-01-08,1.7077,1.3099,1.1781
2020-01-09,1.709,1.3049,1.1754
2020-01-10,1.7049,1.3062,1.1754
2020-01-13,1.6941,1.2979,1.1658
2020-01-14,1.7,1.301,1.1698
2020-01-15,1.6992,1.3023,1.1677
2020-01-16,1.705,1.3067,1.1729
2020-01-17,1.7013,1.3029,1.1743
2020-01-20,1.6973,1.2998,1.1726
2020-01-21,1.7059,1.3058,1.1766
2020-01-22,1.724,1.3141,1.1864
2020-01-23,1.7245,1.3118,1.1876
2020-01-24,1.717,1.3067,1.1852
2020-01-27,1.7207,1.3056,1.1855
2020-01-28,1.7114,1.2983,1.1803
2020-01-29,1.7167,1.3,1.182
2020-01-30,1.7323,1.31,1.187
2020-01-31,1.7429,1.3179,1.1897
2020-02-03,1.7262,1.3013,1.177
2020-02-04,1.7296,1.3025,1.18
2020-02-05,1.7261,1.2984,1.1801
2020-02-06,1.7192,1.2929,1.1779
2020-02-07,1.7214,1.2939,1.1804
2020-02-10,1.7212,1.2923,1.183
2020-02-11,1.7204,1.2945,1.186
2020-02-12,1.7205,1.2975,1.1909
2020-02-13,1.7304,1.3055,1.2036
2020-02-14,1.7254,1.3016,1.2001
2020-02-17,1.7217,1.3006,1.2009
2020-02-18,1.7282,1.3037,1.2046
2020-02-19,1.7145,1.2951,1.2001
2020-02-20,1.7042,1.2881,1.1924
2020-02-21,1.7137,1.2962,1.1942
2020-02-24,1.7146,1.2924,1.1905
2020-02-25,1.7293,1.3016,1.1979
2020-02-26,1.7182,1.2917,1.1888
2020-02-27,1.7194,1.2873,1.172
2020-02-28,1.7148,1.2776,1.163
2020-03-02,1.7064,1.2748,1.1454
2020-03-03,1.7098,1.2819,1.1465
2020-03-04,1.7178,1.2821,1.1511
2020-03-05,1.7317,1.2922,1.155
2020-03-06,1.7494,1.3029,1.152
2020-03-09,1.7734,1.311,1.1479
2020-03-10,1.7816,1.2932,1.1402
2020-03-11,1.7718,1.2887,1.1424
2020-03-12,1.7397,1.254,1.1317
2020-03-13,1.736,1.2406,1.1207
2020-03-16,1.7156,1.2277,1.1024
2020-03-17,1.7048,1.2016,1.0953
2020-03-18,1.7093,1.1763,1.0858
2020-03-19,1.6863,1.1658,1.0896
2020-03-20,1.6868,1.1741,1.0991
2020-03-23,1.6709,1.1492,1.0681
2020-03-24,1.7088,1.1772,1.0915
2020-03-25,1.6859,1.1761,1.0859
2020-03-26,1.7042,1.2135,1.1009
2020-03-27,1.7398,1.2359,1.1176
2020-03-30,1.7582,1.2416,1.1258
2020-03-31,1.7651,1.2403,1.1306
2020-04-01,1.7648,1.2424,1.1374
2020-04-02,1.7474,1.2377,1.1392
2020-04-03,1.729,1.2258,1.1352
2020-04-06,1.7329,1.2255,1.1364
2020-04-07,1.7242,1.2304,1.1306
2020-04-08,1.7401,1.2379,1.1396
2020-04-09,1.7392,1.247,1.1401
2020-04-14,1.7494,1.2594,1.148
2020-04-15,1.7588,1.2498,1.1463
2020-04-16,1.7585,1.2451,1.1473
2020-04-17,1.7553,1.2504,1.1483
2020-04-20,1.7531,1.2473,1.1463
2020-04-21,1.7429,1.2273,1.1302
2020-04-22,1.745,1.2329,1.1385
2020-04-23,1.7365,1.2386,1.1438
2020-04-24,1.7379,1.2338,1.1409
2020-04-27,1.7431,1.2409,1.1447
2020-04-28,1.7407,1.2436,1.1476
2020-04-29,1.7326,1.2436,1.1459
2020-04-30,1.7519,1.2613,1.1515
2020-05-01,1.7667,1.2547,1.1399
2020-05-04,1.7491,1.2421,1.1378
2020-05-05,1.7507,1.2454,1.1488
2020-05-06,1.7474,1.2362,1.1449
2020-05-07,1.7236,1.2287,1.14
2020-05-11,1.7325,1.2358,1.1416
2020-05-12,1.7256,1.233,1.1338
2020-05-13,1.7196,1.2226,1.128
2020-05-14,1.7202,1.2199,1.1283
2020-05-15,1.7066,1.2126,1.1208
2020-05-18,1.7064,1.2192,1.123
2020-05-19,1.7002,1.2251,1.119
2020-05-20,1.7032,1.227,1.1162
2020-05-21,1.7028,1.2212,1.1164
2020-05-22,1.7101,1.219,1.1194
2020-05-26,1.7065,1.2363,1.1252
2020-05-27,1.6863,1.2217,1.1131
2020-05-28,1.6959,1.2323,1.1146
2020-05-29,1.709,1.2368,1.1118
2020-06-01,1.6999,1.2481,1.1207
2020-06-02,1.6936,1.2557,1.1229
2020-06-03,1.6993,1.2597,1.1229
2020-06-04,1.6998,1.2607,1.1112
2020-06-05,1.7064,1.2725,1.1248
2020-06-08,1.7,1.2698,1.1237
2020-06-09,1.7082,1.2722,1.1205
2020-06-10,1.7133,1.2755,1.1237
2020-06-11,1.7129,1.2645,1.111
2020-06-12,1.7066,1.2539,1.115
2020-06-15,1.7107,1.2559,1.1145
2020-06-16,1.7097,1.2583,1.1177
2020-06-17,1.7006,1.2545,1.1178
2020-06-18,1.6856,1.242,1.1069
2020-06-19,1.6768,1.2361,1.1056
2020-06-22,1.6867,1.2448,1.1063
2020-06-23,1.6906,1.252,1.105
2020-06-24,1.6917,1.245,1.1042
2020-06-25,1.6938,1.2406,1.1063
2020-06-26,1.6896,1.232,1.0997
2020-06-29,1.6807,1.2268,1.0908
2020-06-30,1.6835,1.2359,1.1002
2020-07-01,1.6901,1.2458,1.1063
2020-07-02,1.6962,1.2466,1.1102
2020-07-03,1.6928,1.2468,1.1092
2020-07-06,1.6933,1.2509,1.1052
2020-07-07,1.7078,1.2575,1.1143
2020-07-08,1.7049,1.2596,1.1118
2020-07-09,1.7119,1.2615,1.117
2020-07-10,1.7203,1.2662,1.1187
2020-07-13,1.7101,1.2619,1.1101
2020-07-14,1.7062,1.253,1.0993
2020-07-15,1.7088,1.2623,1.1055
2020-07-16,1.7042,1.2597,1.102
2020-07-17,1.7014,1.2536,1.0974
2020-07-20,1.7129,1.2647,1.1055
2020-07-21,1.7144,1.2749,1.1097
2020-07-22,1.7099,1.2732,1.0982
2020-07-23,1.7078,1.2746,1.0992
2020-07-24,1.7141,1.2789,1.1
2020-07-27,1.7257,1.2895,1.0951
2020-07-28,1.7344,1.2947,1.1038
2020-07-29,1.7312,1.2966,1.1011
2020-07-30,1.7538,1.3046,1.1063
2020-07-31,1.7589,1.3126,1.1096
2020-08-03,1.7495,1.3032,1.1104
2020-08-04,1.7472,1.3079,1.1106
2020-08-05,1.7411,1.3143,1.1059
2020-08-06,1.7472,1.3143,1.1091
2020-08-07,1.7464,1.3051,1.1071
2020-08-10,1.7474,1.3089,1.1124
2020-08-11,1.7404,1.3087,1.1124
2020-08-12,1.7281,1.3058,1.1061
2020-08-13,1.73,1.3096,1.1061
2020-08-14,1.7369,1.311,1.1083
2020-08-17,1.7304,1.3099,1.1038
2020-08-18,1.7429,1.3223,1.1093
2020-08-19,1.7361,1.3182,1.1081
2020-08-20,1.7367,1.3144,1.1099
2020-08-21,1.7256,1.3073,1.1098
2020-08-24,1.7264,1.3071,1.1064
2020-08-25,1.7324,1.3118,1.1095
2020-08-26,1.7341,1.3193,1.1163
2020-08-27,1.7341,1.3189,1.1188
2020-08-28,1.7469,1.333,1.1205
2020-09-01,1.7541,1.345,1.1248
2020-09-02,1.7376,1.3303,1.1236
2020-09-03,1.7426,1.3271,1.1215
2020-09-04,1.7329,1.3199,1.1197
2020-09-07,1.7237,1.3177,1.1142
2020-09-08,1.7186,1.3023,1.1044
2020-09-09,1.7124,1.2996,1.1006
2020-09-10,1.6939,1.2867,1.0837
2020-09-11,1.6859,1.2782,1.0805
2020-09-14,1.6973,1.2883,1.0852
2020-09-15,1.6938,1.2854,1.0846
2020-09-16,1.7121,1.3006,1.098
2020-09-17,1.7102,1.2952,1.0954
2020-09-18,1.7087,1.2962,1.0928
2020-09-21,1.7019,1.2795,1.0896
2020-09-22,1.6962,1.2721,1.0868
2020-09-23,1.7055,1.2765,1.0938
2020-09-24,1.7043,1.2714,1.0923
2020-09-25,1.7035,1.2705,1.0935
2020-09-28,1.7202,1.2842,1.1029
2020-09-29,1.722,1.2842,1.0947
2020-09-30,1.7266,1.2924,1.1023
2020-10-01,1.7117,1.287,1.0964
2020-10-02,1.7222,1.2932,1.1039
2020-10-05,1.7214,1.2974,1.1003
2020-10-06,1.7206,1.2963,1.0997
2020-10-07,1.7132,1.2895,1.0964
2020-10-08,1.7097,1.2928,1.1004
2020-10-09,1.7075,1.2994,1.0999
2020-10-12,1.7126,1.307,1.1064
2020-10-13,1.7064,1.2987,1.1057
2020-10-14,1.7132,1.3041,1.1091
2020-10-15,1.7097,1.2906,1.1031
2020-10-16,1.7065,1.293,1.1033
2020-10-19,1.7098,1.2997,1.1031
2020-10-20,1.7022,1.2962,1.0955
2020-10-21,1.7258,1.3163,1.1085
2020-10-22,1.719,1.3095,1.1072
2020-10-23,1.7157,1.3047,1.1022
2020-10-26,1.7207,1.302,1.1019
2020-10-27,1.7183,1.3066,1.1043
2020-10-28,1.7307,1.2994,1.1058
2020-10-29,1.7235,1.2905,1.1068
2020-10-30,1.7245,1.2933,1.1104
2020-11-02,1.7127,1.2904,1.1092
2020-11-03,1.7137,1.3071,1.114
2020-11-04,1.7065,1.2994,1.1095
2020-11-05,1.6972,1.3022,1.1088
2020-11-06,1.7146,1.316,1.1079
2020-11-09,1.7049,1.315,1.1118
2020-11-10,1.7246,1.325,1.1208
2020-11-11,1.7246,1.3197,1.1224
2020-11-12,1.7221,1.3129,1.1117
2020-11-13,1.7324,1.3159,1.1133
2020-11-16,1.7225,1.3176,1.1132
2020-11-17,1.7364,1.326,1.1165
2020-11-18,1.7382,1.3302,1.1201
2020-11-19,1.7308,1.3226,1.1171
2020-11-20,1.7361,1.3286,1.1207
2020-11-23,1.7407,1.3294,1.125
2020-11-24,1.7408,1.3355,1.1247
2020-11-25,1.7409,1.3379,1.1241
2020-11-26,1.7353,1.333,1.1198
2020-11-27,1.7318,1.3344,1.1171
2020-11-30,1.7305,1.3353,1.116
2020-12-01,1.7322,1.3364,1.1104
2020-12-02,1.7248,1.3326,1.1032
2020-12-03,1.7376,1.3497,1.11
2020-12-04,1.7252,1.3473,1.1098
2020-12-07,1.7055,1.3313,1.0972
2020-12-08,1.7091,1.3361,1.103
2020-12-09,1.7152,1.3396,1.1088
2020-12-10,1.688,1.3275,1.0946
2020-12-11,1.6883,1.3216,1.0916
2020-12-14,1.7038,1.333,1.0991
2020-12-15,1.7119,1.3448,1.106
2020-12-16,1.7221,1.3495,1.1073
2020-12-17,1.7289,1.3591,1.1098
2020-12-18,1.723,1.3485,1.1022
2020-12-21,1.7136,1.3314,1.0902
2020-12-22,1.7224,1.3322,1.0945
2020-12-23,1.7389,1.3522,1.1095
2020-12-24,1.7443,1.3588,1.1142
2020-12-29,1.7275,1.3494,1.1022
2020-12-30,1.7362,1.3608,1.1063
2020-12-31,1.7378,1.3649,1.1118
2021-01-04,1.7297,1.3579,1.1065
2021-01-05,1.7316,1.3593,1.1074
2021-01-06,1.7203,1.355,1.1032
2021-01-07,1.7221,1.3544,1.1048
2021-01-08,1.7246,1.359,1.1088
2021-01-11,1.7271,1.3492,1.1103
2021-01-12,1.7383,1.3624,1.1202
2021-01-13,1.7348,1.3634,1.121
2021-01-14,1.7312,1.3691,1.1272
2021-01-15,1.733,1.3585,1.1234
2021-01-18,1.7324,1.3575,1.1242
2021-01-19,1.7343,1.3618,1.1228
2021-01-20,1.7241,1.363,1.1259
2021-01-21,1.7339,1.372,1.1299
2021-01-22,1.7381,1.367,1.123
2021-01-25,1.7428,1.3671,1.127
2021-01-26,1.7461,1.3742,1.1294
2021-01-27,1.7504,1.3704,1.1335
2021-01-28,1.757,1.3719,1.1317
2021-01-29,1.7533,1.3728,1.13
2021-02-01,1.7538,1.3663,1.1308
2021-02-02,1.7489,1.3629,1.1331
2021-02-03,1.7449,1.3644,1.136
2021-02-04,1.7533,1.3659,1.1402
2021-02-05,1.7532,1.3724,1.1414
2021-02-08,1.7523,1.374,1.1405
2021-02-09,1.755,1.3796,1.1404
2021-02-10,1.7561,1.3845,1.1413
2021-02-11,1.7544,1.3826,1.1401
2021-02-12,1.7597,1.3849,1.1427
2021-02-15,1.759,1.3912,1.1467
2021-02-16,1.766,1.3926,1.1492
2021-02-17,1.7629,1.3853,1.1513
2021-02-18,1.7742,1.3947,1.1553
2021-02-19,1.7669,1.4022,1.1552
2021-02-22,1.7728,1.4052,1.1577
2021-02-23,1.7769,1.4106,1.16
2021-02-24,1.7722,1.4103,1.1633
2021-02-25,1.7694,1.4134,1.1565
2021-02-26,1.7695,1.3976,1.1513
2021-03-01,1.764,1.3938,1.1566
2021-03-02,1.7608,1.3948,1.1563
2021-03-03,1.7646,1.3974,1.1575
2021-03-04,1.7643,1.3991,1.162
2021-03-05,1.753,1.3817,1.1604
2021-03-08,1.749,1.3812,1.1648
2021-03-09,1.7566,1.3893,1.1689
2021-03-10,1.7579,1.3904,1.1688
2021-03-11,1.7558,1.3969,1.1681
2021-03-12,1.7361,1.3893,1.1638
2021-03-15,1.7315,1.3862,1.1633
2021-03-16,1.7298,1.3892,1.168
2021-03-17,1.7332,1.3889,1.1667
2021-03-18,1.7332,1.3939,1.1689
2021-03-19,1.7357,1.3872,1.1648
2021-03-22,1.7358,1.3855,1.1612
2021-03-23,1.7309,1.3793,1.1618
2021-03-24,1.7224,1.3722,1.1598
2021-03-25,1.7309,1.3722,1.1653
2021-03-26,1.7349,1.3792,1.1691
2021-03-29,1.7373,1.3772,1.1707
2021-03-30,1.7309,1.3711,1.1691
2021-03-31,1.7336,1.3796,1.1739
2021-04-01,1.7375,1.3819,1.1751
2021-04-06,1.739,1.3858,1.1706
2021-04-07,1.7378,1.3788,1.1585
2021-04-08,1.7285,1.3731,1.154
2021-04-09,1.7238,1.3729,1.1548
2021-04-12,1.7261,1.3744,1.1543
2021-04-13,1.7243,1.3732,1.1513
2021-04-14,1.7277,1.3781,1.1515
2021-04-15,1.7287,1.3795,1.1524
2021-04-16,1.727,1.3817,1.1534
2021-04-19,1.7497,1.3984,1.1634
2021-04-20,1.7517,1.395,1.1578
2021-04-21,1.7386,1.3929,1.158
2021-04-22,1.7295,1.3846,1.1517
2021-04-23,1.7305,1.3841,1.1487
2021-04-26,1.7219,1.3894,1.15
2021-04-27,1.7266,1.3915,1.1519
2021-04-28,1.7205,1.3906,1.1503
2021-04-29,1.7145,1.3945,1.1514
2021-04-30,1.7034,1.3845,1.15
2021-05-04,1.7098,1.3883,1.1537
2021-05-05,1.7049,1.391,1.1587
2021-05-06,1.6928,1.3888,1.1516
2021-05-07,1.6989,1.3979,1.1513
2021-05-10,1.7096,1.4138,1.1626
2021-05-11,1.7111,1.4144,1.163
2021-05-12,1.7051,1.4096,1.1674
2021-05-13,1.7041,1.4046,1.1633
2021-05-14,1.7045,1.4088,1.161
2021-05-17,1.705,1.4118,1.1625
2021-05-18,1.7123,1.4211,1.163
2021-05-19,1.7138,1.4145,1.1579
2021-05-20,1.7081,1.4155,1.1589
2021-05-21,1.7069,1.4162,1.1622
2021-05-24,1.7099,1.4158,1.1587
2021-05-25,1.7057,1.4133,1.154
2021-05-26,1.7113,1.4124,1.157
2021-05-27,1.7122,1.4181,1.1625
2021-05-28,1.7126,1.4176,1.1638
2021-06-01,1.7035,1.4173,1.1573
2021-06-02,1.7086,1.4165,1.1604
2021-06-03,1.7165,1.418,1.1635
2021-06-04,1.7133,1.4172,1.1651
2021-06-07,1.7114,1.4168,1.1626
2021-06-08,1.7105,1.415,1.1612
2021-06-09,1.708,1.4127,1.1593
2021-06-10,1.7116,1.4142,1.1618
2021-06-11,1.7148,1.4123,1.1662
2021-06-14,1.7133,1.4115,1.1642
2021-06-15,1.7159,1.4083,1.1616
2021-06-16,1.717,1.4104,1.1643
2021-06-17,1.7193,1.3951,1.1684
2021-06-18,1.7194,1.3807,1.1645
2021-06-21,1.7224,1.3905,1.1673
2021-06-22,1.7236,1.3916,1.1695
2021-06-23,1.7161,1.3969,1.1691
2021-06-24,1.7142,1.3895,1.1651
2021-06-25,1.7092,1.3914,1.1643
2021-06-28,1.7122,1.3885,1.1637
2021-06-29,1.7143,1.3837,1.1622
2021-06-30,1.7112,1.3819,1.165
2021-07-01,1.7094,1.377,1.1615
2021-07-02,1.7048,1.3783,1.1638
2021-07-05,1.7097,1.384,1.1668
2021-07-06,1.7235,1.3807,1.1671
2021-07-07,1.7231,1.3777,1.1676
2021-07-08,1.7269,1.3761,1.1609
2021-07-09,1.7266,1.3839,1.1664
2021-07-12,1.7308,1.3894,1.1707
2021-07-13,1.7343,1.3842,1.1708
2021-07-14,1.7331,1.3869,1.1734
2021-07-15,1.7437,1.3863,1.1731
2021-07-16,1.7374,1.379,1.168
2021-07-19,1.7433,1.367,1.1578
2021-07-20,1.735,1.3605,1.1564
2021-07-21,1.7209,1.3675,1.1599
2021-07-22,1.7295,1.3756,1.1667
2021-07-23,1.731,1.375,1.169
2021-07-26,1.7331,1.3824,1.1707
2021-07-27,1.7444,1.3881,1.1739
2021-07-28,1.7448,1.3871,1.1755
2021-07-29,1.7395,1.3975,1.1759
2021-07-30,1.7352,1.3907,1.1727
2021-08-02,1.7356,1.3898,1.1701
2021-08-03,1.7468,1.3892,1.1714
2021-08-04,1.7441,1.3908,1.1744
2021-08-05,1.7388,1.3933,1.1769
2021-08-06,1.7439,1.3868,1.1794
2021-08-09,1.7426,1.3848,1.1791
2021-08-10,1.7346,1.3847,1.1815
2021-08-11,1.7341,1.3868,1.1814
2021-08-12,1.7327,1.3835,1.1795
2021-08-13,1.7326,1.3853,1.1791
2021-08-16,1.7432,1.3858,1.1756
2021-08-17,1.7348,1.3738,1.1725
2021-08-18,1.7368,1.3756,1.1746
2021-08-19,1.7504,1.3661,1.1692
2021-08-20,1.752,1.3613,1.1656
2021-08-23,1.7406,1.3714,1.1687
2021-08-24,1.7283,1.3732,1.1677
2021-08-25,1.7342,1.3731,1.1685
2021-08-26,1.7344,1.3715,1.1668
2021-08-27,1.7362,1.3747,1.1662
2021-08-31,1.7391,1.3761,1.1658
2021-09-01,1.7384,1.3786,1.163
2021-09-02,1.7367,1.3833,1.1656
2021-09-03,1.7353,1.3871,1.1675
2021-09-06,1.7338,1.3827,1.1656
2021-09-07,1.7416,1.3783,1.1636
2021-09-08,1.7483,1.3737,1.163
2021-09-09,1.7513,1.3844,1.1716
2021-09-10,1.7495,1.3855,1.1709
2021-09-13,1.7525,1.3848,1.1726
2021-09-14,1.7562,1.385,1.1715
2021-09-15,1.7495,1.3828,1.17
2021-09-16,1.748,1.3782,1.1719
2021-09-17,1.7529,1.3749,1.1715
2021-09-20,1.7516,1.3665,1.1656
2021-09-21,1.7512,1.3644,1.1637
2021-09-22,1.7401,1.3645,1.1628
2021-09-23,1.7414,1.3745,1.1699
2021-09-24,1.7358,1.3672,1.1673
2021-09-27,1.7324,1.3708,1.1716
2021-09-28,1.7191,1.3537,1.1596
2021-09-29,1.7114,1.3425,1.1559
2021-09-30,1.7083,1.3484,1.1635
2021-10-01,1.7163,1.354,1.1676
2021-10-04,1.7107,1.3605,1.1704
2021-10-05,1.7124,1.3624,1.1752
2021-10-06,1.7139,1.3569,1.1755
2021-10-07,1.7094,1.3622,1.1783
2021-10-08,1.699,1.3637,1.1783
2021-10-11,1.6981,1.3626,1.1775
2021-10-12,1.6947,1.3601,1.1778
2021-10-13,1.697,1.3633,1.1779
2021-10-14,1.6914,1.3683,1.1806
2021-10-15,1.7018,1.3769,1.1864
2021-10-18,1.6969,1.372,1.1826
2021-10-19,1.705,1.3799,1.1851
2021-10-20,1.7023,1.3816,1.1861
2021-10-21,1.7051,1.3821,1.1867
2021-10-22,1.7013,1.3772,1.1827
2021-10-25,1.704,1.3771,1.1859
2021-10-26,1.7065,1.3784,1.1889
2021-10-27,1.691,1.3713,1.1825
2021-10-28,1.7022,1.38,1.1816
2021-10-29,1.6989,1.3706,1.1845
2021-11-01,1.6901,1.3678,1.18
2021-11-02,1.6905,1.3611,1.1753
2021-11-03,1.6963,1.3659,1.1791
2021-11-04,1.6814,1.3492,1.1686
2021-11-05,1.6784,1.3492,1.1677
2021-11-08,1.6881,1.3563,1.1703
2021-11-09,1.6885,1.3551,1.1697
2021-11-10,1.6764,1.3475,1.1698
2021-11-11,1.685,1.3392,1.1676
2021-11-12,1.684,1.3394,1.1703
2021-11-15,1.682,1.3431,1.176
2021-11-16,1.6834,1.3421,1.1825
2021-11-17,1.6959,1.3465,1.1907
2021-11-18,1.7036,1.3477,1.1876
2021-11-19,1.7017,1.3462,1.1894
2021-11-22,1.6991,1.3402,1.1915
2021-11-23,1.7,1.337,1.187
2021-11-24,1.69,1.333,1.1906
2021-11-25,1.685,1.3319,1.1881
2021-11-26,1.7055,1.3336,1.1783
2021-11-29,1.7003,1.3295,1.18
2021-11-30,1.6969,1.3233,1.1752
2021-12-01,1.6974,1.3315,1.1748
2021-12-02,1.7066,1.3307,1.1757
2021-12-03,1.6912,1.3219,1.172
2021-12-06,1.693,1.3236,1.1741
2021-12-07,1.6737,1.3235,1.1769
2021-12-08,1.6727,1.3216,1.1662
2021-12-09,1.6785,1.3206,1.1703
2021-12-10,1.6813,1.3228,1.1703
2021-12-13,1.6954,1.3231,1.1734
2021-12-14,1.6996,1.3233,1.1739
2021-12-15,1.7063,1.3214,1.1744
2021-12-16,1.7021,1.3327,1.1789
2021-12-17,1.7008,1.3263,1.1764
2021-12-20,1.7133,1.3221,1.1711
2021-12-21,1.7112,1.3233,1.1748
2021-12-22,1.716,1.3345,1.1787
2021-12-23,1.7185,1.341,1.1858
2021-12-24,1.7154,1.3413,1.1841
2021-12-29,1.7266,1.3486,1.1882
2021-12-30,1.7264,1.3499,1.1913
2021-12-31,1.7166,1.3477,1.1907
2022-01-04,1.7178,1.3553,1.1984
2022-01-05,1.7229,1.3565,1.1965
2022-01-06,1.7251,1.3527,1.1975
2022-01-07,1.7203,1.3572,1.196
2022-01-10,1.7194,1.3561,1.198
2022-01-11,1.718,1.3605,1.1997
2022-01-12,1.7121,1.3687,1.1984
2022-01-13,1.7148,1.3734,1.1983
2022-01-14,1.7163,1.3683,1.1967
2022-01-17,1.7093,1.365,1.1968
2022-01-18,1.7017,1.3582,1.1973
2022-01-19,1.7008,1.359,1.1977
2022-01-20,1.7015,1.3659,1.2033
2022-01-21,1.6995,1.3559,1.1944
2022-01-24,1.7048,1.3464,1.1906
2022-01-25,1.7044,1.3486,1.1961
2022-01-26,1.7025,1.3513,1.198
2022-01-27,1.7013,1.339,1.201
2022-01-28,1.713,1.3415,1.2015
2022-01-31,1.7068,1.3418,1.197
2022-02-01,1.7135,1.3506,1.201
2022-02-02,1.7219,1.3572,1.2002
2022-02-03,1.7256,1.361,1.192
2022-02-04,1.7282,1.353,1.1825
2022-02-07,1.7161,1.353,1.1823
2022-02-08,1.7231,1.3553,1.187
2022-02-09,1.718,1.3546,1.1853
2022-02-10,1.7231,1.3616,1.1873
2022-02-11,1.7258,1.3603,1.193
2022-02-14,1.7225,1.3513,1.1952
2022-02-15,1.7254,1.3522,1.1907
2022-02-16,1.7241,1.3578,1.1949
2022-02-17,1.7287,1.362,1.198
2022-02-18,1.7301,1.3584,1.1978
2022-02-21,1.7335,1.3607,1.2003
2022-02-22,1.7304,1.3591,1.199
2022-02-23,1.7251,1.356,1.1974
2022-02-24,1.7094,1.3275,1.1949
2022-02-25,1.7095,1.3416,1.1931
2022-02-28,1.7018,1.3419,1.1949
2022-03-01,1.6925,1.3352,1.1986
2022-03-02,1.6903,1.3315,1.203
2022-03-03,1.6898,1.3341,1.206
2022-03-04,1.6877,1.3215,1.2105
2022-03-07,1.6775,1.3135,1.2077
2022-03-08,1.6871,1.3111,1.2054
2022-03-09,1.6863,1.3158,1.1913
2022-03-10,1.6783,1.313,1.1916
2022-03-11,1.6619,1.3085,1.1932
2022-03-14,1.6665,1.3047,1.1884
2022-03-15,1.6734,1.3067,1.1908
2022-03-16,1.6684,1.3095,1.1911
2022-03-17,1.6627,1.3157,1.1844
2022-03-18,1.6641,1.3173,1.1922
2022-03-21,1.6599,1.3202,1.1953
2022-03-22,1.6714,1.326,1.203
2022-03-23,1.6588,1.3211,1.201
2022-03-24,1.6522,1.3184,1.1979
2022-03-25,1.6505,1.3192,1.2009
2022-03-28,1.6452,1.3089,1.1929
2022-03-29,1.6446,1.3136,1.1835
2022-03-30,1.6398,1.3173,1.1801
2022-03-31,1.6439,1.3162,1.1835
2022-04-01,1.6389,1.3109,1.1876
2022-04-04,1.6378,1.3116,1.1928
2022-04-05,1.6335,1.3114,1.2001
2022-04-06,1.6365,1.3094,1.1992
2022-04-07,1.644,1.3066,1.1976
2022-04-08,1.6389,1.3007,1.1964
2022-04-11,1.6456,1.3041,1.1971
2022-04-12,1.6445,1.3038,1.1989
2022-04-13,1.6468,1.3038,1.2019
2022-04-14,1.646,1.3048,1.2106
2022-04-19,1.64,1.299,1.2043
2022-04-20,1.6297,1.3048,1.2009
2022-04-21,1.6294,1.3031,1.2018
2022-04-22,1.633,1.2843,1.1916
2022-04-25,1.6241,1.2717,1.1876
2022-04-26,1.6169,1.2621,1.185
2022-04-27,1.607,1.2503,1.1891
2022-04-28,1.5969,1.2439,1.1829
2022-04-29,1.6047,1.2556,1.1904
2022-05-03,1.6082,1.2514,1.1872
2022-05-04,1.6042,1.2499,1.1851
2022-05-05,1.5859,1.2374,1.1747
2022-05-06,1.5906,1.235,1.1671
2022-05-09,1.5966,1.2306,1.1688
2022-05-10,1.6024,1.2313,1.1679
2022-05-11,1.5972,1.234,1.17
2022-05-12,1.592,1.2228,1.1743
2022-05-13,1.5822,1.222,1.1757
2022-05-16,1.5814,1.225,1.1775
2022-05-17,1.6019,1.247,1.1837
2022-05-18,1.5906,1.2413,1.181
2022-05-19,1.6008,1.2489,1.1795
2022-05-20,1.5991,1.2466,1.1808
2022-05-23,1.607,1.2571,1.1783
2022-05-24,1.6103,1.2525,1.1676
2022-05-25,1.6096,1.2545,1.1748
2022-05-26,1.609,1.2573,1.1731
2022-05-27,1.6094,1.2615,1.1778
2022-05-30,1.6007,1.2648,1.1732
2022-05-31,1.5938,1.2601,1.1763
2022-06-01,1.5801,1.2496,1.1715
2022-06-06,1.5754,1.2557,1.1716
2022-06-07,1.5787,1.258,1.175
2022-06-08,1.573,1.2549,1.1694
2022-06-09,1.5841,1.254,1.1777
2022-06-10,1.5787,1.2342,1.172
2022-06-13,1.5614,1.2131,1.1641
2022-06-14,1.5496,1.2001,1.1528
2022-06-15,1.5615,1.2066,1.159
2022-06-16,1.5903,1.2274,1.1695
2022-06-17,1.5924,1.2182,1.1648
2022-06-20,1.5929,1.2255,1.163
2022-06-21,1.5867,1.2282,1.1624
2022-06-22,1.5857,1.2254,1.1648
2022-06-23,1.5869,1.2242,1.1575
2022-06-24,1.5871,1.2288,1.1654
2022-06-27,1.5844,1.2303,1.161
2022-06-28,1.5715,1.2201,1.1602
2022-06-29,1.5608,1.2121,1.1568
2022-06-30,1.5661,1.2143,1.1618
2022-07-01,1.5507,1.2005,1.1549
2022-07-04,1.5612,1.2117,1.1625
2022-07-05,1.555,1.1916,1.1634
2022-07-06,1.5574,1.1912,1.1685
2022-07-07,1.5576,1.2001,1.1798
2022-07-08,1.5565,1.2025,1.1821
2022-07-11,1.5442,1.1885,1.1785
2022-07-12,1.5473,1.1888,1.1829
2022-07-13,1.5492,1.1954,1.1822
2022-07-14,1.5508,1.1785,1.179
2022-07-15,1.5439,1.1855,1.176
2022-07-18,1.5516,1.2026,1.1796
2022-07-19,1.5506,1.2027,1.1738
2022-07-20,1.544,1.1998,1.1748
2022-07-21,1.5401,1.1947,1.1723
2022-07-22,1.5457,1.204,1.1769
2022-07-25,1.5491,1.2045,1.1788
2022-07-26,1.5509,1.2044,1.1888
2022-07-27,1.5513,1.2031,1.1887
2022-07-28,1.5573,1.2114,1.1959
2022-07-29,1.5583,1.2162,1.1928
2022-08-01,1.5743,1.2283,1.1957
2022-08-02,1.5718,1.2218,1.1978
2022-08-03,1.5603,1.2112,1.1957
2022-08-04,1.5569,1.2111,1.1861
2022-08-05,1.5586,1.206,1.1864
2022-08-08,1.5567,1.2119,1.1862
2022-08-09,1.5566,1.2088,1.1824
2022-08-10,1.5642,1.2259,1.1838
2022-08-11,1.5582,1.2226,1.1818
2022-08-12,1.5509,1.2118,1.1826
2022-08-15,1.5598,1.208,1.185
2022-08-16,1.5569,1.2095,1.1882
2022-08-17,1.5564,1.2044,1.1852
2022-08-18,1.5513,1.2003,1.185
2022-08-19,1.5352,1.1805,1.1756
2022-08-22,1.5379,1.179,1.1829
2022-08-23,1.5355,1.1852,1.1869
2022-08-24,1.5336,1.1818,1.183
2022-08-25,1.5287,1.1826,1.1849
2022-08-26,1.5317,1.1792,1.1774
2022-08-30,1.5233,1.1631,1.1644
2022-08-31,1.5242,1.1638,1.1574
2022-09-01,1.5187,1.1526,1.16
2022-09-02,1.5153,1.1584,1.1554
2022-09-05,1.5118,1.1507,1.16
2022-09-06,1.5136,1.1529,1.1641
2022-09-07,1.5119,1.1467,1.1526
2022-09-08,1.5084,1.1491,1.1541
2022-09-09,1.5111,1.1583,1.1535
2022-09-12,1.5196,1.1704,1.1554
2022-09-13,1.513,1.1541,1.1524
2022-09-14,1.5221,1.158,1.1581
2022-09-15,1.5171,1.149,1.1495
2022-09-16,1.518,1.1431,1.1396
2022-09-20,1.5229,1.1415,1.1422
2022-09-21,1.5182,1.1333,1.1472
2022-09-22,1.5198,1.1265,1.1476
2022-09-23,1.4798,1.0897,1.1228
2022-09-26,1.4763,1.0787,1.1182
2022-09-27,1.4788,1.0774,1.1197
2022-09-28,1.4707,1.0745,1.1159
2022-09-29,1.5134,1.1034,1.1298
2022-09-30,1.5352,1.117,1.1404
2022-10-03,1.5414,1.128,1.1494
2022-10-04,1.55,1.1404,1.1453
2022-10-05,1.5391,1.1245,1.141
2022-10-06,1.5365,1.1199,1.1379
2022-10-07,1.522,1.1117,1.1367
2022-10-10,1.5195,1.1048,1.1386
2022-10-11,1.5327,1.1083,1.1416
2022-10-12,1.5262,1.1072,1.1413
2022-10-13,1.5597,1.1237,1.1567
2022-10-14,1.5611,1.1251,1.1537
2022-10-17,1.5701,1.1434,1.1648
2022-10-18,1.5568,1.1322,1.1494
2022-10-19,1.5513,1.126,1.1503
2022-10-20,1.5475,1.1319,1.1502
2022-10-21,1.5362,1.1126,1.1412
2022-10-24,1.5507,1.1314,1.1446
2022-10-25,1.5607,1.1458,1.1507
2022-10-26,1.5731,1.16,1.1545
2022-10-27,1.5655,1.1581,1.1583
2022-10-28,1.5779,1.1592,1.165
2022-10-31,1.5705,1.1514,1.1648
2022-11-01,1.5629,1.146,1.161
2022-11-02,1.5621,1.1463,1.1611
2022-11-03,1.535,1.1179,1.1457
2022-11-04,1.5256,1.1277,1.1398
2022-11-07,1.5469,1.1466,1.1464
2022-11-08,1.552,1.1564,1.1487
2022-11-09,1.5337,1.1374,1.1346
2022-11-10,1.5576,1.1678,1.147
2022-11-11,1.5618,1.1774,1.1403
2022-11-14,1.5567,1.1729,1.1355
2022-11-15,1.5794,1.1895,1.1472
2022-11-16,1.5818,1.1889,1.1427
2022-11-17,1.5725,1.1778,1.1402
2022-11-18,1.597,1.1927,1.1511
2022-11-21,1.5892,1.1786,1.1509
2022-11-22,1.5914,1.188,1.1552
2022-11-23,1.6143,1.2065,1.1627
2022-11-24,1.6185,1.2142,1.1664
2022-11-25,1.6176,1.2095,1.1622
2022-11-28,1.6173,1.204,1.1577
2022-11-29,1.6291,1.2002,1.1586
2022-11-30,1.6149,1.1912,1.1566
2022-12-01,1.6473,1.2267,1.1697
2022-12-02,1.6465,1.2216,1.1663
2022-12-05,1.6514,1.2218,1.1604
2022-12-06,1.6682,1.2223,1.1641
2022-12-07,1.6595,1.2198,1.1612
2022-12-08,1.6612,1.2219,1.1589
2022-12-09,1.6763,1.2295,1.1664
2022-12-12,1.6756,1.2253,1.1643
2022-12-13,1.6784,1.2395,1.1651
2022-12-14,1.682,1.2404,1.1651
2022-12-15,1.664,1.222,1.1474
2022-12-16,1.6636,1.2153,1.1447
2022-12-19,1.6605,1.213,1.1465
2022-12-20,1.6519,1.2139,1.1409
2022-12-21,1.6483,1.2109,1.1406
2022-12-22,1.6426,1.203,1.1347
2022-12-23,1.6426,1.207,1.1373
2022-12-28,1.6356,1.2037,1.1337
2022-12-29,1.6357,1.2055,1.13
2022-12-30,1.6283,1.2039,1.1277
,,1.2008,1.1376
,,1.2041,1.1359
,,1.1879,1.1294
